{"type":"FeatureCollection","name":"tulare_lake_bed_wbd","provenance":{"source":"Watershed Boundary Dataset union (National Map WBD service)","layer":4,"field":"huc8","units":[{"code":"18030012","name":"Tulare Lake Bed","areasqkm":9808.23,"loaddate":"2024-08-16","tnmid":"{86AD0A19-0A69-4AFB-80B8-A5CC488E750D}"}],"version":{"loaddate_max":"2024-08-16","tnmids":["{86AD0A19-0A69-4AFB-80B8-A5CC488E750D}"]},"outlet":{"drains_to":[],"closed_basin_units":["180300122401","180300122402","180300122403","180300122404"],"no_outlet":true,"member_huc12_count":102},"requests":["https://hydro.nationalmap.gov/arcgis/rest/services/wbd/MapServer/4/query?where=huc8+IN+%28%2718030012%27%29&outFields=huc8%2Cname%2Careasqkm%2Cloaddate%2Ctnmid&returnGeometry=true&outSR=4326&f=geojson","https://hydro.nationalmap.gov/arcgis/rest/services/wbd/MapServer/6/query?where=huc12+LIKE+%2718030012%25%27&outFields=huc12%2Ctohuc%2Chutype&returnGeometry=false&f=json"],"date":"2026-09-06T18:06:42Z","geometry_sha256":"745d492d2e2d1e5f62e461dd51e803aa20d60e20cd4b23025353e6bf52d3b615","geometry_type":"Polygon","area_km2":9808.2,"area_projection":"ESRI:102008"},"features":[{"type":"Feature","properties":{"name":"tulare_lake_bed_wbd","area_km2":9808.2},"geometry":{"type":"Polygon","coordinates":[[[-119.38357508551437,36.91334697197947],[-119.38433023090175,36.91351752512151],[-119.38464964037577,36.91357222710655],[-119.38524760933451,36.91353037733705],[-119.38556289554138,36.91345294295694],[-119.38572403084547,36.91333301507465],[-119.38609579143926,36.913242198168035],[-119.38640628064249,36.91325165457157],[-119.38670212281502,36.913272016073236],[-119.3868214514241,36.913298431646226],[-119.38693990327747,36.913324651847844],[-119.38708371277467,36.91327228325997],[-119.38720787342166,36.91310555422731],[-119.38743079125773,36.91280619391805],[-119.38785665917771,36.9124673393815],[-119.38813337082797,36.912294182378155],[-119.38848438393197,36.91204383840555],[-119.38865568996172,36.91193776850576],[-119.38874644136497,36.91188158214767],[-119.38915176571274,36.911678282799905],[-119.38958263814717,36.91153250912349],[-119.38973883900542,36.911541921925064],[-119.38996315282344,36.91155543814591],[-119.39026701066324,36.91140579783283],[-119.39057139850907,36.91124482159908],[-119.3909815279453,36.91093952470178],[-119.3911890729119,36.910722574315926],[-119.39130858028572,36.91059765088838],[-119.39165957722007,36.910347298474676],[-119.3921854878183,36.91028384921417],[-119.39267783106935,36.910332864806875],[-119.39306101194535,36.910299118959855],[-119.39333609674661,36.910159944297966],[-119.39355099352548,36.910098381787115],[-119.39396430928602,36.910055897312056],[-119.39424945971005,36.90997207393961],[-119.39441676194855,36.90982682637234],[-119.394883004649,36.90942387294711],[-119.3951743318889,36.90923978755854],[-119.39540173321656,36.90921265157949],[-119.39574043311295,36.909222941689876],[-119.3968747753481,36.909143904039304],[-119.3974153239939,36.90906952509423],[-119.39792764398024,36.9089942877269],[-119.39860824536869,36.90894685293707],[-119.39896212769173,36.90893489493215],[-119.39920257345564,36.90893084380558],[-119.39946857718766,36.90898431219424],[-119.39984481767982,36.90909787286809],[-119.40020481393665,36.90925633318176],[-119.40092882281797,36.90918750307839],[-119.40169410299843,36.90914262046782],[-119.40210656535946,36.909087037563765],[-119.40236566823346,36.90905137191155],[-119.40305078724954,36.9088432841114],[-119.40350401156486,36.90871149150177],[-119.40358094508244,36.908689120451875],[-119.40387784097877,36.908686768061436],[-119.40433725109317,36.90875937536699],[-119.40454706161094,36.908792535055326],[-119.40467746375252,36.908813144119385],[-119.4048026691402,36.90886498567396],[-119.40512108058591,36.90899682255204],[-119.40530347901279,36.909025043934996],[-119.4054143221357,36.90903834942631],[-119.4056829228972,36.909070590308744],[-119.40600858015401,36.909057754580544],[-119.40662900609657,36.90908789734898],[-119.40702203520304,36.909145196230156],[-119.40728804612162,36.90919864722985],[-119.40766323917812,36.9093348470889],[-119.40799715554566,36.90944709709818],[-119.4082412835039,36.909406458959275],[-119.40859271881608,36.90934439950818],[-119.40862559985044,36.9093303542407],[-119.40886267693202,36.90922907510066],[-119.40915570378444,36.90912243456148],[-119.40936928093817,36.90902655879585],[-119.40946739223855,36.90897978772093],[-119.40965005656675,36.90889270143289],[-119.40991885585595,36.90874078251908],[-119.41017482989784,36.908543348964365],[-119.4102982772825,36.908361031318144],[-119.41033822176992,36.90830202303424],[-119.410369523566,36.90820984472135],[-119.41042043109316,36.908016575176575],[-119.41041409976704,36.907815310515055],[-119.4104524659145,36.90758567832152],[-119.41045954194398,36.907448224063],[-119.41054549185206,36.90728170138192],[-119.41067528044428,36.90705937056405],[-119.41088596412453,36.9068720104672],[-119.41112880839022,36.90661991255277],[-119.41129305995003,36.90640603142626],[-119.41132464651206,36.90632300280346],[-119.41132912281711,36.90610321560598],[-119.41133561224673,36.90594746468423],[-119.41141017151699,36.90578117074298],[-119.41148329078787,36.90556914267673],[-119.41155813482408,36.90541199856446],[-119.41165604849509,36.90526354363876],[-119.4117548245488,36.905142535456896],[-119.41181034222998,36.90509563701291],[-119.41197949140472,36.90503727556595],[-119.41231835299789,36.904938849649966],[-119.41239241100821,36.90489699011572],[-119.41251994123586,36.90482490566534],[-119.41279017064298,36.90471872013422],[-119.41302737259039,36.90464982056933],[-119.41319161606538,36.904435934638215],[-119.41326905084284,36.90436112800797],[-119.41311836653877,36.904281804453966],[-119.41285211936327,36.90408824624607],[-119.41262839753504,36.9039255945058],[-119.41225752986661,36.90373173800401],[-119.41196784744201,36.903582004045624],[-119.4117915063551,36.90341165352908],[-119.41167298173819,36.90326759668781],[-119.41165496602517,36.903057414954006],[-119.41161589290358,36.902902587348734],[-119.41155173792095,36.90267503721416],[-119.4114735943727,36.90236538301099],[-119.41149004342385,36.9021636566287],[-119.41150446857068,36.901897888740756],[-119.41159950403953,36.90165795263613],[-119.41169712575808,36.90150035221498],[-119.41172717889593,36.90146393880013],[-119.41185083558804,36.90131414292294],[-119.41196979948111,36.901110337705454],[-119.41195552974283,36.901019086007544],[-119.41186007835401,36.900883711784836],[-119.41178741093572,36.900747876133686],[-119.41169494914017,36.900633776471],[-119.41157907455336,36.9002852439138],[-119.41151434464891,36.900039394875506],[-119.41146330866269,36.899866501321554],[-119.411445872363,36.8996746172141],[-119.41142843067347,36.89948273693438],[-119.41141185585813,36.899318297397805],[-119.41140552004045,36.899117032778925],[-119.41138894792009,36.898952598201355],[-119.41144503423484,36.89892399307013],[-119.41158258876273,36.89894866148536],[-119.4116371533314,36.89896591406985],[-119.41188191100868,36.89904328054155],[-119.41215413737066,36.89900113113998],[-119.41225434623725,36.898925861574085],[-119.41242002072846,36.89875772405083],[-119.41263212015359,36.89861610020383],[-119.41279807851242,36.89845710845711],[-119.4129868190452,36.89829765086566],[-119.41312942210497,36.89812082810109],[-119.41327144575139,36.89792570110905],[-119.41330983884832,36.897774750299284],[-119.41333229852707,36.89768645725613],[-119.41333677034054,36.89746666314074],[-119.41333835946028,36.89715539440061],[-119.41333087020575,36.89691753535937],[-119.41330174323097,36.89671673855289],[-119.41330534906854,36.89646950012299],[-119.41336793020281,36.896285147842],[-119.41345386753444,36.89611862378687],[-119.41350591682033,36.895961948010005],[-119.41360410627414,36.89582263440471],[-119.41375549845067,36.89556324044368],[-119.41384143129075,36.895396722715944],[-119.41397118844196,36.89517438169308],[-119.41410868547766,36.89502697800758],[-119.41413656828576,36.89499708903229],[-119.4143492282596,36.89487376419764],[-119.41459635030269,36.894758891355295],[-119.41481016371337,36.894672154511056],[-119.41500177256684,36.89460417766527],[-119.4151592157951,36.89453689547145],[-119.41533683967624,36.89438682018102],[-119.41557199076982,36.894253879705346],[-119.41596688927042,36.89412684085348],[-119.416203766926,36.89404878473877],[-119.4165198023278,36.8939508137811],[-119.41680137027045,36.89384438968731],[-119.41701431680686,36.89373020570501],[-119.4173251482682,36.893467561637806],[-119.41738342826889,36.89341831680736],[-119.41760267648705,36.89323305983417],[-119.41778792886156,36.89296381666634],[-119.41800850478968,36.89273046784391],[-119.41826209649943,36.892459836314195],[-119.41842080725058,36.892072129223536],[-119.41855026795776,36.891840639886645],[-119.41864526120578,36.891600693715084],[-119.41864150984115,36.89148176748609],[-119.41858815350653,36.89123569251427],[-119.41855555813648,36.89092511538004],[-119.41856145916957,36.89075106242575],[-119.41855395374536,36.89051320641664],[-119.41861246730802,36.8902007763054],[-119.41866334968235,36.89000749850578],[-119.41872706808377,36.88985973638693],[-119.4189228307471,36.889562816746384],[-119.41904262468351,36.88938644577939],[-119.41937130387292,36.88896781654102],[-119.41956908235575,36.88873493328899],[-119.41983317537121,36.888436616145135],[-119.42002720069277,36.88808480478087],[-119.4201224742152,36.88785401034001],[-119.4201941094692,36.88759623319425],[-119.4202569511149,36.8874210237889],[-119.42026342976474,36.887265270661004],[-119.4202596712136,36.88714634342582],[-119.4201482181346,36.886864835676775],[-119.4200524855731,36.886720317223315],[-119.41987559022564,36.88653168502746],[-119.41975650056843,36.88636933499927],[-119.41965470437874,36.886032707519895],[-119.41958591678421,36.88565878605577],[-119.41956528427875,36.88536627464082],[-119.41946291137066,36.88501134516478],[-119.41940926847347,36.88475612207348],[-119.41927273533007,36.88440189103251],[-119.41908776143326,36.88395710117739],[-119.41901163280619,36.88371149270169],[-119.41900759128575,36.883583413846274],[-119.41906898754216,36.88336246612468],[-119.41909911254523,36.88323369114992],[-119.41909333817456,36.88305072599665],[-119.4190721343406,36.88273991509406],[-119.41901820038926,36.88247554394123],[-119.41895491317916,36.88227544205072],[-119.41886970887278,36.88210324691468],[-119.41871387003559,36.88185925709416],[-119.41854750743488,36.881642946881804],[-119.41845178475482,36.88149842932257],[-119.41843635708815,36.88137058315619],[-119.41841573176922,36.88107807183987],[-119.41838746987207,36.880904715703295],[-119.4183519954015,36.88050265432987],[-119.4183003853918,36.88031146668387],[-119.41826866048922,36.880028333508854],[-119.41823491347895,36.879681162664674],[-119.41819296035854,36.87943485277117],[-119.41818632450355,36.87922443941738],[-119.41821470946988,36.87904078130125],[-119.41822349678999,36.87891912363402],[-119.41840901057427,36.87869811786517],[-119.41859335565037,36.87862685514568],[-119.41867747928345,36.8786209944877],[-119.41901119532668,36.878597743709555],[-119.41946341891878,36.878574804784],[-119.41976234590598,36.878568715616545],[-119.41999207297192,36.87853657178897],[-119.42025240384295,36.8784912112656],[-119.42034904729616,36.878474374417806],[-119.42070515384782,36.878384728973096],[-119.42106764113295,36.878226296533185],[-119.42144741380079,36.87807437693149],[-119.42164827440338,36.87793983077368],[-119.4217722607772,36.87780685806436],[-119.4218898798923,36.87774267107381],[-119.42204382597915,36.87774639618429],[-119.42224880266237,36.877742213339374],[-119.42243668889729,36.877738384034856],[-119.42250932128128,36.87772467140086],[-119.42264057772071,36.877699899837076],[-119.42288429425058,36.87757105638957],[-119.42305061373214,36.877423773209],[-119.4232290568768,36.877242580532865],[-119.42325761881126,36.87721357994952],[-119.42349704678394,36.87694780279375],[-119.42370231991121,36.876682722462526],[-119.42392596358603,36.87645845356979],[-119.42426939670568,36.876238611986075],[-119.42461586343605,36.87611482281767],[-119.4248417142715,36.87609533670881],[-119.42501281099378,36.876100999228655],[-119.42521835451393,36.87611511097376],[-119.42538713627773,36.876047583253474],[-119.42558892214505,36.875942769006784],[-119.42575943765732,36.87593012963202],[-119.42607885970776,36.87594191387829],[-119.42636266894702,36.875908652966025],[-119.42654311982638,36.87585004284293],[-119.42667687627723,36.875755768708366],[-119.42669577862743,36.87572671582142],[-119.42678553290072,36.875588773023544],[-119.4268523989989,36.87547413632626],[-119.42690441594543,36.87538495301314],[-119.4271243370017,36.87513329507395],[-119.42719034520879,36.87505871842113],[-119.42741141790526,36.874843650099336],[-119.4274996216864,36.874750305318116],[-119.42782636410804,36.87463378029863],[-119.42800536600483,36.874529424739926],[-119.42826205330904,36.874359401024755],[-119.42855665670479,36.87430760789182],[-119.42879433386098,36.874256975999515],[-119.4290302673872,36.87415145361837],[-119.42925627003795,36.87409191010614],[-119.42938007405378,36.87404360565911],[-119.42938856043826,36.87395188899832],[-119.42946421205994,36.87382218407584],[-119.42963828130746,36.873562305750006],[-119.42973757029918,36.873459580710495],[-119.42983512464411,36.87330196446719],[-119.42997822087898,36.87314341656487],[-119.4301449598738,36.87301184616174],[-119.43023344482759,36.87292764722241],[-119.43025186837578,36.87278995663717],[-119.43046734636465,36.87275808920409],[-119.43069814961228,36.87271560190762],[-119.43096289031304,36.87271018490679],[-119.43121908623881,36.87270494037575],[-119.43151537756897,36.87261648970298],[-119.43176346530097,36.872625141967376],[-119.43203652440127,36.87261268241891],[-119.43230806534874,36.87255219702407],[-119.43249838871301,36.872356068303304],[-119.43260483548092,36.87220970856742],[-119.43261930374689,36.87212702649318],[-119.43269686428853,36.871878273316625],[-119.43275337640475,36.87177413461415],[-119.43280069965391,36.87164957861224],[-119.43285590292473,36.87150427104475],[-119.43293694623475,36.87136529728017],[-119.43300945195625,36.871226497892245],[-119.43311654730779,36.87110072505702],[-119.4332400737442,36.87095401796761],[-119.43333667138332,36.87076666697433],[-119.43341858516082,36.870655139803794],[-119.4335329110521,36.87048802301455],[-119.43364789990005,36.870341486505374],[-119.4337471134333,36.870248136222344],[-119.43377097538217,36.87022568203323],[-119.43389274022232,36.87011333840493],[-119.43399463343002,36.870092940953654],[-119.43413097702891,36.87008099554591],[-119.4344725614157,36.87007399157783],[-119.43493997731592,36.870082721744375],[-119.43524740506065,36.87007641846071],[-119.43552067436671,36.87007081657951],[-119.43586342117348,36.87010040413756],[-119.43612762647831,36.870168219544944],[-119.43630074171504,36.87023790122362],[-119.43646277174113,36.870316963355314],[-119.43653214054571,36.870331825000385],[-119.43665778341291,36.870358738368566],[-119.4368986397069,36.87040872246891],[-119.43710534025715,36.870459405061325],[-119.43733306138502,36.870454733137464],[-119.43762224434636,36.87036566757124],[-119.43796690905624,36.87032272188382],[-119.43811463700472,36.87031053073428],[-119.4383660062825,36.870332836138296],[-119.43853396339281,36.87039193198875],[-119.4387347296723,36.87046257716891],[-119.4389980672046,36.87050294427399],[-119.43919337891364,36.87055385389603],[-119.43939832595247,36.87054964694196],[-119.43962575961947,36.87053582378309],[-119.44004268930239,36.87038994636547],[-119.44042661218683,36.870281362229775],[-119.44066310266854,36.87019411536319],[-119.44085142548471,36.87002547330654],[-119.44104763820401,36.86974681586347],[-119.4412537773072,36.86942218494869],[-119.44138196240665,36.86915407737916],[-119.44142305044944,36.86877626076269],[-119.44143484353248,36.86866782309677],[-119.4414996893196,36.86819962657216],[-119.4416255423926,36.867858336030814],[-119.44168250815802,36.86776062324725],[-119.44180919127433,36.8675433179858],[-119.4420237987957,36.86712697225689],[-119.44209592542818,36.866887480246675],[-119.44214760999803,36.86672164381266],[-119.44218732900832,36.86653774505868],[-119.44223755561251,36.86632616496397],[-119.44227726743627,36.86614226597679],[-119.44229683184483,36.8660411688505],[-119.44223641205713,36.8659325598479],[-119.44204812697022,36.865744193965774],[-119.44184101499158,36.865486333561314],[-119.44169316397391,36.86533039986251],[-119.44151801225645,36.86519668434941],[-119.44149320438156,36.865133117778264],[-119.44168209403466,36.86501748867921],[-119.44184937830686,36.86486948127975],[-119.44192383606749,36.864703178340854],[-119.4418263464013,36.86450378955617],[-119.44173031110753,36.86435014148836],[-119.44164668693772,36.86417284984139],[-119.44163020015732,36.864068418902114],[-119.44177328381579,36.86389378366759],[-119.4418056635902,36.86385427049032],[-119.44203863177766,36.8636572418933],[-119.4422397843327,36.863534100738654],[-119.44235129939547,36.86345857412313],[-119.44256470497099,36.863362646028556],[-119.4426534558261,36.86328758640791],[-119.44278366572821,36.863083517242316],[-119.4428359315081,36.86293597901299],[-119.44287564512848,36.862752079772186],[-119.44292557079703,36.86253135065098],[-119.44305432812334,36.86228154061134],[-119.44315212860664,36.862133061459666],[-119.4431690708329,36.86194963392763],[-119.44317520902123,36.86178473190441],[-119.44322484992382,36.86155485486006],[-119.4433302483578,36.861287215608975],[-119.44342455169968,36.86102895779624],[-119.44348323953551,36.86072566728206],[-119.4434917313099,36.86027693667553],[-119.44350867173954,36.860093503969445],[-119.44345759532911,36.85992062776616],[-119.44339251238675,36.85966564857816],[-119.44340682793913,36.85939988296319],[-119.4434325341293,36.859133885704104],[-119.44350318842301,36.85884865145076],[-119.44353326491705,36.858719879708595],[-119.44363543480588,36.85870862109237],[-119.44381641658956,36.858668280818726],[-119.44392734774735,36.85857446058029],[-119.4439918665477,36.85845412661737],[-119.44403244973729,36.85829767112268],[-119.44409317405388,36.85805841522501],[-119.44417900089273,36.85789187248953],[-119.44426629108723,36.85777107456643],[-119.44429723625213,36.85766973995299],[-119.44432643329549,36.857513517171114],[-119.44435388401394,36.857302406603054],[-119.44446014303395,36.85706221246614],[-119.44452145035714,36.85684124984034],[-119.44475820224861,36.856406134542375],[-119.44487526350991,36.85614740740249],[-119.44503581940064,36.855823706318],[-119.4452115469382,36.855618700768225],[-119.44540186491261,36.85551408563003],[-119.4455577405807,36.85540102673977],[-119.44565757395148,36.85531658413],[-119.44571099316818,36.85520563747265],[-119.44574193294318,36.85510430377056],[-119.44588292622197,36.85488170310459],[-119.4460367582228,36.854704605848056],[-119.44626005604623,36.854562693275966],[-119.44635813770222,36.85442336092449],[-119.44616870456836,36.85419840779985],[-119.44601167815838,36.853917865440216],[-119.44599328605126,36.85387074145107],[-119.44588763339408,36.85360002252325],[-119.44588150688382,36.85340791144541],[-119.44587567681764,36.853224945292745],[-119.44593792288029,36.85303873111503],[-119.44595886889776,36.8529760737904],[-119.44601987708198,36.852745960357105],[-119.44604498768912,36.85246166332158],[-119.4459437125223,36.852143355024154],[-119.44593700390378,36.85193294844487],[-119.4459629903683,36.851676095232236],[-119.44610222294915,36.85139860293995],[-119.44632142984477,36.85112861636945],[-119.44664191819543,36.85081993055311],[-119.44706893955225,36.850637210516595],[-119.44752076159745,36.85051805372864],[-119.4477907520527,36.85041179194592],[-119.44800353150248,36.850297557399514],[-119.44824724174413,36.85008199022972],[-119.44844308974741,36.84979417749793],[-119.44854086597621,36.849645694932676],[-119.4485484531471,36.849526533723925],[-119.44843170809277,36.849437399195345],[-119.44827195080434,36.8493300490159],[-119.44818594879396,36.849231917893775],[-119.44810159519218,36.84908718806054],[-119.44793115064681,36.848742844741686],[-119.44778813076871,36.848544398426135],[-119.44768102194246,36.84840013885994],[-119.44757361038391,36.84824672726823],[-119.44739732768753,36.84807642940906],[-119.4472455546253,36.84796055237565],[-119.44717405411858,36.84786133258022],[-119.44726161290933,36.84774967852647],[-119.44740462829581,36.84759111138913],[-119.44748956759919,36.847397124072145],[-119.44749744402762,36.84728710979023],[-119.44747497536572,36.846939716832864],[-119.44744083040176,36.846583405415714],[-119.44737896252985,36.846072050287965],[-119.44737137895221,36.84583419172358],[-119.44733081372894,36.84563363728994],[-119.4472826586398,36.84555224273024],[-119.44708478044397,36.845419004456794],[-119.44698351605693,36.845100697029444],[-119.44689625101529,36.84486448313391],[-119.44676287814507,36.84461091234854],[-119.44671263537121,36.84455791431918],[-119.44660966238852,36.844449294914966],[-119.44641149942673,36.84430690824594],[-119.44614778011045,36.84412107780224],[-119.44610856236008,36.844093443487374],[-119.44615088289146,36.843991877229826],[-119.44632274228339,36.84395812578099],[-119.4464112164574,36.84394074574522],[-119.44677369835264,36.84387835989592],[-119.44710991350898,36.84370666051945],[-119.44737725303585,36.843518070915444],[-119.44755469276237,36.84336794641139],[-119.44773973313445,36.843098664044895],[-119.44784888203475,36.84294994633472],[-119.44799860244652,36.842644774591456],[-119.44814978351894,36.842385347385985],[-119.44834852948735,36.842189011832815],[-119.44850437101948,36.842075948332855],[-119.44865904743666,36.841926293324974],[-119.44881518541283,36.84182237980314],[-119.44902531752746,36.84162581059408],[-119.44918932564384,36.84141188830703],[-119.44930810268733,36.84120804542802],[-119.44933816121504,36.841079270568756],[-119.44934516807426,36.840941808728125],[-119.44929379791473,36.840759786886224],[-119.44919749312638,36.840596995212344],[-119.44915975939288,36.84042315468569],[-119.44914408379118,36.84035093675525],[-119.44915108795547,36.840213476481175],[-119.44923343831417,36.84004239290974],[-119.44925789494779,36.83999157655287],[-119.44938659298528,36.83974176186515],[-119.44954739681103,36.83942720235835],[-119.44966324804165,36.83913187756006],[-119.44974758457546,36.83891959395858],[-119.44985467902869,36.838706844610165],[-119.44993843614917,36.838476258298385],[-119.44998541983514,36.83816405318265],[-119.44998979193562,36.83794426031005],[-119.45001751125037,36.83774229400624],[-119.4499427992665,36.837542443777025],[-119.44992499375925,36.83734141896663],[-119.4500137113767,36.837266358237834],[-119.45012722878421,36.83725486064337],[-119.45036691367507,36.83721177700204],[-119.45057586181012,36.83709761763719],[-119.45082721491823,36.83688494086857],[-119.45098790735287,36.83668633867851],[-119.4510711632134,36.83644050993142],[-119.45115676188018,36.83626786422912],[-119.45130500276669,36.83621446138994],[-119.45161198674369,36.83584195834813],[-119.4518197491026,36.835572198683934],[-119.45205435312218,36.83507303212327],[-119.45238175400895,36.83462687228664],[-119.45271002266827,36.83420816296461],[-119.4529732263516,36.833891486998155],[-119.45305608246183,36.83363346017755],[-119.45312844624955,36.83340311093811],[-119.45322709474247,36.83313378198065],[-119.4533479846235,36.83284756490939],[-119.45342342514108,36.83259214814354],[-119.45345791056653,36.832218120423896],[-119.45347526691609,36.83188923750282],[-119.4534983293644,36.83144824678095],[-119.45340644608386,36.83118882186088],[-119.45324958855716,36.83093073774984],[-119.45305943587276,36.8306351824148],[-119.45273523478505,36.83036288564776],[-119.45245743796995,36.83022215239566],[-119.45196253901193,36.830058436633685],[-119.45154730624661,36.8298930761035],[-119.45113353863344,36.82977345557249],[-119.45091176974265,36.82960409733258],[-119.45064331450818,36.829399089787856],[-119.45052513574268,36.82926421345447],[-119.45039557262756,36.82912956913182],[-119.45030978261963,36.82893910428526],[-119.4502706960233,36.828800557167824],[-119.45025842683313,36.82875707904551],[-119.45019452068382,36.828538695067685],[-119.45020094004484,36.82838293838113],[-119.45022603088904,36.828098644238494],[-119.45024594474226,36.82791080350433],[-119.45025229313639,36.827850942817285],[-119.45024586838547,36.82764968041793],[-119.45027416801187,36.82746601267379],[-119.4504658747817,36.827407136739666],[-119.45055199447135,36.827356403308],[-119.45062421363029,36.827313851223856],[-119.45083313481594,36.827199697220955],[-119.45122023144829,36.82695980327556],[-119.45144354364476,36.82682093978402],[-119.45154507752638,36.82667237090648],[-119.45184968635775,36.826226686272086],[-119.45199479392053,36.82601619903263],[-119.45215351814639,36.82575660684615],[-119.45225154770009,36.82549826927461],[-119.45227409900698,36.82525369243176],[-119.45222390833544,36.82510825710913],[-119.45220484608511,36.82498659627367],[-119.45227603307983,36.8248386623738],[-119.45233165945716,36.824678838963436],[-119.45241646131826,36.82448180143977],[-119.45240317164198,36.82443054689295],[-119.45238183126406,36.82434825464691],[-119.45227017696247,36.82417968186025],[-119.45217524479986,36.824059582835304],[-119.45197294689284,36.82390508405794],[-119.45168077613488,36.82378905822288],[-119.45147964513939,36.82367114892345],[-119.45133686870479,36.82347880804956],[-119.45120614945789,36.82318857037255],[-119.45102640555268,36.82278949518488],[-119.45081633003193,36.82239103993656],[-119.45045608763667,36.82204450612021],[-119.45008106705669,36.821710479571905],[-119.44979825225242,36.821411169392945],[-119.44954422306314,36.82106244432188],[-119.44929292026072,36.8207991038485],[-119.44893424722228,36.820501357060294],[-119.44839235290017,36.82017076332646],[-119.44788003381215,36.819815150595595],[-119.4474921942731,36.819554615453896],[-119.44722612226909,36.819303777584594],[-119.44695810720913,36.81899195087091],[-119.44685930690093,36.818749872356506],[-119.44671421910107,36.81848433703451],[-119.44660335711352,36.81834014733641],[-119.44631122318651,36.81822410659191],[-119.44603114644724,36.81801017135716],[-119.44579115523086,36.81762453081738],[-119.44559939635874,36.817323339192676],[-119.44548970128277,36.817215745451996],[-119.44525864560853,36.81711064916284],[-119.44496767589811,36.817031196157416],[-119.44482958777097,36.8169852108644],[-119.44462770398725,36.81684289604541],[-119.44430290731651,36.81665428767279],[-119.44419244328265,36.81652229929103],[-119.44412632278618,36.816352779397455],[-119.44393651505484,36.81611257313372],[-119.44370235929458,36.815909891163415],[-119.44354366561141,36.81569345324969],[-119.44352345351751,36.81553519218028],[-119.44356314647665,36.81535129327394],[-119.4436522333017,36.815288438224805],[-119.44380005826824,36.81516333926352],[-119.44391599124555,36.81499007452716],[-119.44403153615065,36.81480461586946],[-119.44394908518062,36.81459881570156],[-119.44383784949392,36.814442430850356],[-119.44369898701898,36.81437205249291],[-119.44340997383925,36.814353583377326],[-119.4431209597612,36.81433511425735],[-119.4427844930766,36.81425659186045],[-119.44256900340962,36.814163376614886],[-119.44230761701813,36.814058893188765],[-119.44206372711344,36.81402728966075],[-119.4416370147771,36.813975029893214],[-119.44134529317677,36.81387117261486],[-119.44082290936431,36.81367440428693],[-119.44058915335435,36.813483915355654],[-119.44026321851813,36.813258699406504],[-119.44001545867118,36.8131051159243],[-119.43985910779429,36.8129618567901],[-119.43974671777248,36.81276887553331],[-119.43958030486608,36.812308478653414],[-119.43939832685078,36.811836189942674],[-119.43916697832577,36.811242863636004],[-119.43902548558368,36.81061107300948],[-119.43918035064708,36.81022952203781],[-119.43938420982609,36.80995681390835],[-119.43967907732653,36.8096822334016],[-119.43979539927437,36.80952117292793],[-119.4398059230379,36.80937449150573],[-119.43979934287844,36.809167132567744],[-119.43975970741148,36.80887500946963],[-119.43978385232968,36.80867922011512],[-119.4399441261494,36.80846843719934],[-119.44017948295722,36.80823169662802],[-119.43992863649898,36.80798053036351],[-119.43971007010214,36.807789723027774],[-119.43948918425525,36.80752573416823],[-119.43920530225242,36.80718980012377],[-119.43901436803372,36.8069129886673],[-119.43888643356422,36.80670811956662],[-119.43886585046614,36.80653766377608],[-119.4386733810266,36.806132722584366],[-119.43850538888196,36.80594087779598],[-119.43803876888907,36.80526693724383],[-119.43780030031714,36.8047673255574],[-119.4376463515353,36.80437990284965],[-119.43761426191675,36.80400625295349],[-119.43764181414481,36.80359883197954],[-119.43764295770016,36.80299666517071],[-119.43780124714145,36.80224480487506],[-119.43786564017765,36.80172271067206],[-119.43783613231717,36.801430377910215],[-119.43764276725733,36.801076311648934],[-119.43721869506957,36.80046658812955],[-119.43704401766257,36.800063313840575],[-119.4370119325356,36.79968966518178],[-119.4370602340501,36.79929809222916],[-119.43716868136613,36.798889016229246],[-119.43727518293127,36.79778018557433],[-119.43725352993967,36.79709711244246],[-119.43710589990756,36.79627015227388],[-119.43674677052495,36.795154592988915],[-119.43642333659848,36.79452652827041],[-119.43580649583225,36.79357898777996],[-119.43532181431227,36.79297049801438],[-119.43480236439753,36.79254173190437],[-119.43444212469724,36.792028337255196],[-119.43421122622819,36.79123291445341],[-119.43411454684237,36.79073581758947],[-119.43397581821641,36.78976220141179],[-119.43386199178845,36.78872298165451],[-119.4338386562523,36.787985691989185],[-119.43383679404471,36.78707437235763],[-119.43386532813143,36.78627092459161],[-119.43392287331018,36.78553197747212],[-119.4338538611368,36.785056011988154],[-119.43370122209868,36.784494963026006],[-119.43338819964636,36.78398059282948],[-119.4329956834779,36.783511249010175],[-119.43282775601195,36.7833193972036],[-119.43281609587956,36.78295074992448],[-119.4329545298581,36.78221015124759],[-119.43299404584913,36.78175366377687],[-119.43302806864222,36.781123692644066],[-119.43306484117838,36.78058046692006],[-119.43330424309988,36.77962080952806],[-119.43352902673682,36.77905203213514],[-119.43383331127637,36.77843822853013],[-119.43406632348129,36.77812967755577],[-119.43449370955412,36.77714446725295],[-119.43469084035165,36.776554555458695],[-119.43473102828251,36.77611975126501],[-119.4346972085087,36.775903455608436],[-119.43450528165161,36.775698528752805],[-119.43443999569001,36.77555339936103],[-119.43451726607582,36.77543789819242],[-119.4347972197459,36.775334521113514],[-119.43483456630553,36.775236106574724],[-119.4348201546334,36.774780725243495],[-119.43491815274609,36.77468107237297],[-119.43503430670896,36.774515952000236],[-119.43504680317288,36.77427157854926],[-119.43503084729679,36.773767401321926],[-119.43503459506817,36.77324655216359],[-119.43518397412012,36.77285290627404],[-119.43581868327568,36.771814625079514],[-119.43665244921675,36.77067461661458],[-119.43742451077928,36.769503320460935],[-119.43811940526224,36.76877029087909],[-119.43859083753009,36.76832664030781],[-119.43940371494585,36.76759390027516],[-119.44002516137458,36.76677828171688],[-119.44047937293841,36.765792504547385],[-119.4409936719133,36.76500078111621],[-119.44138117817741,36.76464790590844],[-119.44167007547448,36.76453741932879],[-119.44178450826524,36.764522740786454],[-119.44191274906026,36.76450629479948],[-119.44214623557565,36.764697543857785],[-119.44247754862548,36.76489985688565],[-119.44314727590746,36.76501679233598],[-119.44330843726271,36.76446455048906],[-119.44343878370873,36.76396523187996],[-119.44349045390557,36.76354593890151],[-119.44353880572574,36.76324711312829],[-119.44355834857471,36.76312631546774],[-119.4436811734269,36.762901607060556],[-119.44354633091285,36.76274754406753],[-119.44351848763066,36.762382167312886],[-119.4440684730785,36.762392974482],[-119.44481880349596,36.76240771748192],[-119.4452517142078,36.762228908580276],[-119.44634436293566,36.761853552607164],[-119.44746739448303,36.76141221894294],[-119.44805887401218,36.76111251405001],[-119.44835608701383,36.76075351160773],[-119.44856129725902,36.76056630954695],[-119.44879799974312,36.76043291973049],[-119.44919925831593,36.76011098430313],[-119.45001118351749,36.75976316110904],[-119.45063219695824,36.75954124963541],[-119.45142579203642,36.75929834844521],[-119.45163807741281,36.75918340502055],[-119.45236256779111,36.75879110401431],[-119.45309510976934,36.75799181547063],[-119.4536672638418,36.75759664033657],[-119.4542643776044,36.757305497319],[-119.4559702639559,36.75714829377959],[-119.45809069047165,36.75708705926267],[-119.45890476893496,36.756808832470675],[-119.46197054562482,36.75448000197404],[-119.46347424456205,36.75342072244075],[-119.4640973852134,36.75326840162739],[-119.46481564667356,36.75318153880475],[-119.46474842753746,36.75285991482537],[-119.46595197418544,36.75257357402597],[-119.46726204934805,36.75223273213166],[-119.46781913687654,36.75204690920776],[-119.46810262721388,36.7520114747273],[-119.46848777809532,36.75196332710838],[-119.46976571692696,36.751971645375754],[-119.47223222479582,36.75190297375835],[-119.47450396263973,36.75183829819439],[-119.47555988644213,36.75167691530499],[-119.47665663238598,36.751325887616545],[-119.47805554284534,36.75083204946207],[-119.47927683481345,36.75020249004359],[-119.48107218079083,36.74946800412463],[-119.48334182735677,36.74900531291593],[-119.48616878692832,36.74870228090145],[-119.48644656128555,36.748677792897425],[-119.48927816245217,36.74842812004414],[-119.49215510967605,36.748333018736105],[-119.49336805899011,36.74834244516017],[-119.49384637953958,36.74840212110601],[-119.4944829562926,36.748589366528336],[-119.49478647636586,36.748678643690354],[-119.49605230231417,36.74898317727614],[-119.49699014796235,36.749190028977424],[-119.49803111751024,36.74923787098814],[-119.49885343172808,36.74922059468996],[-119.49943318195454,36.74906900188026],[-119.50022876500448,36.748895447294835],[-119.50057613005009,36.74892299649055],[-119.5013272959008,36.74871550993393],[-119.50205795231523,36.74854330847814],[-119.50270090531016,36.74833809328492],[-119.50365996108053,36.74786483077989],[-119.50436386656413,36.747536339919606],[-119.50487584519064,36.74729902022651],[-119.50517199818024,36.74708367187781],[-119.50531837146927,36.746923755312885],[-119.50553136561639,36.746814713771336],[-119.50600345365442,36.746682781411124],[-119.50642716292278,36.74639503767845],[-119.50710770502246,36.74601474474886],[-119.50785088305365,36.745563426031886],[-119.50863676429849,36.74509377289061],[-119.50923640053041,36.744889440337296],[-119.5096241861706,36.744828980647355],[-119.51009051421096,36.7451850833026],[-119.51048340857015,36.745281344547415],[-119.51114051272577,36.74551143700303],[-119.51208459897025,36.74590972137338],[-119.51264720215458,36.74589783935468],[-119.51337496240056,36.74563849747964],[-119.51432652442482,36.744938769310636],[-119.5156020692462,36.7442147540847],[-119.51630702306373,36.74392102790261],[-119.51696756058033,36.74359338324676],[-119.51783763552687,36.74305219081146],[-119.51830056793551,36.74264158869703],[-119.518550540333,36.74234005403602],[-119.5192013733496,36.74171636232029],[-119.51971269710425,36.741461567339115],[-119.52029404902692,36.741362115924666],[-119.52064138352982,36.741389608796425],[-119.52127228562522,36.74148079332117],[-119.52172267575584,36.741349262831],[-119.5221480064833,36.74111370278326],[-119.52260977018376,36.74066826102575],[-119.523191075394,36.73990661374237],[-119.52391558284032,36.73922034617558],[-119.52504898364101,36.73856895526562],[-119.52624082164759,36.73793954504251],[-119.52782050997304,36.736813955931865],[-119.52988065234673,36.73537608103421],[-119.53095701192353,36.73474908228626],[-119.5328607549113,36.73382564051113],[-119.53399475668493,36.73319738721067],[-119.53345033540192,36.732442246800964],[-119.53303656778881,36.732149008328044],[-119.53276932438166,36.73192235172367],[-119.5327320865182,36.73166756670991],[-119.53291187623748,36.73098993840499],[-119.53304449991279,36.729755679839656],[-119.53305792613301,36.72840778994875],[-119.53306442724073,36.72799740901401],[-119.53307670361738,36.72722242560029],[-119.53312736320952,36.72612931779877],[-119.5332782999402,36.7254523023069],[-119.53358260334439,36.7250508315736],[-119.53445307354963,36.724312018129915],[-119.53506928819012,36.72374125443125],[-119.53551779365532,36.72333670815159],[-119.53570670576629,36.72293769462983],[-119.53591910882196,36.72237553668813],[-119.53637810391467,36.72141313415718],[-119.53681817779261,36.72075317978702],[-119.53706476443979,36.72035293522787],[-119.5370942651137,36.71990817732164],[-119.53710334708123,36.71977124324971],[-119.5370597186028,36.71961020193059],[-119.5369719361316,36.71928612369509],[-119.5366340608886,36.71866599626517],[-119.53641383979502,36.718113058616176],[-119.53651545632164,36.71769266898432],[-119.53673471621786,36.717339476116166],[-119.5373008282217,36.71700211996081],[-119.53820995113702,36.71656450468949],[-119.538952906386,36.716339535353406],[-119.53949780557274,36.71623496680494],[-119.53974581604962,36.71629569456661],[-119.54010879561154,36.71638456498995],[-119.5413892245731,36.716705735498756],[-119.5422636105347,36.7169658685633],[-119.54284577094111,36.71711606875783],[-119.54310609372729,36.71713373752829],[-119.54336182252909,36.71701209605896],[-119.54360836246389,36.71661183704727],[-119.54379262399667,36.716073501136194],[-119.54421881441185,36.71499559957628],[-119.54467613234996,36.713986732709664],[-119.54534067635272,36.71313606836841],[-119.5461805310748,36.712351359408736],[-119.54666388039321,36.71213190116036],[-119.54680423496981,36.71201272543426],[-119.54688001505056,36.71168582029293],[-119.54681543696141,36.71147809050098],[-119.54646478228518,36.71134618526982],[-119.5461118306168,36.71114463050519],[-119.54537326273966,36.71062603874578],[-119.54522476852826,36.71030614197316],[-119.54503152923253,36.70988984618987],[-119.54484673949038,36.70866236665264],[-119.54470074888368,36.707736104983496],[-119.5446816003951,36.70715564908608],[-119.54467163897688,36.7068538144638],[-119.54514625038252,36.70549605569199],[-119.54551853559246,36.704535471236184],[-119.54629498093357,36.70270655632324],[-119.5468014492941,36.7014410525513],[-119.54703029151949,36.70050676893422],[-119.54722416143252,36.699387359065156],[-119.5474903969299,36.69882112067638],[-119.54783041375651,36.69797739891922],[-119.54856633519685,36.69667211842824],[-119.54960208822787,36.69527327660342],[-119.55091430766905,36.69372909491749],[-119.55130990146563,36.69323732238373],[-119.55164175709791,36.69282477198089],[-119.55204657659249,36.69197964677582],[-119.55236028984928,36.69099706447914],[-119.55272818229747,36.690344417451485],[-119.55314046499544,36.689725659218055],[-119.5532961627971,36.68919953792134],[-119.55386269880577,36.68735765965991],[-119.55437818176017,36.685935094141854],[-119.55473886343161,36.685393734561124],[-119.55495533136391,36.68506883125757],[-119.55537103035492,36.68455455520523],[-119.55580546011791,36.68395273880484],[-119.5561848258489,36.68364835218604],[-119.55665701539654,36.68353364921256],[-119.55708884363844,36.683506947523576],[-119.5573964258934,36.68299498433899],[-119.5576526757181,36.68224016235305],[-119.55767226438117,36.68152527379658],[-119.55911905863843,36.681441897339056],[-119.55936140883072,36.68142363826242],[-119.55944277373759,36.681417506756205],[-119.55952579064628,36.68131116816244],[-119.55949724218652,36.68110266755432],[-119.5594531124482,36.680934966272616],[-119.55932396974464,36.68044420913415],[-119.55875893032926,36.67906228276731],[-119.55817403006122,36.67773305959892],[-119.55813477458162,36.677527696252234],[-119.55807328040885,36.67741284294168],[-119.55765588629694,36.677003590218675],[-119.55726963228433,36.676663376157556],[-119.55690990013217,36.676252881680654],[-119.55654731582898,36.675974108369665],[-119.55654615700227,36.675067983662984],[-119.55648275121455,36.67228119248897],[-119.5565496262959,36.667330778701626],[-119.55648276918086,36.66531079700891],[-119.55644319300272,36.66498636516911],[-119.55358538258932,36.66490830377095],[-119.55222852316673,36.664867698582846],[-119.55220102034603,36.66228924220239],[-119.55212432039045,36.65996741362111],[-119.55205824570804,36.65971325189888],[-119.55167747411359,36.65953553557362],[-119.54994607201479,36.659502938036795],[-119.54986332190576,36.656995362401254],[-119.54979543262645,36.655811849165445],[-119.54942511472699,36.655076267546605],[-119.54902445443219,36.654294867744575],[-119.5483399633385,36.65277602660473],[-119.54884333430797,36.65230055668913],[-119.54970827717929,36.65142234711849],[-119.55030544124756,36.65029429068927],[-119.55094488901624,36.648700624005386],[-119.55173758577915,36.647382491858224],[-119.55268965175829,36.64652563242082],[-119.55364476751781,36.64576163209324],[-119.5542154187088,36.64488874142488],[-119.5545851446185,36.643643556419704],[-119.55507613949827,36.64279656687294],[-119.55568668576934,36.64229553460123],[-119.5567662756879,36.6415927418271],[-119.55741022581282,36.640794733447734],[-119.55792623967157,36.6400517563267],[-119.5587361122227,36.63904106931733],[-119.55955345606206,36.63825675469743],[-119.56014636570914,36.63787805659621],[-119.56043445542075,36.63743620879627],[-119.5604796730189,36.63684275542973],[-119.56051451058394,36.63593584856335],[-119.56065019212446,36.63546242714541],[-119.56100020809848,36.63493212077158],[-119.56148332026166,36.63450350044881],[-119.56169073137929,36.634237645901926],[-119.56190506760944,36.63418075537079],[-119.56272348224066,36.63343125113961],[-119.56305764294991,36.6330755381766],[-119.56359169228463,36.63222758972725],[-119.56410875447735,36.631519410903856],[-119.56444754510358,36.63121668329401],[-119.5643085748308,36.630904158984904],[-119.5628744845483,36.62881606132897],[-119.56219952008823,36.62794044461159],[-119.56146876665575,36.627267566300894],[-119.56037405359939,36.62630019710199],[-119.55916415047244,36.62499939322436],[-119.55828048850724,36.62411144802668],[-119.55737935969965,36.62332463902476],[-119.55611707041861,36.62232723718093],[-119.55562433101052,36.62191793385805],[-119.55533369996499,36.621319549133396],[-119.5553675799259,36.621083689716116],[-119.55541895457702,36.62074668350753],[-119.5556702259384,36.620153460665996],[-119.55590596632682,36.61909030761287],[-119.55603981710078,36.61809651806058],[-119.55631607510178,36.616998902693446],[-119.5567666511837,36.61613267801408],[-119.55782987739106,36.61426237739164],[-119.55828403954754,36.61287542118238],[-119.55885448053274,36.6118554530354],[-119.5594643252196,36.61076745820122],[-119.56040335215236,36.60955481857827],[-119.56268487803962,36.606734544330074],[-119.56302097910992,36.606189869465865],[-119.56306453751974,36.605617895963654],[-119.56281389048748,36.60496827779062],[-119.56188739954446,36.60340946507376],[-119.56219463774467,36.60325169935588],[-119.56248050322765,36.603077599169055],[-119.5635079549271,36.60265240606173],[-119.56487122832084,36.60230394585651],[-119.56546598490415,36.60202241248052],[-119.56586949824829,36.60162743338672],[-119.56615034394547,36.601302270312424],[-119.56642117522382,36.60067501627399],[-119.56647963219265,36.59968914024068],[-119.56652329570534,36.5991213613051],[-119.5665940227626,36.59842703835149],[-119.56667642163036,36.59808516165705],[-119.5673599596115,36.59796965760717],[-119.5677135805248,36.597798282468254],[-119.56785966814955,36.59749281671984],[-119.5678401342837,36.595490418905804],[-119.56781693439315,36.59431945665202],[-119.56795491741742,36.59424090604472],[-119.56825108927166,36.59422192380468],[-119.56919124987834,36.59420164405395],[-119.56982769907064,36.59418791529865],[-119.56978526445323,36.594085958208304],[-119.56971579863063,36.59324770071305],[-119.5696790440608,36.59214001564211],[-119.56969060268355,36.59123282448136],[-119.56983594650325,36.59059147356188],[-119.57012807953197,36.589980546546634],[-119.57032750103345,36.58908610035677],[-119.57045946354869,36.58804194927194],[-119.57023040033778,36.58678725511894],[-119.56995322964845,36.58586110329918],[-119.56991611665077,36.58474222687556],[-119.57004171729716,36.584484998055956],[-119.57035812909307,36.58383694757515],[-119.5709720224869,36.58348632710844],[-119.57198411299501,36.58336238102084],[-119.57492060325085,36.583366119719294],[-119.5748861941822,36.58170414402415],[-119.574920529589,36.579604005236575],[-119.57500146779608,36.575772958561124],[-119.57499806497779,36.5719101412448],[-119.57504559304283,36.568953159338584],[-119.57970845573024,36.568919465805436],[-119.57971309463035,36.563427341771856],[-119.5796477619564,36.561463717716066],[-119.5796159364425,36.560507081775384],[-119.57961999592929,36.560003138684934],[-119.57959152113139,36.55914720075568],[-119.57944030861793,36.558982522870636],[-119.57933071145831,36.55881694483933],[-119.57936673749448,36.55864821175108],[-119.57956528403689,36.558358395674105],[-119.5796232253727,36.55822277604479],[-119.57965478408696,36.55791978311008],[-119.57968678387401,36.55575251105507],[-119.57970129525911,36.55436744661356],[-119.5797017426201,36.554324594540155],[-119.58118094809282,36.55435973910159],[-119.58171221534509,36.55402848998905],[-119.58200640012592,36.55383894085821],[-119.58262830559374,36.55343823451177],[-119.58309400930504,36.55330567745948],[-119.58361562326128,36.553080928028734],[-119.58384549405764,36.55287705451404],[-119.58410089407607,36.55265052502975],[-119.58421844222427,36.552429641617955],[-119.58508165673696,36.552294775066464],[-119.58571639463864,36.55219559793438],[-119.58632472656251,36.55202284461133],[-119.5873008161873,36.55132985016975],[-119.58802951337611,36.55070939639026],[-119.5890686144282,36.549410387831976],[-119.5896848425434,36.54874758596065],[-119.58978382880291,36.5483871380321],[-119.58975992373486,36.54767106295366],[-119.58985890819771,36.54731061505666],[-119.59023149344496,36.546832252453875],[-119.59071500625676,36.54635147718647],[-119.58868021973026,36.544425062468925],[-119.58967720686351,36.543530046741054],[-119.5904193509338,36.54248381313649],[-119.59104307549008,36.54121621110427],[-119.59135426717586,36.539731468572484],[-119.59152380801605,36.53816023134746],[-119.5916251029458,36.537038346993754],[-119.59166788431288,36.53679625945668],[-119.59181181777761,36.535981789964175],[-119.59175807696406,36.53516817515262],[-119.59175569193698,36.535132053224125],[-119.59170720806445,36.532848960090604],[-119.59174340478053,36.53060881205407],[-119.59185747375362,36.52903877757536],[-119.59170771740925,36.52787756479968],[-119.59151704370197,36.52746463343632],[-119.59123439149275,36.52710127967499],[-119.59117375251613,36.52653156151276],[-119.59115533795111,36.525356293627105],[-119.59123242777555,36.524548448255935],[-119.59122129854751,36.523591361192324],[-119.59137140523484,36.52310103431692],[-119.59144904931979,36.52230997287764],[-119.59151542134457,36.52180467478143],[-119.591702137973,36.52054097292356],[-119.5918039997397,36.519228729019105],[-119.59181303229988,36.51887583287332],[-119.59209125042483,36.518483492412855],[-119.59212274805364,36.51818049532684],[-119.59213345956509,36.517877943941485],[-119.59236837799504,36.51774787440714],[-119.59248076981349,36.51768564506327],[-119.59251121551512,36.51672765151196],[-119.59237918113466,36.5165121855996],[-119.59233713908104,36.51646414834039],[-119.59211959317034,36.51621551893128],[-119.59158746533205,36.51585759280307],[-119.5912868629868,36.51557861193132],[-119.59098233949538,36.51518214021604],[-119.5909273203792,36.51478025018298],[-119.59086838371005,36.51426088126611],[-119.59099601095569,36.5137206563824],[-119.59109724120675,36.51301305562782],[-119.59108212974705,36.51255991113707],[-119.59088229142726,36.51093511666725],[-119.59088237407225,36.510313687491376],[-119.5909728946085,36.5099086349808],[-119.59098306084258,36.509650966395675],[-119.59099543962719,36.50933710500274],[-119.59106348611165,36.50888215701021],[-119.59109443217488,36.508562372518355],[-119.59093994799713,36.50829700900923],[-119.59061579002856,36.5079345565968],[-119.59033766892163,36.50767941726339],[-119.59018655971443,36.50754079744237],[-119.58967642263427,36.507215970391286],[-119.5892719094652,36.50693924149829],[-119.58895111389072,36.50667748197604],[-119.5888298323442,36.50615946309152],[-119.58894561709948,36.50588822170333],[-119.5891872639109,36.505647838952],[-119.58951317449264,36.50543921915174],[-119.58960761617507,36.5051516492649],[-119.58967175408974,36.504579216953125],[-119.58979434178667,36.50388794480007],[-119.58991627820501,36.50380131890306],[-119.5907062476827,36.50378415863545],[-119.59105910053643,36.50375969089618],[-119.59148391113932,36.50339775880335],[-119.59175759546707,36.50287115542857],[-119.59233414499617,36.50206924275028],[-119.59285503940188,36.50147007994338],[-119.5935225649131,36.50090131760628],[-119.59386531710977,36.50057475273661],[-119.59431984218566,36.50048088323381],[-119.59438955145168,36.50007628475444],[-119.59450643125331,36.49983860995447],[-119.59464651094547,36.49780332640974],[-119.59549821803937,36.497767996552],[-119.59662971261506,36.497701373541645],[-119.59734733716967,36.49759616657962],[-119.59780201406082,36.4974082657002],[-119.59797657558516,36.497336125217615],[-119.59873765703996,36.49687166463976],[-119.59935790331946,36.49634309306922],[-119.59944556002655,36.495646973921794],[-119.59925032197935,36.49481075940882],[-119.59917071687212,36.49406301357495],[-119.59907868357294,36.4913105971649],[-119.59901886655479,36.4886918357485],[-119.59886833586265,36.488336817150106],[-119.59855751338446,36.488164444082386],[-119.5983830156405,36.48792191473097],[-119.59837104469102,36.48756387728188],[-119.5983545920466,36.48707157290683],[-119.59838982936192,36.48646617955005],[-119.5984317923638,36.486062175207095],[-119.59826028600976,36.485909155501375],[-119.5980902780456,36.4858008947401],[-119.59777871715227,36.485606138526435],[-119.59751810421021,36.48527590438843],[-119.59733613068649,36.48480960628644],[-119.59712696785407,36.48422072498987],[-119.59720990750762,36.483382888402446],[-119.59719296707796,36.482875666283554],[-119.59746861781784,36.482272491492026],[-119.59804880732052,36.481931414642894],[-119.59851619177968,36.48169087662703],[-119.5998662392775,36.48099605593685],[-119.60106452359453,36.48034290069165],[-119.60236563626552,36.47944862217531],[-119.60263508862995,36.4792328531518],[-119.60355388640086,36.47849708031621],[-119.60460231645716,36.47778744573856],[-119.60646951508085,36.4772390590265],[-119.60767668283778,36.47685436869962],[-119.60818790598113,36.476664041022644],[-119.60850539216209,36.476209218174425],[-119.60856627009058,36.475819733605896],[-119.6088158741788,36.47554555074794],[-119.60947885870624,36.475471326162236],[-119.6108038306312,36.475293035895874],[-119.61105141351001,36.474959173499805],[-119.61136788279809,36.47447451245166],[-119.61142173410443,36.47387616553415],[-119.6112389089778,36.47283513310141],[-119.61109803876822,36.47194246986947],[-119.61088328931302,36.47105142172713],[-119.61051977705014,36.47013377558574],[-119.61035476192234,36.46987706258641],[-119.60977091537816,36.46917529263678],[-119.60945112232353,36.468443083327855],[-119.60935855452678,36.467443594407875],[-119.60945418737528,36.466773824718565],[-119.60963584828531,36.465148353497845],[-119.60987570565267,36.46349776304297],[-119.61003984492307,36.462230354007325],[-119.60998477639956,36.46146850238445],[-119.60976389953579,36.461044113713854],[-119.60953024683208,36.46023847492778],[-119.60946639188674,36.45921451546949],[-119.60962740322333,36.458734078707025],[-119.6102459849246,36.45781441329889],[-119.6112863103804,36.45714781319568],[-119.61287585951273,36.45613533504655],[-119.6140421251781,36.45570440647299],[-119.6154220605237,36.45548339585658],[-119.61728900222921,36.45482245847895],[-119.6181116910445,36.454709022819536],[-119.61905636838047,36.45471212829233],[-119.61969565624902,36.45441194598063],[-119.62054943575629,36.45434549739292],[-119.62259669000062,36.454658188567294],[-119.62363145757975,36.45470696864096],[-119.62412968389758,36.45460062743395],[-119.62586270116728,36.454347879615334],[-119.62772576215079,36.454449925659965],[-119.62934964040168,36.4544618302524],[-119.63020179665324,36.454347661407546],[-119.63063375874414,36.45402814598534],[-119.63124108904648,36.45365706889984],[-119.63212191772529,36.45351840442409],[-119.63404072456204,36.453523740456774],[-119.6355768975968,36.45356134556778],[-119.635875890161,36.4536739657031],[-119.63693610611385,36.45360284158894],[-119.63749085892091,36.45342365491965],[-119.63952562388785,36.452496369286635],[-119.64074258507796,36.45182560773881],[-119.64175305502529,36.45115940632401],[-119.64264715810906,36.45054346461033],[-119.64335258533873,36.450456300716084],[-119.6445339606672,36.450477806099684],[-119.64520296750032,36.45032758911471],[-119.64565688801004,36.450068299563874],[-119.64602810242813,36.44964469321011],[-119.64637927004237,36.44938768620192],[-119.64659775918409,36.44900900258937],[-119.64667864259398,36.448363381874096],[-119.64679931687935,36.44813224838806],[-119.6471269046157,36.44793806520491],[-119.64763359486012,36.44771913162412],[-119.64815467701372,36.447167581795576],[-119.64846743176808,36.44653758170431],[-119.64845189720188,36.44608101908416],[-119.6486362153285,36.445453865984696],[-119.64895107483558,36.44488612396823],[-119.6493500534842,36.444524198666535],[-119.64961463069156,36.44444635939099],[-119.64995915167101,36.44434499608422],[-119.65011358194981,36.44429955963491],[-119.65070576845311,36.44432793610111],[-119.65150203512093,36.444310239472],[-119.65244464453511,36.44406082923104],[-119.65313745941818,36.44402465467465],[-119.65464019176817,36.443617388952866],[-119.65550572483264,36.44336967108659],[-119.6570927613771,36.4424205177384],[-119.6593147927414,36.441249506679675],[-119.66093310233583,36.440465755081355],[-119.66217958036958,36.440084875793524],[-119.66292584950367,36.44010975677661],[-119.6639854303476,36.43952535183909],[-119.66520264665925,36.43904125774669],[-119.66508533925955,36.43884689137402],[-119.66526294786931,36.43872631387781],[-119.66554092165252,36.4385375981499],[-119.66600623998656,36.438221690333094],[-119.66665785453746,36.4378264386114],[-119.66687182425497,36.437465227652126],[-119.66713879277762,36.43716814259358],[-119.66843355795282,36.43613148117592],[-119.66919360634506,36.43566661113089],[-119.67010790086145,36.43484091262459],[-119.67040197514949,36.43460230706164],[-119.67073587714394,36.43464368024208],[-119.67158447966025,36.43471016232787],[-119.67236217545623,36.43491255695513],[-119.67305052661068,36.43515358701669],[-119.67356415454405,36.43526967474481],[-119.67415279180364,36.434949063875706],[-119.67663354246135,36.43375136513864],[-119.67793888889226,36.43302787442397],[-119.67909959578269,36.43212847153364],[-119.67972186237326,36.431689022052694],[-119.68078947954571,36.43130674163042],[-119.68303698084324,36.430584418521846],[-119.68652971061795,36.4298116212278],[-119.68801801512616,36.42957655986239],[-119.6896397850311,36.42967160230184],[-119.69130542955281,36.429703024095865],[-119.69228685876367,36.42961466878885],[-119.69253626162926,36.4295027964933],[-119.69301861202106,36.42894868720072],[-119.69340734807878,36.42822508016683],[-119.6936000573685,36.42786635790022],[-119.69370552048116,36.42771596631462],[-119.69389495181838,36.42744581930085],[-119.69415577047461,36.42724564153176],[-119.69440426334681,36.42705492899144],[-119.69465734571182,36.42697477442088],[-119.69493197147393,36.42688780016727],[-119.69547276266489,36.42687558487746],[-119.69612606335357,36.42686082027575],[-119.69685842656703,36.4268890484397],[-119.69695418967129,36.42689273760132],[-119.69753636624735,36.426915168191925],[-119.6982225785131,36.42701174838763],[-119.69889284837753,36.42726388848505],[-119.70063473471403,36.427957390958966],[-119.70127216756151,36.42823262315811],[-119.70199779071542,36.428545917574446],[-119.70289390243217,36.42895100443008],[-119.70344401813574,36.42902927918249],[-119.7038064946411,36.429010802077855],[-119.70412810408922,36.42891157538283],[-119.7043695362033,36.428837084265204],[-119.70577804695807,36.42789869041591],[-119.70563494174007,36.42776757787219],[-119.70585426631499,36.42758009893854],[-119.70611934837558,36.427353506297194],[-119.70660452666387,36.42696181538617],[-119.70791490725365,36.426394643537144],[-119.7091059565394,36.42558384037941],[-119.7091983491647,36.42550485235274],[-119.70972488229545,36.42505473927053],[-119.7103882782513,36.42421111897032],[-119.71102986041709,36.42274098121902],[-119.71119144128558,36.42232836249083],[-119.71118144483312,36.422207116004756],[-119.71113217673134,36.421609740674256],[-119.71108446540997,36.421223148691375],[-119.71236960693354,36.4197540039682],[-119.71287639599265,36.41954864871617],[-119.71483167263332,36.41961493843542],[-119.7167097965675,36.41943373816141],[-119.71837574292314,36.41906350042384],[-119.71993414207466,36.418557242578665],[-119.72126543274935,36.418416122655],[-119.72213541427107,36.41861409817792],[-119.72339140726031,36.41887654551927],[-119.72471294312928,36.41942859857294],[-119.72635469426106,36.42042118774873],[-119.72776168416806,36.421038436214836],[-119.72788336546488,36.421067452958944],[-119.7290469819985,36.42134494246544],[-119.73010256264445,36.42138783129824],[-119.7310111124346,36.421255216518816],[-119.73183305205497,36.42099007230013],[-119.73261867727993,36.42047943565324],[-119.73317810402145,36.41983961204881],[-119.73358575051422,36.41882257943648],[-119.73412082392838,36.41748912204109],[-119.73453059673344,36.41732297816325],[-119.7351119675207,36.41730965607399],[-119.73541963781055,36.41739217434047],[-119.73587122359883,36.417628146561704],[-119.7362693820856,36.41792046670978],[-119.73661065385865,36.418171017802734],[-119.73750913802606,36.418508700736936],[-119.73842980878432,36.41868911162176],[-119.73906498057228,36.41862974914681],[-119.74022301677131,36.4184687986856],[-119.74084294774214,36.4182975548299],[-119.74181455207872,36.418029159839044],[-119.74289188183604,36.41793721804407],[-119.74523874488887,36.41770410287528],[-119.74601385802838,36.417536765973814],[-119.74628364815935,36.41747851875369],[-119.74713002824363,36.417123137909705],[-119.74812908779025,36.416383557439445],[-119.74894144508144,36.41584980032867],[-119.74958843151201,36.41523073082647],[-119.74985269430901,36.4149778634454],[-119.75027746269112,36.41445303405961],[-119.75119792863353,36.413188999410416],[-119.75333352859275,36.409855420739966],[-119.75364147107216,36.40916159465542],[-119.75367378976111,36.40839074293773],[-119.75368156557822,36.40820522708479],[-119.75340741053331,36.40776369306162],[-119.75438496531032,36.40615868748145],[-119.7548816267629,36.4055799280616],[-119.75595613131865,36.4046295390364],[-119.75659195258855,36.40380869807933],[-119.75689562896865,36.40299553271353],[-119.75703585867944,36.40173828022043],[-119.76202109977287,36.4017125778666],[-119.76207045590951,36.39893469460261],[-119.76220010795785,36.39842411614454],[-119.76688884571868,36.39837521826655],[-119.76689970994373,36.40076356014649],[-119.7675471850578,36.401315838094156],[-119.76825152802094,36.40138906933082],[-119.76855523853703,36.40162088500424],[-119.76916052876535,36.40202484628494],[-119.76979319245702,36.4021594504126],[-119.77016117473676,36.402121051815705],[-119.7712661779947,36.402035682328204],[-119.77148124365688,36.40185154385929],[-119.77172260660068,36.40136821698486],[-119.77233724379956,36.40099565460984],[-119.77283480177077,36.40044666351506],[-119.77359809487781,36.400100493020254],[-119.77351702282175,36.39574320297659],[-119.77249418486956,36.395020536066475],[-119.77250095187861,36.391980519866856],[-119.7725028922396,36.39110901291983],[-119.77590161870974,36.391087912674244],[-119.77622731549242,36.3910858871834],[-119.78268172518186,36.39111471842407],[-119.78395302276859,36.39110694621106],[-119.78658613488497,36.39109080230689],[-119.7960340715626,36.39118333919262],[-119.7979190846767,36.39122873803036],[-119.79937855685758,36.3909929763223],[-119.80154789214896,36.39047182549781],[-119.80257019021364,36.39040303994898],[-119.80345251279077,36.39029274908124],[-119.80668976619026,36.389432912157375],[-119.80873271570772,36.38925049529478],[-119.8098885142034,36.38904414896376],[-119.81068215419737,36.3887791377839],[-119.81140995756247,36.38822456946048],[-119.8117895658386,36.38723034097611],[-119.81176054037346,36.38642488331151],[-119.81280076431963,36.38608687073031],[-119.8140666270989,36.385094143727684],[-119.8149090905285,36.38464881760194],[-119.81691371791595,36.38417605522882],[-119.81846811686952,36.384273719117026],[-119.81931944038281,36.38407447221603],[-119.82068661965138,36.384355668603305],[-119.82132466155666,36.38438537378821],[-119.82220607683533,36.38425257651739],[-119.82301013548997,36.38427834394692],[-119.82416163105542,36.38472135147603],[-119.82495989737312,36.385351851732345],[-119.82555233270973,36.385651324093864],[-119.82714335238416,36.38599432416247],[-119.8284528086075,36.38620962500711],[-119.82908753123782,36.38691114589362],[-119.82997374711336,36.38767388273662],[-119.83090800848356,36.38823393652475],[-119.83207184510442,36.38825111079882],[-119.83393641346098,36.388497963902296],[-119.83620059467671,36.38907117380971],[-119.83846073616863,36.38953247276236],[-119.83992574197164,36.39021418942196],[-119.84143552250336,36.39060371545811],[-119.84251474321435,36.39057801665332],[-119.84377624736784,36.390234466972245],[-119.84493107119143,36.38924405999691],[-119.84611279147296,36.388991959910825],[-119.84652215554455,36.38882544702811],[-119.84697951121191,36.3884562573497],[-119.84764597671106,36.38774618382311],[-119.84818786923657,36.386658406190165],[-119.84848081434227,36.38633792006098],[-119.84924334028806,36.38598383011585],[-119.85071069159228,36.38597118750331],[-119.85135528850418,36.386179717306405],[-119.85137503527073,36.387478014496885],[-119.85364568974641,36.3874685280193],[-119.85421368461911,36.38709666919136],[-119.85578174245656,36.38605149141665],[-119.85791770623347,36.38463441597107],[-119.86049712963862,36.383229072557995],[-119.86186746109553,36.38283793948944],[-119.86261452523861,36.38282002562417],[-119.86325912664212,36.38302848938787],[-119.86343185380663,36.383103341200865],[-119.86512561649504,36.38383726845061],[-119.86570741218543,36.38408935704586],[-119.86868560762666,36.38524940460238],[-119.87061704028474,36.38580756087277],[-119.8739662623962,36.38651070023417],[-119.87550766721917,36.38672268535215],[-119.87547303447002,36.38578303999029],[-119.87552416298274,36.38547950818417],[-119.87568461736383,36.385324491482216],[-119.87732720572546,36.384901434386826],[-119.87709250019624,36.38430884901436],[-119.87742484181706,36.38415364556364],[-119.87722902794975,36.38377988043913],[-119.87732056358226,36.38344124163769],[-119.87842656666511,36.38240526605635],[-119.88152609755178,36.37972311263989],[-119.88482393782562,36.37678376402851],[-119.8870653952579,36.374816103556526],[-119.88962781355474,36.37309295833084],[-119.89379320630577,36.37042674986962],[-119.89483568681992,36.369791685923154],[-119.89589165104655,36.36881985214318],[-119.89671302382993,36.367832682830525],[-119.8970361163966,36.36722783026213],[-119.89724786188549,36.36683142808602],[-119.89725568890654,36.36679172374023],[-119.89742293005963,36.365944043529176],[-119.89753409298277,36.36543669238217],[-119.89762393529097,36.362953320463966],[-119.89768000543606,36.3602604892683],[-119.89780721945672,36.3583465629648],[-119.89797882642206,36.35719116383282],[-119.89837564102915,36.35506527499327],[-119.89840168229092,36.35492574355022],[-119.89851348122127,36.35426067725193],[-119.89862429200484,36.35304366772834],[-119.89854732435128,36.352603933727956],[-119.89852534077966,36.35247833953219],[-119.89830658932988,36.35183706837781],[-119.89789909824563,36.35083765679998],[-119.8973215776377,36.349984302663636],[-119.89717179344555,36.34962522137771],[-119.89707285659343,36.34905988789311],[-119.89693924746624,36.34808536703929],[-119.89686329311235,36.34761410230393],[-119.89673319639796,36.34673411826937],[-119.89670457517468,36.34596206657383],[-119.89655246883753,36.34553995454938],[-119.89585814837803,36.34468942936445],[-119.89558627325728,36.34419136919611],[-119.89547705159346,36.34380625027298],[-119.89545750335455,36.34353332609586],[-119.89545144781121,36.343448843065545],[-119.90210329731865,36.34307933817145],[-119.91084008090495,36.34293067611104],[-119.91269702076814,36.342869392562534],[-119.9166740844148,36.342821203594674],[-119.92314869362173,36.34294734013391],[-119.92887703908447,36.34286385790213],[-119.93225271927597,36.34286634991032],[-119.93742108194004,36.342853097548634],[-119.94005795799748,36.34284509258567],[-119.94129284506911,36.34295691235802],[-119.95035519428407,36.34270488367668],[-119.95359030879487,36.342710243965364],[-119.95921742220993,36.34274159166131],[-119.96253140251446,36.34297232458426],[-119.96376953969077,36.34316916955887],[-119.9647191065568,36.34317403995415],[-119.96626154623898,36.343050389995824],[-119.9672981517712,36.34256949646825],[-119.96815585961123,36.34200769206717],[-119.96944538581167,36.34078088885395],[-119.97017715973034,36.33968172483158],[-119.97119051237142,36.33811789269191],[-119.97163847974574,36.33742655688241],[-119.97250744886614,36.336238628610985],[-119.97314132887672,36.3353410116767],[-119.97363200395625,36.33530034545745],[-119.97388620831703,36.33525258672021],[-119.97433017908666,36.33516917222389],[-119.97505591273335,36.334838183629415],[-119.97601236338939,36.33410319498973],[-119.97802084005782,36.332374790342485],[-119.97945054835837,36.33114438051595],[-119.98106340877229,36.33010850978191],[-119.98253682639962,36.329104545123016],[-119.98260056276736,36.32893227505753],[-119.98237465533802,36.32853966986702],[-119.98224977963204,36.32803075849951],[-119.98221401141238,36.327092925797636],[-119.98224956762965,36.326181755051515],[-119.98240825951616,36.3248123676749],[-119.98250635285025,36.32413254378603],[-119.98263069405861,36.323270717077776],[-119.98314382252869,36.321977818371344],[-119.98394547639329,36.32087683290659],[-119.98524960111543,36.320047742760536],[-119.98561688899743,36.31990934717568],[-119.98791785532575,36.319042294970664],[-119.99018419788806,36.318558874809014],[-119.99258988621894,36.31804348313145],[-119.9949933637959,36.317471201235705],[-119.9976404348335,36.31683586959671],[-120.00025293241077,36.31606385524718],[-120.00322474442358,36.31534438370818],[-120.00588331389685,36.31501200219919],[-120.00910661376498,36.31474120150479],[-120.0110686681945,36.314577966537605],[-120.01413539979349,36.31389376023137],[-120.01864175529717,36.3128696740631],[-120.02320065865165,36.31199580870165],[-120.02513769320387,36.31118819915585],[-120.02661824435286,36.31069555512873],[-120.02876007772184,36.3103378360401],[-120.03211175762391,36.30975973398692],[-120.03427977778176,36.3088702584375],[-120.03726246030782,36.307239405775874],[-120.03986903439412,36.30558012663696],[-120.04174565365018,36.3044324429963],[-120.04292260118261,36.30389213108037],[-120.04786836670918,36.30162142562189],[-120.05130823062942,36.29971306860156],[-120.05474052354846,36.29761517047271],[-120.05670294359226,36.296275432036396],[-120.05948114261021,36.294232062388915],[-120.0619338981704,36.29245615503395],[-120.06462041153719,36.29087015657486],[-120.0678218778524,36.28967544080331],[-120.06934828170843,36.288776537458254],[-120.07135405714281,36.28735959342997],[-120.07469287496664,36.284896913982344],[-120.07601603678627,36.28359859897281],[-120.07695683968838,36.28210784240557],[-120.07771836401263,36.28082397497549],[-120.07867498445026,36.2797373530408],[-120.08114174474572,36.27734754060032],[-120.08360238571747,36.274806129101684],[-120.08535400260514,36.27329437950777],[-120.08748983882127,36.27202552830388],[-120.08945636416595,36.271216139717865],[-120.09136843992631,36.270610418874774],[-120.09385791053046,36.27039427184067],[-120.09496689152849,36.2700115650735],[-120.09631342841014,36.26931927037169],[-120.09782512594668,36.26806640665559],[-120.09952835058999,36.26534203730027],[-120.1016681232237,36.26260631327892],[-120.10299447046934,36.26140876950477],[-120.10525443768809,36.260136388825096],[-120.10663105106377,36.258634079776286],[-120.10805195767118,36.25667548397054],[-120.10930971674824,36.255327949504796],[-120.11090135626023,36.25452798036148],[-120.1126297346298,36.254027842456985],[-120.11335212115372,36.253351620552515],[-120.11374257389198,36.252178347901754],[-120.11441074978347,36.25013814654815],[-120.11485952833648,36.2488622056285],[-120.1160627201499,36.247718303388325],[-120.1183784143573,36.24629252394716],[-120.12013676501635,36.24498238816493],[-120.12172807304998,36.2441822884702],[-120.12250863357342,36.24340335490256],[-120.12344809978238,36.241912286663144],[-120.12413607633934,36.240377214600215],[-120.12521427656418,36.23923649352646],[-120.12808272303052,36.237593802779614],[-120.13145796394583,36.23614003907485],[-120.1346982725156,36.23443688254175],[-120.13847334997065,36.23206218834325],[-120.14012857313675,36.231310745453506],[-120.14289800280089,36.23032770952583],[-120.14362598582908,36.22980287212969],[-120.14427742790343,36.2289260563253],[-120.14533088672869,36.2271789794209],[-120.14630591274818,36.22561727640842],[-120.14735979378162,36.22388281914673],[-120.14811975503727,36.222990483641574],[-120.14916176034266,36.222128642751876],[-120.15073899087746,36.22060792873782],[-120.1518592394441,36.21936473374922],[-120.15264912448016,36.21805438369304],[-120.153116260106,36.21686632615143],[-120.1537521397664,36.215218688593005],[-120.15430774956624,36.212738778515735],[-120.15436428953022,36.210651295094046],[-120.1543862515423,36.20886814585208],[-120.15479657501463,36.20510254140611],[-120.15499030299385,36.20293558969044],[-120.15503574606915,36.20081575286061],[-120.15517598745804,36.1994034692451],[-120.15552820520283,36.19768745726069],[-120.15582909500894,36.195859011837086],[-120.15632911526238,36.19432873111397],[-120.15697543873627,36.19294629422255],[-120.15753586440437,36.191755758860175],[-120.15793216068353,36.19113845893209],[-120.15858452353106,36.189907563718776],[-120.1601863634131,36.18785510962348],[-120.16103475392697,36.186846585318904],[-120.16211229209345,36.18586518031652],[-120.16293181883893,36.18530304438708],[-120.16430758330667,36.18461241093135],[-120.16660151941956,36.18406812115055],[-120.16837080976214,36.18356613902115],[-120.17045781894934,36.183112593573455],[-120.17180415550666,36.1825648819347],[-120.17417787189827,36.18139253683368],[-120.175456352414,36.18090347518997],[-120.17617192880978,36.18070313489525],[-120.17796419805731,36.18012217922255],[-120.18005248464883,36.17970399256488],[-120.18320641391581,36.1789587402196],[-120.18626462589266,36.17845062359656],[-120.19278678562253,36.17706066178329],[-120.1972503786237,36.17617340197846],[-120.20053973251304,36.1755307439492],[-120.20544475135664,36.1745033646654],[-120.2096486719519,36.17370794570247],[-120.21308939825481,36.17291154913237],[-120.21802644293659,36.17203213937763],[-120.22209777758582,36.17121851529008],[-120.22556890108133,36.170527614083205],[-120.22736926414954,36.17015904387895],[-120.22884985033288,36.16969240809199],[-120.2321210896945,36.1686227082023],[-120.23613947853919,36.16717004241171],[-120.24093997839948,36.16554671635384],[-120.24394190912714,36.16433466312333],[-120.2441542241479,36.16429956972403],[-120.24453919177303,36.16406512765992],[-120.24471459951035,36.16401236734723],[-120.24506871988692,36.16398675991877],[-120.24524412313265,36.16393400027855],[-120.24553317943152,36.16376615812872],[-120.24605083002074,36.1634001089854],[-120.24644955803936,36.1630212836323],[-120.24690807073682,36.16265683889088],[-120.24747691721237,36.16209738959941],[-120.24894369988301,36.16082554931218],[-120.24961172036595,36.16027939860293],[-120.25010830007187,36.15988190697162],[-120.25081109883102,36.15922280375058],[-120.25180026253646,36.15833191209247],[-120.25235924820515,36.15801271184955],[-120.25284798561864,36.15790342311581],[-120.25324214929734,36.15789269963745],[-120.2543070463711,36.15787973572261],[-120.25529773811081,36.15798077862596],[-120.25615577383591,36.15821342638236],[-120.25715640004437,36.158554186458545],[-120.25785281178187,36.15869522010667],[-120.25830940747447,36.15876278782096],[-120.25899985619513,36.158759979511764],[-120.25978818894238,36.15873849507304],[-120.26084315244574,36.15848574386596],[-120.26115384287158,36.15836526964282],[-120.26153028278969,36.15840300865465],[-120.26183783719688,36.15868262259454],[-120.26223614839724,36.15924776070674],[-120.26257998575878,36.15992638451533],[-120.26271498817293,36.160802704112186],[-120.26276633946782,36.16108930975107],[-120.26295035126894,36.16124428565691],[-120.2632329010702,36.1613965792373],[-120.26424534641285,36.161544953213095],[-120.26526044448055,36.16175724978912],[-120.26609883405038,36.16199036283281],[-120.26726584621575,36.162534491950574],[-120.26796961246049,36.162851265958146],[-120.26815828112805,36.16311811058068],[-120.26817289402275,36.163469712753106],[-120.26819480842411,36.16399711124171],[-120.26827585712398,36.16452289979054],[-120.26827739863302,36.16503485978451],[-120.26824018592237,36.16556387514428],[-120.26804994520309,36.16620907339908],[-120.26795293703387,36.166723724522875],[-120.26788560381175,36.16747756509176],[-120.26793541808921,36.168676204385214],[-120.26796464298033,36.169379406603234],[-120.26801889673189,36.170209923287],[-120.26803218101833,36.17052956118504],[-120.26819141279233,36.17103720995176],[-120.26844986977768,36.171558145586246],[-120.26878651163375,36.17206094794961],[-120.26910543781413,36.17261222901075],[-120.2692620285412,36.1730559506715],[-120.26928063444738,36.173503440600065],[-120.26935129952088,36.17425350757574],[-120.26952627247363,36.174664725006615],[-120.26982018865816,36.175088688885765],[-120.27012916420013,36.175400238335236],[-120.2707555387865,36.17575111249087],[-120.27168491511819,36.176269689864235],[-120.27212323997625,36.17636969679041],[-120.27317531449765,36.176516905430894],[-120.27436937403793,36.176756219310924],[-120.2747315235565,36.17692230496035],[-120.27536391505865,36.17741698643546],[-120.27589376027785,36.17781846933874],[-120.2765655977024,36.17831206329819],[-120.27677271596927,36.17854638660943],[-120.27680842130685,36.178929407036016],[-120.27678698391094,36.17936199750793],[-120.27664687547271,36.18026183410211],[-120.27663170831745,36.18131824105384],[-120.2766837917393,36.18162081250753],[-120.27682073271787,36.1820650624842],[-120.27671844065814,36.18245186361014],[-120.27671538638616,36.18285194526624],[-120.27664213596125,36.18346195044659],[-120.27673231603599,36.183731478653186],[-120.27679040469553,36.18417788383822],[-120.27680572815767,36.18454546366556],[-120.27692163149054,36.18495828670431],[-120.27706124405874,36.185466454648406],[-120.27709895174114,36.18589742264505],[-120.27703942308219,36.186363051287],[-120.27679806912155,36.1872016590223],[-120.276610910522,36.187446789007886],[-120.27642242960235,36.18765995214362],[-120.27582392345101,36.18798034537384],[-120.27570833452847,36.18807058517154],[-120.27563276195856,36.18812958326376],[-120.27562378599225,36.18817904374991],[-120.2756006606619,36.18830646562162],[-120.27570123244783,36.18835170932276],[-120.2761593534798,36.18845115489178],[-120.27647945914815,36.18855438344076],[-120.27678718782852,36.18883395071291],[-120.27706014721579,36.18922647059936],[-120.27733312097612,36.18961898489353],[-120.27735783722285,36.18964953135034],[-120.27762446618235,36.189979000661324],[-120.27784534394439,36.19006894453248],[-120.27787039256776,36.190196256029985],[-120.27790210669056,36.190483387092236],[-120.2780106896522,36.190720410110494],[-120.27820146846236,36.191035179415145],[-120.27845339918719,36.19139626744939],[-120.27884534582373,36.191801515304874],[-120.27922929026772,36.19201498630348],[-120.27970781473473,36.192129864171484],[-120.280515507973,36.192091706413436],[-120.28088944967631,36.1920654484307],[-120.28109128225604,36.19217190851407],[-120.28126236460528,36.192487209190375],[-120.28139868035638,36.19291546848817],[-120.28151261458217,36.19328033870468],[-120.28180933979863,36.19376819140327],[-120.2821592111439,36.19411058826066],[-120.28270558446602,36.19443158508742],[-120.28330777191336,36.19467105085001],[-120.28359249114601,36.19487123145145],[-120.2838601657445,36.1951358762806],[-120.2840265858374,36.195339304910405],[-120.28411413833993,36.195544895525714],[-120.28443896196015,36.19575997004468],[-120.28475844779096,36.19584719236347],[-120.28509497106941,36.19586995195301],[-120.28561095348715,36.19593577602698],[-120.2861178799885,36.1960682990129],[-120.28662922530273,36.19621178431581],[-120.28683308627836,36.196366181129754],[-120.28700171353192,36.196746624993324],[-120.28702926576003,36.19680878306234],[-120.28715893757126,36.19707721563591],[-120.28742997636047,36.197421759035535],[-120.28766158180366,36.19776738758218],[-120.28782667957647,36.197938847488054],[-120.28822437183757,36.19800790950458],[-120.28871798081484,36.1980103365475],[-120.28881248358273,36.198007735522985],[-120.28909261062769,36.1980000303136],[-120.28961895870545,36.197841551045784],[-120.29017870973878,36.19753814986931],[-120.29085141044435,36.19710364374681],[-120.291193598499,36.1967902247413],[-120.29147863932855,36.19652638293447],[-120.29188332138092,36.196291241308664],[-120.29227029314741,36.19610459101016],[-120.29274914370288,36.195755405796895],[-120.29301513755348,36.19550808348242],[-120.29317086050796,36.19545579380795],[-120.29327345979151,36.19554896899741],[-120.29340650118338,36.19589730042381],[-120.29346067767986,36.19624780584412],[-120.29368761727345,36.196481550646105],[-120.29381596856126,36.196718009632505],[-120.29398375229677,36.1969533870297],[-120.29405042705378,36.197136794137],[-120.2941622700016,36.19744446597256],[-120.29441026969873,36.19770962840034],[-120.2946357692929,36.19780598260392],[-120.29469168043619,36.19782987105701],[-120.29514852496214,36.19789728034241],[-120.29523007851522,36.197959032990504],[-120.29537681202866,36.19816298710274],[-120.29564051607358,36.19833171609265],[-120.295846410835,36.198534038892596],[-120.29607402775832,36.19878376199433],[-120.29624115931695,36.19900315390307],[-120.29633478892237,36.19935256530195],[-120.2964474601169,36.19968545377185],[-120.29661325049078,36.199872882056475],[-120.29671513381703,36.19996186131276],[-120.2968796467866,36.2001055315795],[-120.29716172856561,36.2002417524844],[-120.29738533630781,36.20039558462689],[-120.29760961598984,36.20056539615438],[-120.29800588531955,36.20071254772442],[-120.2983729926402,36.200880334652915],[-120.29887668161325,36.20112243598003],[-120.29927909721614,36.201303328816294],[-120.29985763651364,36.20144736124142],[-120.30023698068507,36.20154888583778],[-120.30067950965864,36.20174466907703],[-120.30092352083591,36.20191392748876],[-120.30121435130744,36.20225789506603],[-120.30148546914839,36.20260240551729],[-120.30157615407632,36.2027181391568],[-120.301694076822,36.20286863779223],[-120.3020427273568,36.20317900755864],[-120.30238466388319,36.20332955894864],[-120.30286530118774,36.20349227775883],[-120.30305965439442,36.20352415256825],[-120.3032827491986,36.20356074628035],[-120.30401368319247,36.203572548642214],[-120.30414081546641,36.203603031665885],[-120.30421778940818,36.2036729012657],[-120.30430131655993,36.20389859090436],[-120.30450315452953,36.20412100784443],[-120.30470045780358,36.20423555263367],[-120.30495993886835,36.204420377186096],[-120.3052780763279,36.204591582591114],[-120.30563856665816,36.20471361160813],[-120.30598023099502,36.20474016616635],[-120.30643097057028,36.20489569796248],[-120.3067348239185,36.205079290147665],[-120.30707432241718,36.2054058929699],[-120.3074902926994,36.20579037888984],[-120.3077928461854,36.20609882564601],[-120.3081916586457,36.20662295880006],[-120.30839250577354,36.206821397490025],[-120.30850025689523,36.206866082512974],[-120.3086637700399,36.2069338921025],[-120.30884679908407,36.207060824630496],[-120.3088543763735,36.20724061431223],[-120.30885372868819,36.20727363718736],[-120.30884968896433,36.20748073311298],[-120.30890769138561,36.20780312768441],[-120.30908654595866,36.20818216850982],[-120.30925363709311,36.20863353925217],[-120.30962728684395,36.20906718479953],[-120.30972562362146,36.20929245805889],[-120.30976632269375,36.209555326899896],[-120.31000649716641,36.20963267635699],[-120.31015944702163,36.20974843729164],[-120.31026954993276,36.20990139039774],[-120.31013074764495,36.21012122952196],[-120.31029849185457,36.21023657949149],[-120.31058607311972,36.21038461381722],[-120.3108568388211,36.21048511281538],[-120.31155703605918,36.21058572040544],[-120.31172326211599,36.2106651149715],[-120.3119083258443,36.21083998147464],[-120.31203777217846,36.211100393112304],[-120.31224471617213,36.21144265038226],[-120.3124444475924,36.21196510608945],[-120.31267123177744,36.212426812258066],[-120.3129546619277,36.212826953854425],[-120.31323253060799,36.21309524887326],[-120.31364098019465,36.21329992166863],[-120.31393009757895,36.213483902914675],[-120.31411466723387,36.213646779633656],[-120.31439102135461,36.21387911714995],[-120.31489429979759,36.214225157177744],[-120.31533790944445,36.2145608466861],[-120.31546838345128,36.21484522269622],[-120.31555094581239,36.215046930247325],[-120.31570026288063,36.21542677960917],[-120.31581190191085,36.21561567552626],[-120.31596740567642,36.215791359365205],[-120.3161224054871,36.215955058953384],[-120.31657373795049,36.21612253489985],[-120.31666450552342,36.21616801546607],[-120.31667159682428,36.21633581564629],[-120.31671333704396,36.21662265008268],[-120.31676631788278,36.216825175641546],[-120.31686519634444,36.21706242982354],[-120.31705484507394,36.21734516099381],[-120.31728532762303,36.217542761508014],[-120.31732098984148,36.21768576970311],[-120.3173132912795,36.21785397828003],[-120.31726830903995,36.218191220548306],[-120.31718716062709,36.2183734675986],[-120.31716213625822,36.21848215814665],[-120.31730336489562,36.218670234987215],[-120.31754712454459,36.21883146736742],[-120.31791225287665,36.21906132831062],[-120.3181866082459,36.21924571055249],[-120.31852317733845,36.21950036019734],[-120.31870625219673,36.219627276689906],[-120.31891485627705,36.219657482413766],[-120.31925912303326,36.2197439236677],[-120.31964877716922,36.219853096425304],[-120.31987217290902,36.21988289549367],[-120.320038937955,36.21997425807075],[-120.32023782226396,36.22012473004436],[-120.32054938136069,36.22048807038674],[-120.32069213982902,36.2207120968716],[-120.32079205045491,36.22097331631719],[-120.32091951690217,36.22118576999172],[-120.32111637461185,36.221288296618],[-120.32132651121803,36.221354460220326],[-120.32173096330169,36.221463217647845],[-120.32201505820521,36.22152732293887],[-120.32231749580858,36.22167490905258],[-120.32282956157167,36.221876675089064],[-120.32303098721452,36.22208706961091],[-120.32315592490426,36.22223959059211],[-120.32338389756046,36.2223772499054],[-120.32371744921194,36.222559972749785],[-120.32391888473632,36.22277036688315],[-120.32410451350492,36.222957197089116],[-120.32434982095116,36.223154370354415],[-120.32449158139119,36.22335442086057],[-120.32464509269346,36.22348214999672],[-120.32488329446576,36.223511523740726],[-120.32513730838373,36.22356445631126],[-120.32533417507655,36.223666977645706],[-120.32566519707224,36.22378976247444],[-120.32596663035906,36.22391337252467],[-120.3261727074785,36.22388363948853],[-120.32651496739841,36.223922116552714],[-120.32704134152735,36.224111461551004],[-120.32769164633453,36.224429347495594],[-120.32814812883943,36.22471663344147],[-120.32847865227012,36.224827422530446],[-120.32876174285718,36.224867540517955],[-120.32908921021928,36.22490641929223],[-120.32926565012089,36.22495642975948],[-120.32935903718118,36.22498289773428],[-120.32954214527712,36.22510979736015],[-120.3296058780516,36.22521377470759],[-120.32962170187531,36.225239574448665],[-120.32976297453014,36.225427637941074],[-120.32985833968071,36.22558097490635],[-120.32993738873077,36.22569877247275],[-120.32995574131202,36.22578225621092],[-120.32987410870722,36.22595253006362],[-120.32985266322643,36.22614511663513],[-120.32984752935458,36.226373255308964],[-120.3298301568353,36.226661735597254],[-120.32994184437456,36.226850613081986],[-120.3300045746292,36.22693286947392],[-120.33012444132912,36.22696552605853],[-120.33034634047564,36.22695934330176],[-120.33065597178779,36.226926717874726],[-120.33095183013,36.226918472020934],[-120.3311645296297,36.22704454240038],[-120.33133183186818,36.22714787658215],[-120.33154656335707,36.22732188304127],[-120.33183424882685,36.22746986112701],[-120.33213316144099,36.227533525980675],[-120.33222497465293,36.22760296768534],[-120.33230657402008,36.22778068839952],[-120.33244798771042,36.22792824169913],[-120.33263238039721,36.22808509481013],[-120.33274867090398,36.22820784951432],[-120.33280069054547,36.22838639494561],[-120.33287680479951,36.22860926547216],[-120.33294221023701,36.228841433914106],[-120.33300532317394,36.229019670653194],[-120.33309024271436,36.22918829688515],[-120.33318549288057,36.22933863446752],[-120.33330255773515,36.22947936676815],[-120.33356384980354,36.22961608146446],[-120.33382591082977,36.22977076237549],[-120.3341423010661,36.22989693612647],[-120.3342574570007,36.22999272099912],[-120.33436190052552,36.23009780415566],[-120.3344885288446,36.23020226834119],[-120.3346603037949,36.23032346830232],[-120.33478316907126,36.23036140525225],[-120.33490562561417,36.230465779232425],[-120.33510034982504,36.2305618220983],[-120.33518981573913,36.23051327098129],[-120.33538553618166,36.230453341809636],[-120.33547827106506,36.23048963960082],[-120.33563819005025,36.23059317284904],[-120.33579543924245,36.23063378351967],[-120.33602116251714,36.23071748010055],[-120.33614664997582,36.23079497892132],[-120.33630924594054,36.23096143399272],[-120.33636126737865,36.231139978209434],[-120.3363788662734,36.23129248008759],[-120.33642208691664,36.231525266628715],[-120.33654030520803,36.231692963578425],[-120.33664474963118,36.231798046623915],[-120.33681615178065,36.23191025605986],[-120.33696727805584,36.232068030855544],[-120.33717272635458,36.232197289172845],[-120.33732193652327,36.2323101248196],[-120.33739538996743,36.23247006464982],[-120.3373823814638,36.23268642385824],[-120.33742255322497,36.23284729692881],[-120.33748491696696,36.23300755231],[-120.3376253209509,36.23317462727441],[-120.33784761266122,36.23343840711817],[-120.33809094830538,36.233674605899814],[-120.3383442300964,36.233883523849904],[-120.33864228032787,36.23410019506792],[-120.33873716487976,36.2342415375968],[-120.33886687262364,36.234417913608496],[-120.3389257976147,36.23449726152611],[-120.339074246012,36.2345921111219],[-120.33939219841864,36.234754222931144],[-120.33967494405262,36.23487231897446],[-120.33989035736282,36.23497429654141],[-120.34001815528838,36.23510571654725],[-120.34017043589871,36.23529046020888],[-120.34034873710958,36.23556446681693],[-120.34050791049307,36.23565001592912],[-120.3406487169223,36.235826077197196],[-120.34074130717696,36.235913480927664],[-120.3407447603009,36.23599438515587],[-120.34075241304878,36.2361741655892],[-120.34075050502713,36.236390210229324],[-120.3408408153576,36.23668467904705],[-120.34089208670244,36.23684523740072],[-120.34084465026555,36.237035562598095],[-120.34075709237311,36.23718428526395],[-120.34070997393984,36.23726432232836],[-120.34068281427552,36.237409073980054],[-120.34069085240068,36.23759784725392],[-120.34068817721777,36.237795913934896],[-120.34060974710697,36.23804109921784],[-120.34055925460146,36.238420499276195],[-120.34051066652437,36.23858385371586],[-120.34048311968617,36.23871961782894],[-120.3405604197164,36.23896945033678],[-120.34054702763211,36.23917681666046],[-120.34056808144744,36.23941022094536],[-120.3406097974126,36.239607049146514],[-120.34068249986518,36.23974901279104],[-120.34078466256749,36.23980015853302],[-120.34096642319051,36.23989407139214],[-120.34104945447223,36.24001774727823],[-120.34105826514852,36.240224494968786],[-120.34104106061422,36.24060296572814],[-120.34111797526715,36.240843808814724],[-120.34120522773237,36.24106635909574],[-120.34122360007657,36.24123684093317],[-120.34124465568853,36.24147024558785],[-120.34130282968799,36.24179261021371],[-120.34131240572893,36.24201733278897],[-120.3413181513535,36.2421521715303],[-120.34136598304912,36.24223183110847],[-120.34145705335429,36.24228328314402],[-120.34161432949591,36.24232388267112],[-120.34173945762849,36.242392379518115],[-120.3418412394451,36.24243453523963],[-120.34191165388866,36.242522561906],[-120.34197480006323,36.24270079354053],[-120.34205937195568,36.242860421586684],[-120.34207010143342,36.24311211298238],[-120.34211105293228,36.24329095910072],[-120.34212942886973,36.24346144115773],[-120.34213479360861,36.243587291422934],[-120.34210878199123,36.24375901245201],[-120.34202766771435,36.24394127382123],[-120.34197869156506,36.244095640215846],[-120.34192781368233,36.244205062256704],[-120.3419423547118,36.24428565071801],[-120.34206136891055,36.24447131742427],[-120.34219148538787,36.24465667288274],[-120.342299015524,36.24483366004946],[-120.34234915858484,36.24496725288403],[-120.3424708596446,36.245215837420304],[-120.3426009752236,36.245401196908986],[-120.34266565302576,36.24561538021059],[-120.34282486863009,36.24596191447408],[-120.34285395787562,36.246123094210915],[-120.3427862428695,36.24635898226514],[-120.34270589575387,36.24655922552372],[-120.34260679810329,36.246840988663934],[-120.34256854065195,36.246986050766424],[-120.3426730201094,36.24709112774552],[-120.34276716175454,36.247214489416535],[-120.34281960090927,36.2474020182862],[-120.34282918054343,36.24762674284501],[-120.34293748951895,36.24782170442739],[-120.34312463554205,36.2480414623329],[-120.34318549011437,36.24816576067763],[-120.34318052692241,36.248309893015865],[-120.34324866413672,36.24860497473594],[-120.34327507280945,36.248703232430785],[-120.34333516291544,36.248809546639286],[-120.34338760566341,36.248997073854696],[-120.34342800918994,36.24903437002253],[-120.34349169974358,36.249093156982354],[-120.34356250225933,36.249190175255514],[-120.34376762446962,36.24931043152724],[-120.34405274165594,36.249482447871074],[-120.34416754994254,36.249569232144395],[-120.34422572573864,36.2496306013481],[-120.34429805898365,36.249763573103436],[-120.34442207769682,36.250066089342724],[-120.34449748767166,36.2502709747253],[-120.34455069578425,36.25047647606666],[-120.34467622456542,36.25055396037119],[-120.34488289277631,36.250710173329004],[-120.34493342301106,36.25085275141081],[-120.34495027271086,36.25098727716711],[-120.34507963639996,36.25115464911607],[-120.34524305971307,36.251339067973895],[-120.34532765226677,36.251498695762905],[-120.3455098261148,36.25160159049647],[-120.34569123100496,36.2516865084685],[-120.34586153900642,36.25177173422883],[-120.34596486862029,36.25184984097837],[-120.34604600984665,36.25192856340988],[-120.34607319286712,36.252044797819934],[-120.345992471154,36.2522360545582],[-120.34592428902396,36.252442891630835],[-120.34591903298121,36.252598102565095],[-120.34593396387956,36.252687680350576],[-120.3459404892418,36.25284049153557],[-120.34602546357945,36.25300910260864],[-120.34610699197971,36.25309682035531],[-120.34618966573194,36.253211501337475],[-120.3463484968573,36.25328805206169],[-120.34649277797006,36.25328401202128],[-120.34654941315544,36.253309422184174],[-120.34661066478307,36.25344270352168],[-120.34668032554009,36.25351274810293],[-120.346706726128,36.25365265307745],[-120.34696591793524,36.25383646912889],[-120.34711101920983,36.25394125220531],[-120.34722765916125,36.2541003980206],[-120.3473987370189,36.25420360299434],[-120.34750246458646,36.25429068989489],[-120.34763425911673,36.25434571036034],[-120.34778529735704,36.25440876076856],[-120.34797934962806,36.254529321225036],[-120.3481795373925,36.25479370124881],[-120.34832270189933,36.255023683216294],[-120.34837498115395,36.25517116771309],[-120.3483858759217,36.25520190879695],[-120.34838091991628,36.255346039747],[-120.34846590593204,36.25551465410568],[-120.34853441774382,36.25555773141681],[-120.34870512100399,36.25565194624588],[-120.34882502273823,36.25567268188143],[-120.34906334757974,36.25571390104886],[-120.34925394133693,36.25575355986246],[-120.34952376560388,36.25582699395421],[-120.34966155818532,36.25593112820825],[-120.34975726379737,36.25609043875192],[-120.3498679083926,36.25633932764025],[-120.34996553550104,36.256543579400784],[-120.34993645973024,36.25664339322233],[-120.34992348805753,36.25685974999249],[-120.34991819428555,36.25725588229352],[-120.34993812880005,36.2574623199865],[-120.35005757059685,36.25765696510724],[-120.35010162577501,36.25790771932347],[-120.35029765254305,36.25833420804347],[-120.35038033887169,36.2584488849597],[-120.35047527911914,36.25859021895319],[-120.35053197359333,36.25887661734745],[-120.35064339882454,36.2591434824147],[-120.35075250909728,36.25935641620376],[-120.35082794691988,36.25956129605773],[-120.35085557280982,36.25994750556195],[-120.35087474375631,36.26013596073568],[-120.35087171643382,36.260325039840815],[-120.35086292102886,36.260379281731396],[-120.35103401954775,36.26048248203218],[-120.35104973018375,36.26059003912184],[-120.35111830128434,36.26089410264554],[-120.35112521831202,36.2610559049351],[-120.35113406132768,36.26126264984561],[-120.35111608873379,36.261362147621604],[-120.35088574272865,36.26169259632325],[-120.35072578781083,36.26185007849362],[-120.35063242590334,36.26200569374766],[-120.35073424095768,36.26204783381836],[-120.35084754187119,36.262098652780814],[-120.3509593093605,36.262113522536275],[-120.35106343128848,36.262209595328585],[-120.35117062994627,36.262377579919445],[-120.35132107080688,36.26251735674814],[-120.35148415455684,36.26269277658584],[-120.35167899824366,36.26283130411843],[-120.35197143130965,36.26291309892253],[-120.3521111633538,36.26306217144574],[-120.35233700071453,36.263145829682486],[-120.35255975954881,36.26315758321609],[-120.35277411284694,36.26323256183872],[-120.3530351740483,36.26336023379067],[-120.35323920031395,36.26345350411655],[-120.35345624316805,36.263591405215635],[-120.35372994456378,36.263754717182536],[-120.3539956249023,36.2639902485213],[-120.35424180191772,36.264289326427225],[-120.35446539528688,36.2645800374503],[-120.35470047810851,36.26487942382394],[-120.35479697064478,36.26505670995259],[-120.35491149865697,36.265395483323914],[-120.35506118313614,36.2655172718922],[-120.35526444763042,36.26559256042148],[-120.3555155716681,36.26574750621286],[-120.3556847666569,36.26580574534314],[-120.35581071135806,36.265892205108116],[-120.3558827014466,36.266016178093835],[-120.35589765210791,36.26610575570366],[-120.35586018337739,36.266268803116894],[-120.35583343064991,36.26642254524645],[-120.35583234099347,36.266656569265415],[-120.35572641345179,36.26703753101799],[-120.35562047692697,36.26741849453353],[-120.35556620251415,36.26770800319665],[-120.35564666461413,36.26802973665505],[-120.35574662734231,36.26828791757308],[-120.35592468510973,36.26855290649512],[-120.35592051692682,36.26871501449337],[-120.35596151873135,36.26889385850276],[-120.35595240622106,36.269200100875366],[-120.35589242031968,36.26961577268172],[-120.35582318626241,36.269815709362526],[-120.35579604546272,36.26996046662709],[-120.35575857403728,36.270123513958865],[-120.35554201896839,36.27051658059232],[-120.35516396387936,36.27103117752351],[-120.35490261611544,36.27141650250115],[-120.35468706895628,36.27179004292657],[-120.35459013355057,36.27194876056456],[-120.35449884944637,36.27223931271222],[-120.354375901525,36.272482756780114],[-120.3543045429521,36.272892745466486],[-120.35428367059647,36.27309732546855],[-120.35432148607667,36.27328825545674],[-120.35433072345272,36.27350398819015],[-120.35429401739191,36.2736850091051],[-120.35412666305109,36.27392969866826],[-120.35394194607251,36.274114879952265],[-120.35380392801392,36.274309248202734],[-120.35377753101932,36.2743584586699],[-120.35370099815036,36.27450113119009],[-120.35357817868808,36.274747571512755],[-120.35351734298041,36.2748842714803],[-120.35348025333897,36.27505630465668],[-120.35340186544896,36.275263622286495],[-120.35341562763912,36.275364108871436],[-120.35353010354905,36.275441893658275],[-120.3537789521541,36.27554290288951],[-120.35400636426152,36.275662514608264],[-120.35425752243519,36.27581745562648],[-120.35441371790354,36.27583106845195],[-120.35466904426009,36.275823897403804],[-120.35487117687713,36.2758722204935],[-120.3550545742306,36.276002065383864],[-120.35524714877299,36.276086651942094],[-120.3554393361415,36.27616225037675],[-120.35553963663625,36.276168432862406],[-120.35575094913715,36.27617149477505],[-120.35607211481752,36.27614447563711],[-120.35640438547145,36.27611714146319],[-120.35652573079832,36.276095731956076],[-120.35660729153794,36.27618343391563],[-120.35661230054394,36.27630029125374],[-120.35666210044837,36.27642488500805],[-120.35669848850559,36.276495861297676],[-120.3567597688793,36.276629134212136],[-120.3567554650508,36.27670101700685],[-120.356753297416,36.27673731214794],[-120.35679045443108,36.27682626551599],[-120.35684903896068,36.276896615014635],[-120.35693977958415,36.276939063521745],[-120.35713042813857,36.276978705764506],[-120.35740796803553,36.27697090260266],[-120.35763231059963,36.277018594212066],[-120.35776861018104,36.277086760103614],[-120.35786127140261,36.27717415244509],[-120.35797536732517,36.27724294462415],[-120.35812162023994,36.277283830144235],[-120.35835629163319,36.277313232915404],[-120.35855573379592,36.27729862458939],[-120.35876627913558,36.277283707032154],[-120.35892222487229,36.277295564169364],[-120.35911196343334,36.2773099849312],[-120.35936922386271,36.277347746269655],[-120.35960659738834,36.27744006641196],[-120.3598761162281,36.2775044820981],[-120.3600576019666,36.27758937770408],[-120.36028232990799,36.27764605028007],[-120.36059703041326,36.277727198078004],[-120.3608240769064,36.2778378034032],[-120.36104156352822,36.27798467778639],[-120.36134516444986,36.27806613083684],[-120.36159171606275,36.27811319029148],[-120.3618596951901,36.2781416440738],[-120.36219891341442,36.278276095314936],[-120.3625040639299,36.278393500620076],[-120.36281953788466,36.27849261737791],[-120.36312507557406,36.278619008659156],[-120.3633165011712,36.27867661612244],[-120.36374222446244,36.278754624275386],[-120.36398800532082,36.278783700614056],[-120.36422462156665,36.27885803492598],[-120.36439461515776,36.278934244051456],[-120.3645535145551,36.27901076377254],[-120.36478172616312,36.27914833179792],[-120.36494294321392,36.279278786059436],[-120.36512405166005,36.279354677588],[-120.36539164900339,36.279374136014],[-120.36560257972029,36.27936819420634],[-120.36580241265021,36.279362563791025],[-120.36621356167429,36.27935997923112],[-120.36634871590373,36.27940116706914],[-120.36643299584367,36.279551789698246],[-120.3665632300003,36.279737105376086],[-120.36665706711658,36.279851460474816],[-120.36674018733149,36.279975108596936],[-120.36686048432445,36.28018771185413],[-120.36690113129441,36.28035755651843],[-120.36693366557908,36.280453279545505],[-120.36696475986433,36.28054475888802],[-120.36703678319054,36.2806687209202],[-120.36724202128349,36.28078893090356],[-120.3673898273854,36.28086575874496],[-120.36750664520328,36.280997460750214],[-120.36768206821195,36.2811995052574],[-120.36791647639882,36.28148088783064],[-120.36803174641946,36.28157663192868],[-120.36826914240294,36.28166893186237],[-120.36855249529808,36.281795935697545],[-120.36901618588479,36.28198084849187],[-120.36919807137363,36.28207471571941],[-120.36932483533833,36.28217913287517],[-120.36939764019884,36.28232107709836],[-120.36945894752203,36.28245433789493],[-120.36954671921349,36.28268585324049],[-120.36976540059469,36.28285967739346],[-120.3698366531664,36.28296566197717],[-120.36985703863515,36.28318107541726],[-120.36989576410873,36.28330598260035],[-120.37001568291095,36.28350958670227],[-120.37014245136722,36.28361400700733],[-120.3703584225312,36.28372490450439],[-120.37056484190873,36.28387207773667],[-120.37085969503613,36.28400774505265],[-120.37112278553171,36.28418031714679],[-120.37133643904225,36.28423728689715],[-120.37165001934838,36.28429142745557],[-120.37186212506167,36.28431244224008],[-120.37230892732109,36.28436282310079],[-120.37257925374627,36.28444518768224],[-120.3728009121443,36.2844299260845],[-120.37298898522882,36.284354920024064],[-120.37301947135461,36.284342762724],[-120.37320782381519,36.2843284410181],[-120.3735183058319,36.28431067320688],[-120.37365152958176,36.28430691138626],[-120.37382000052848,36.28434715018515],[-120.37393683541433,36.28447884197114],[-120.37397556717613,36.284603744904885],[-120.3740904643959,36.28469049594972],[-120.37440520532537,36.28477159949412],[-120.37471684437217,36.28478079508095],[-120.37471271841005,36.28494290414195],[-120.37465462346232,36.2851425358202],[-120.37453418004395,36.2854429266232],[-120.37445504565396,36.28567014998879],[-120.37445941326287,36.2857714052159],[-120.37446279452162,36.28584992256784],[-120.37456246260238,36.2860990931497],[-120.37464599424571,36.286231730557574],[-120.37465374401165,36.28641150546343],[-120.37466459116872,36.28666318616023],[-120.37466085327883,36.286834281735636],[-120.37464174790937,36.28690681840717],[-120.37472178780116,36.28695855672639],[-120.37492589761014,36.287051782933275],[-120.37505461810551,36.287201136663114],[-120.3752472393603,36.28728569081072],[-120.37566888879174,36.28752576581538],[-120.37585957507541,36.28756537516581],[-120.37603760858832,36.287569341023605],[-120.37628125504956,36.28752631685048],[-120.37640167601003,36.287505053843205],[-120.37661907280035,36.28739091198076],[-120.37682474118634,36.287520091818784],[-120.37705609869452,36.28772953920711],[-120.37750112857785,36.287995946523026],[-120.37790858642443,36.28816441073856],[-120.3782887965718,36.28821665218858],[-120.37855681612332,36.28824507332422],[-120.37897755825632,36.288206173200074],[-120.37930697047099,36.28824034938186],[-120.37964092995767,36.28842289218247],[-120.37984424116435,36.28866912853008],[-120.37983823592666,36.288873290663915],[-120.37996649828125,36.28909764610192],[-120.38021008725033,36.28924674610928],[-120.38046589600219,36.28933550058141],[-120.3809886894464,36.289428697881895],[-120.38137721889164,36.28950169699806],[-120.38166108292815,36.28955365516362],[-120.38196337141115,36.28968909103601],[-120.38241785157126,36.28991620863258],[-120.3825583355053,36.29008022291421],[-120.3827754367499,36.290302062367104],[-120.38282233060434,36.290391318865375],[-120.38301769711066,36.29076317917418],[-120.3831669926193,36.291130928670356],[-120.3833370913133,36.29129410338694],[-120.38355108348871,36.29144403331095],[-120.38388765886947,36.29168648707497],[-120.38427072206619,36.29197562119094],[-120.3846722177942,36.29234822333948],[-120.3848581663631,36.29253494224565],[-120.38515344798687,36.29285055730508],[-120.38547522811491,36.293093426642535],[-120.38568788808874,36.29324718328252],[-120.38616764414601,36.29333777950502],[-120.38647905951228,36.2933409536942],[-120.3866326741208,36.293329032382964],[-120.38696656982708,36.29330312551747],[-120.38748939920391,36.29339629418553],[-120.38774159672836,36.29340114090233],[-120.38814183930657,36.29340178384889],[-120.3884337809941,36.29329750841609],[-120.3887976696511,36.2931431929154],[-120.38897220871753,36.29306624248861],[-120.38928258113978,36.29304543568952],[-120.38954832256375,36.29312883879465],[-120.38970333854412,36.29317748350542],[-120.39004253341226,36.29347984461934],[-120.39036329574907,36.29369873047529],[-120.39092455954533,36.29399477744594],[-120.39136012927041,36.29412640082019],[-120.39181465614293,36.294353481607295],[-120.3922247774943,36.29458182009412],[-120.39261696487935,36.29473867263434],[-120.39295448708444,36.29482402807482],[-120.3931715038874,36.294878909206126],[-120.39328829026422,36.29497008202925],[-120.39361643046448,36.29522624794991],[-120.3938569427037,36.295303410556485],[-120.39403512174368,36.29531035030024],[-120.39407015424314,36.29531218134986],[-120.39433225838852,36.29532590082644],[-120.39455641140809,36.29536752768306],[-120.39466420205567,36.29546046002738],[-120.3948780954164,36.29566567810935],[-120.39533849457592,36.29596926257765],[-120.39560831345298,36.29610164790327],[-120.39577771954588,36.296184761031945],[-120.39585144517956,36.296246798794186],[-120.39617773215538,36.29652136775445],[-120.3964429408784,36.2968258090133],[-120.39687256914618,36.297161571676995],[-120.39731596319739,36.29747294274859],[-120.39774456289416,36.297784732496346],[-120.39807860053425,36.29796721749114],[-120.39854485491277,36.29812193829884],[-120.39878746651483,36.29824703007636],[-120.399081783348,36.298538634028326],[-120.39935481819379,36.299022836430765],[-120.3998741207848,36.29971601737347],[-120.40019001964265,36.300163000824334],[-120.4006132150747,36.30069091740107],[-120.40102004230395,36.30118330536623],[-120.4012650533061,36.30170429685768],[-120.40172255989043,36.30233923055592],[-120.40203952415021,36.30281017191092],[-120.40241520319528,36.30326744591691],[-120.4027142361837,36.30366690095099],[-120.40296730058238,36.30403167214023],[-120.40314372072105,36.30433862293476],[-120.40325466804852,36.30450345245228],[-120.40352535559646,36.304591732764536],[-120.40389551179916,36.304581180686235],[-120.40430383651999,36.30442555184394],[-120.40478827729146,36.30431574361318],[-120.40530858419898,36.30434890284547],[-120.40574704021103,36.304204408441116],[-120.40607017230357,36.30413519770202],[-120.4065619100901,36.30419316567278],[-120.40722819323129,36.304174157210156],[-120.40742015063108,36.30415668132203],[-120.40758999959343,36.30397184569334],[-120.40764361733781,36.30394065180087],[-120.40789361848135,36.3037951901769],[-120.40810150390946,36.30369024885438],[-120.4083723091367,36.30355354142718],[-120.40871669087728,36.303291724935924],[-120.40909172852524,36.3030530319594],[-120.40926231949602,36.30292758084667],[-120.4096519332078,36.30264106242333],[-120.40988379646747,36.302519257929795],[-120.41001424621976,36.3024507283847],[-120.41060178483978,36.302325954649994],[-120.41116022792602,36.30221400851339],[-120.41188519081818,36.3021813015707],[-120.41252080008566,36.30213913755363],[-120.41274341159624,36.30214477863292],[-120.41299719913873,36.302185522966454],[-120.413233047325,36.30215478083304],[-120.41341611140349,36.30193356366296],[-120.4136077094772,36.30156810647891],[-120.41371036894786,36.30123290865358],[-120.41396180739586,36.300850027303014],[-120.41420123357193,36.300672530700275],[-120.41445003007469,36.30048808789533],[-120.41501123009057,36.30010006265366],[-120.41561631280804,36.29969878012393],[-120.41596432014914,36.29952083710026],[-120.41668873506899,36.29947611526263],[-120.41716198103538,36.29945057460181],[-120.41742376538053,36.29933508912495],[-120.41748629531081,36.299291166459454],[-120.41756814530792,36.29923366833128],[-120.41779770349058,36.299072404168804],[-120.41803593131405,36.29884091644459],[-120.41817007493879,36.2987737664867],[-120.41842228953122,36.29877854336648],[-120.41876280582115,36.298768796301545],[-120.41910594070012,36.298818970179546],[-120.41947764020848,36.298844322810176],[-120.41979431251579,36.29896724870721],[-120.42005228351258,36.29910385050752],[-120.42050953317872,36.29939073740096],[-120.42054534631414,36.29941091915816],[-120.42075270532949,36.29952776343709],[-120.42104029198454,36.29966351647423],[-120.42115925767426,36.29967210867813],[-120.42135315363845,36.2995865630673],[-120.42153685641911,36.29949330043462],[-120.42206617702216,36.29939413795069],[-120.42248609180679,36.299166119071565],[-120.42270554753577,36.29909983455706],[-120.42302169612526,36.299210762896585],[-120.42332551623583,36.299265315872695],[-120.42342510346822,36.299283193944234],[-120.42377086502107,36.29939327423859],[-120.42403840577059,36.299409602232814],[-120.4242531462426,36.29923545584974],[-120.42449703075742,36.299015939008534],[-120.42465247523417,36.29887602553267],[-120.42491424790121,36.2987605240014],[-120.42535735089828,36.298723819188424],[-120.42566248434576,36.29858307332305],[-120.42591574008563,36.29861180851445],[-120.42619441455474,36.29854381780555],[-120.42660317945004,36.29840009673011],[-120.4268792218554,36.298272183794595],[-120.42705163550788,36.29814724264836],[-120.42735571073997,36.297982524948914],[-120.4276624135443,36.297877730016786],[-120.42778137743736,36.29788631590141],[-120.42811495873329,36.29805672730664],[-120.42837124718552,36.29819241846851],[-120.42876259105253,36.298290116393275],[-120.42899894678693,36.29827133527391],[-120.42923319956526,36.298204610534455],[-120.42969592086979,36.29793934289452],[-120.42973677804554,36.29793046234902],[-120.43007769318746,36.29785637933077],[-120.43057843388972,36.29778200374686],[-120.4308470184816,36.29782228338082],[-120.43127635569525,36.29780994428351],[-120.43164542313983,36.297775342238424],[-120.43186696835014,36.29775697874233],[-120.43253317782947,36.29773783115127],[-120.4327287922708,36.297804202978995],[-120.43309304384714,36.2979977187363],[-120.43339492898656,36.298121028961],[-120.43378511043359,36.29822980698198],[-120.43410975978063,36.29819647138944],[-120.43432070846387,36.29827440066334],[-120.43445520602482,36.2983383683774],[-120.43448724354113,36.29835360263911],[-120.43475899110109,36.29846578092597],[-120.43531623763141,36.29866573710601],[-120.4357095856398,36.29884641006877],[-120.43611299927095,36.298918796567456],[-120.43658622816938,36.29889317898147],[-120.43689134275226,36.298752410254025],[-120.43713881423999,36.29864929311762],[-120.43752426426042,36.2986501981054],[-120.4378547050461,36.29874867519327],[-120.43799637655295,36.2989365878399],[-120.43822476872235,36.299074000558576],[-120.43867207673323,36.29913311691259],[-120.43881850751444,36.299153701272424],[-120.4392388705584,36.29921279005462],[-120.43964914282672,36.29944095648979],[-120.43997216083322,36.299707633680804],[-120.44032795656781,36.30004535895011],[-120.44088944314626,36.300341166091144],[-120.44117653752454,36.30046488093213],[-120.44135377423179,36.30060875675302],[-120.44137638392917,36.30062710944213],[-120.44159156008412,36.300800898696664],[-120.44175652310963,36.300844137808426],[-120.44206638349216,36.300811209480415],[-120.44239104092405,36.30077785544383],[-120.44268556167478,36.30073336599759],[-120.44282950861424,36.30066463289528],[-120.44319372156302,36.300490732569315],[-120.44341368304347,36.30043638750667],[-120.44357654041798,36.30043169615736],[-120.44398049932653,36.300516039770244],[-120.44429668025538,36.30062691396977],[-120.44430775738115,36.30087857632306],[-120.44430350116333,36.30111868045106],[-120.44422733480702,36.30140885759264],[-120.44415510666492,36.301516044100325],[-120.44400469544871,36.30173925986462],[-120.44383226472823,36.30220019902962],[-120.44385973520961,36.302487388006675],[-120.4438501708468,36.302943632999856],[-120.44386546466451,36.303291165324744],[-120.44387492841604,36.30384285453426],[-120.44396214405033,36.304140321744285],[-120.44403560827425,36.304462176512594],[-120.44408263238444,36.304856795349025],[-120.44401648673511,36.30537467040562],[-120.44386627763984,36.30566698321764],[-120.44375096360174,36.306078276553166],[-120.44370225245548,36.306655643617404],[-120.44371438779665,36.306931274113744],[-120.44356203442278,36.307511626774044],[-120.44345624432333,36.3078026560546],[-120.44351226775605,36.30806502276963],[-120.44363385293309,36.30846949301491],[-120.44364598557931,36.30874512216704],[-120.44361264820083,36.30899806495278],[-120.44363589390544,36.30918938198318],[-120.44380721430822,36.309376423969994],[-120.4441762943292,36.309677757349874],[-120.44426934452129,36.310132875898454],[-120.44441366965147,36.310354865355855],[-120.44457918244593,36.31041008953732],[-120.44473411308635,36.3105616063818],[-120.44490121320393,36.31065277752258],[-120.4451437682121,36.310743481655486],[-120.44528088705708,36.310857810133],[-120.44537817909394,36.311046985720786],[-120.44570338000656,36.31136158267106],[-120.44597994073982,36.31158158160653],[-120.44616343331471,36.31170828050114],[-120.44646591134223,36.311843534583254],[-120.44672555590036,36.312016029181244],[-120.44690799654805,36.312118757301576],[-120.44714225112303,36.312387975331376],[-120.44731622604745,36.312634935175126],[-120.4474589979905,36.312846795072964],[-120.44762663260568,36.31294994772682],[-120.44782599930994,36.31310018130562],[-120.44817238070034,36.31322216760836],[-120.44844367191615,36.3133223259054],[-120.44853832649932,36.31345158441018],[-120.44889845301188,36.313885152222035],[-120.44918295754722,36.31428490031167],[-120.44946641015531,36.31466068647467],[-120.44986091699045,36.31520124877673],[-120.45019408326469,36.31569558560533],[-120.45033687497069,36.31590744080477],[-120.45059601377733,36.316067942706965],[-120.45079962232637,36.316314039673706],[-120.45094135491865,36.316501930262426],[-120.4512031401621,36.31672234536668],[-120.45149330677866,36.31683517183288],[-120.45199041828724,36.317028464478966],[-120.45226986710412,36.317177099969356],[-120.45261888325325,36.31730593009729],[-120.45287360684027,36.317372661655895],[-120.45311526622811,36.31740271667885],[-120.45318547855072,36.317437730552435],[-120.45322762930047,36.317575744008856],[-120.45325143555382,36.31777904008128],[-120.45334716003049,36.31793225731318],[-120.45360208034857,36.31799687842766],[-120.4538023624361,36.31817782725174],[-120.45383373340245,36.31820616147105],[-120.45407965619465,36.318403031389984],[-120.45428962751085,36.31845695715242],[-120.4544509272066,36.31841629153021],[-120.45463866701616,36.31830286803973],[-120.4548126590086,36.318213841080635],[-120.45506440018887,36.318206552327716],[-120.45531826139322,36.31824720430704],[-120.45556001959574,36.31830770307548],[-120.45573098336736,36.318401745185234],[-120.45586703950535,36.31846080128779],[-120.45603800327696,36.31855484827944],[-120.45605427086844,36.31867136783831],[-120.45604793505073,36.318779544666114],[-120.45613163827227,36.31891210913597],[-120.45621374967915,36.31900872290604],[-120.4563204587551,36.319158624889084],[-120.45637996585448,36.319246895846724],[-120.45645770965243,36.31924464627938],[-120.45666594901674,36.319175621878536],[-120.45676431633699,36.31913677626455],[-120.45685753720898,36.31923307056072],[-120.45691863163142,36.31935729248801],[-120.45697893373983,36.31946353727347],[-120.45706223631277,36.31958711393133],[-120.45715705259268,36.31971935928188],[-120.45716261316429,36.31984519087457],[-120.45724791179377,36.32001370500701],[-120.45729988382453,36.32018318793034],[-120.45737169245342,36.320298102585625],[-120.45740739779102,36.32035106439792],[-120.45768386420117,36.32031605545192],[-120.45803966712225,36.32031475407917],[-120.45836056240974,36.32027846328584],[-120.45864694532233,36.32021616598127],[-120.4588143337991,36.320229320139696],[-120.45889645598577,36.32032593155325],[-120.4589059969924,36.32054164063829],[-120.45890682164581,36.320811591725096],[-120.45899609891372,36.32106998742072],[-120.45915519594041,36.32139835507594],[-120.45936074035889,36.32147789183628],[-120.4596029854483,36.32159086124079],[-120.4598557974204,36.32160753561902],[-120.46022177286376,36.32150093476222],[-120.46051317107056,36.32138449904907],[-120.46072893472372,36.32123425393227],[-120.4609407215351,36.321122893701144],[-120.46100100567719,36.3211183773039],[-120.46112399941265,36.32111481050798],[-120.46144978872178,36.32110536443297],[-120.4617766416362,36.32111988566481],[-120.46217541367231,36.321084326266096],[-120.46265247388541,36.32114248501859],[-120.46296239355674,36.32110949360772],[-120.4632263006209,36.32104184749238],[-120.46344099438055,36.32086762927037],[-120.46350080960207,36.3208356162995],[-120.46370171152716,36.32072807563739],[-120.46385419875,36.320595500504126],[-120.46398726349807,36.32047981328223],[-120.4644748205253,36.32010569311088],[-120.46473181505334,36.31988224836658],[-120.46493276369081,36.319732435354325],[-120.46518237766051,36.31967719244364],[-120.46536692126426,36.319491846416284],[-120.46555199128078,36.31931848822102],[-120.46578467560063,36.31921574208372],[-120.46593169388001,36.319187476268574],[-120.4661844977673,36.31920413306597],[-120.46645104498006,36.31919639637381],[-120.46686673678454,36.31920832531199],[-120.46709151862481,36.31926179597162],[-120.46734326250005,36.31925448198374],[-120.4679773554113,36.31917607135813],[-120.46830206853875,36.319142641215954],[-120.46878755225428,36.31905654226639],[-120.46909320672464,36.318927673051306],[-120.46935443680927,36.318800086926146],[-120.46987207212713,36.31853513326464],[-120.47030996489552,36.31828035616716],[-120.47055903987605,36.318213123062534],[-120.47083933041436,36.31818097509672],[-120.47089362099688,36.31820100433412],[-120.47102021607826,36.31824771242043],[-120.47117840490823,36.3184710938128],[-120.4713842143297,36.31876508524537],[-120.47158522674759,36.3189512270114],[-120.4718893729466,36.31912236540464],[-120.47219085294583,36.319233591696076],[-120.47281439244917,36.31925145216135],[-120.47346595130452,36.319232495140426],[-120.47407521657797,36.31926276586212],[-120.4745490742971,36.31924897676885],[-120.4749467656599,36.319189407365776],[-120.47559405931429,36.31907457576054],[-120.47575641902209,36.31905784872677],[-120.47591036061739,36.319185356259624],[-120.4760976458794,36.31939588538669],[-120.47634736225703,36.319676591693806],[-120.47646007746899,36.319877289659836],[-120.47664736632426,36.320087822708274],[-120.47691296491611,36.320392063400945],[-120.47720178046647,36.320551633964506],[-120.47734198861772,36.32070353641839],[-120.47758477988279,36.320828459520456],[-120.47800208236659,36.32087629658273],[-120.47826703417142,36.32083258291963],[-120.47842331138646,36.32078184055859],[-120.47863244367618,36.32071394372914],[-120.47911792200179,36.32062780381189],[-120.4794442368254,36.32063029074121],[-120.47977161884754,36.320656748739694],[-120.48001175020107,36.32072174034485],[-120.48047294436961,36.32075629240028],[-120.4808458197727,36.32080541711955],[-120.48108968452456,36.320954295836664],[-120.48147057020503,36.32118316948435],[-120.48164093030877,36.321346185790134],[-120.48199009557825,36.321479514547214],[-120.48237774826775,36.32157667810073],[-120.48267498821885,36.32159200480881],[-120.4832239675536,36.321599985176114],[-120.4834587656093,36.321545139495456],[-120.48373531556277,36.32142907948956],[-120.48444558740678,36.32139635237937],[-120.48472801683378,36.32141210542867],[-120.48519294979057,36.32153052352802],[-120.48543042213088,36.32153558924861],[-120.48571177807112,36.321527375818306],[-120.48626861946123,36.321379130778894],[-120.4867059238331,36.3212103691705],[-120.48693911480278,36.321119565753314],[-120.48712322541856,36.32125817632335],[-120.48722330043616,36.3215072338025],[-120.48746985654063,36.32171601308142],[-120.4876773350319,36.32204592399393],[-120.48788107293834,36.322291949251586],[-120.48806571895003,36.322442541186234],[-120.48835296604192,36.322566134833835],[-120.48876188993904,36.32275817200864],[-120.4890200531753,36.32289461415914],[-120.48926821816241,36.32313933758333],[-120.48944181579442,36.323374243149814],[-120.48970532939653,36.32363052348875],[-120.48984863763378,36.323720270913284],[-120.49002391781032,36.32383003806398],[-120.49007143779053,36.323859798199486],[-120.4904782299855,36.32400389212896],[-120.49076601696486,36.3241394679367],[-120.49139976222814,36.32438491047934],[-120.49176159464142,36.32451831365036],[-120.49204671362439,36.32459396937768],[-120.49238731166098,36.32458400334855],[-120.49256395009024,36.32455483768809],[-120.49281369341735,36.32445705469822],[-120.49292827622678,36.32441219300315],[-120.49311811719578,36.32434664067296],[-120.49338520878763,36.32435082612866],[-120.49380307182014,36.32441059061833],[-120.49407444927422,36.32451063755696],[-120.49417187336338,36.32469977132808],[-120.49423177572149,36.32477574822318],[-120.49432906775833,36.324899155062695],[-120.49466182709578,36.32504540093599],[-120.49499404834235,36.32517966061289],[-120.49517872489679,36.3253302390063],[-120.49548668803743,36.32558519932433],[-120.4958449810885,36.32597067395044],[-120.495974707697,36.326218851507136],[-120.49613084207989,36.32639426567651],[-120.49656995476046,36.326597388934815],[-120.49697676761663,36.32674145536668],[-120.49741374051018,36.3268966430606],[-120.49784482045546,36.32692000861436],[-120.49803948447922,36.326962296015026],[-120.49825217858906,36.32707605501577],[-120.49858173453417,36.32715038963184],[-120.49884990769762,36.327178525907094],[-120.49927830437514,36.327141971978904],[-120.49955860479496,36.32710975749463],[-120.50000610145204,36.327168633304765],[-120.50046411558449,36.32713120728232],[-120.50080526069509,36.32713320114683],[-120.50118654253262,36.327038026808296],[-120.50153767062095,36.32693173879273],[-120.50183331246917,36.32691106840504],[-120.50211039781857,36.326806947060305],[-120.50255766360866,36.3265298467341],[-120.50276959235383,36.32629565052998],[-120.50286413015604,36.326088895504405],[-120.50292958140763,36.32589499422889],[-120.50290027566811,36.3255718810571],[-120.50290756459833,36.325403682190355],[-120.50298675288728,36.32518537674203],[-120.50318118514568,36.32489169613074],[-120.50342787599743,36.32444049817732],[-120.50357197205722,36.32401630958956],[-120.50376266732404,36.32388513038491],[-120.50384527819418,36.32382830177225],[-120.50420957827956,36.323685619569524],[-120.50460027535955,36.32347017467335],[-120.50486767058196,36.3231503503582],[-120.50515577646325,36.32296190474557],[-120.50530815858322,36.32305342398972],[-120.5054593477405,36.32320816378185],[-120.5054791088801,36.32322838786692],[-120.50561883463605,36.32336827140028],[-120.50595053126649,36.32349052245332],[-120.50632611688677,36.32359948076552],[-120.5066720886454,36.32370930743444],[-120.50711228828744,36.32393635564164],[-120.50753659942707,36.324139868172416],[-120.50795715381216,36.324259498031175],[-120.50832575772606,36.324212671233326],[-120.50864562444255,36.32407128453063],[-120.5091849352099,36.323863448825506],[-120.50947679425246,36.323758875402994],[-120.50998593599928,36.32364882371511],[-120.51031764700278,36.323662162576234],[-120.51065297462362,36.323714328864284],[-120.51117141213699,36.32385303542152],[-120.51152788969289,36.32386654722543],[-120.51200337336269,36.323888557369216],[-120.51225707646354,36.32387214403118],[-120.5123434324101,36.323866554462995],[-120.51268456045275,36.32386851728949],[-120.51289096276231,36.32393971676191],[-120.5135340253517,36.32396350587531],[-120.51402323977061,36.32396110517923],[-120.51431940892988,36.3239523860996],[-120.5145504241799,36.32403750691472],[-120.51471143012662,36.324096834497276],[-120.51499332864927,36.324100534327485],[-120.5152477638771,36.32415303831495],[-120.51573806256253,36.32417459458451],[-120.51608188824595,36.32423646243468],[-120.51632421418374,36.32434931204026],[-120.51671354672284,36.32443383387991],[-120.51693566865154,36.32442729261956],[-120.51734977133627,36.32440309472833],[-120.51769036218636,36.32439305702339],[-120.51798706853819,36.32439631607504],[-120.51831575581245,36.32426160342703],[-120.51836561680227,36.32424116972189],[-120.51867281727324,36.32414812475264],[-120.51899967917086,36.324162489086824],[-120.51941859592719,36.324328500559645],[-120.51992079100194,36.32453129410643],[-120.52039334616387,36.32481733185763],[-120.52089929170495,36.325186375508586],[-120.52112627890926,36.32528767063145],[-120.5213177098963,36.325258027563855],[-120.52148245732614,36.32496519400912],[-120.52160007823788,36.32461375378734],[-120.5216649608559,36.32446083412389],[-120.52173412394626,36.32429783084676],[-120.52180654881941,36.3242596985106],[-120.52205049891121,36.324408488121506],[-120.522205063039,36.32454791285055],[-120.52237292313131,36.324712727146434],[-120.5224067518883,36.32474594211762],[-120.52261221905165,36.3250278537327],[-120.52273662314207,36.325156169329546],[-120.52289442839141,36.32536749219559],[-120.52311093315465,36.32556508296448],[-120.52328917687333,36.32557182026292],[-120.52359853419931,36.3255266943205],[-120.52368131574937,36.32551073656052],[-120.52389254560528,36.32547001889056],[-120.52408883917296,36.32554821474685],[-120.52419951880248,36.325700934695746],[-120.52420535246193,36.325830346370864],[-120.52421248688192,36.32598851984455],[-120.5242391803206,36.32625170975921],[-120.52434315672149,36.32658461074377],[-120.52435828704579,36.32692012730572],[-120.52429667160048,36.32719792029648],[-120.52426628878094,36.32751078460913],[-120.52432530899341,36.327833014040834],[-120.52442874730342,36.328153926423845],[-120.52449825265192,36.328379856569576],[-120.52466601752278,36.3284828924138],[-120.52499992041558,36.32865301549674],[-120.52531253233782,36.328679779796296],[-120.52565530699236,36.32871764943356],[-120.52598110618298,36.32870802841826],[-120.52644072919811,36.32870644855683],[-120.52682468352359,36.3286711111807],[-120.52709124241446,36.32866323140966],[-120.52737207643354,36.32864293564023],[-120.52791297991385,36.328470967066266],[-120.52812808420359,36.32830862641573],[-120.52830164769964,36.32807105797036],[-120.52862530081505,36.32782597804184],[-120.52883932173654,36.32763966496218],[-120.52902912946784,36.32757406251531],[-120.52933957285703,36.32755288424517],[-120.52966271752598,36.32750432900628],[-120.52973724625352,36.327493132297505],[-120.53003342529426,36.327484373808296],[-120.53035488562205,36.327378880326236],[-120.53069061658644,36.32726095962762],[-120.53115962340303,36.327139093721776],[-120.53138121083416,36.327120543905934],[-120.53166366271904,36.32713618868672],[-120.53194502854076,36.32712786222167],[-120.53238982935369,36.32712669557569],[-120.53273476445649,36.3272124823691],[-120.53324584027615,36.327365336563815],[-120.53372784661319,36.32753105172457],[-120.53399927976282,36.32763100708665],[-120.53421256137082,36.327756681885134],[-120.53444119698369,36.32789389690021],[-120.53466820484924,36.32799516534455],[-120.5349560798635,36.328130625650886],[-120.53521270428567,36.328231017368],[-120.53547547228607,36.328139244390194],[-120.53580957101157,36.327985362586915],[-120.53609923636819,36.3278327947539],[-120.53649040147047,36.32762922673262],[-120.53712120834444,36.327478550013076],[-120.5375869515816,36.32728476943886],[-120.53811301309682,36.327113193021766],[-120.53841911133492,36.326996129537626],[-120.53868458326431,36.32696426238217],[-120.53901091425757,36.326966589889274],[-120.53927420867073,36.32688678878007],[-120.53953316601769,36.326711128927585],[-120.54009875699866,36.3264303828212],[-120.54055401959138,36.32633289384922],[-120.54117977254356,36.326398322921506],[-120.54203742828132,36.32667285013144],[-120.54271140908617,36.32682082600616],[-120.5434381093201,36.32682326062936],[-120.54421086887358,36.326860312632185],[-120.5450444919825,36.32693154989986],[-120.54550463781713,36.32694188328238],[-120.54606844654057,36.326949131413336],[-120.54658565605699,36.32690977003727],[-120.54705136605648,36.32671594969089],[-120.54774693697087,36.32635931662005],[-120.54833885308125,36.326005759967295],[-120.54837717970284,36.32599109562232],[-120.54895100015013,36.32577158317651],[-120.54954779680746,36.32552586563745],[-120.54981911587105,36.32547142873846],[-120.55017964932044,36.32539908642963],[-120.55090415676673,36.325353542064114],[-120.55181789792093,36.32523036754212],[-120.55251387577214,36.325209659068335],[-120.55334802798876,36.32529282368075],[-120.55441682914078,36.32564495997244],[-120.55539461658145,36.325951809030926],[-120.55589309263094,36.32615293665811],[-120.55633733738668,36.32613970316488],[-120.55713642835777,36.326103897091684],[-120.55797004517851,36.32617504313653],[-120.55838467337767,36.326162682471214],[-120.55880919831631,36.32604204085639],[-120.55918048998959,36.3260549711209],[-120.55966861115876,36.32602841363195],[-120.56005416448545,36.32602891445729],[-120.56036950099794,36.326115502910454],[-120.56083510319958,36.32624559999695],[-120.56127326366595,36.326424506114776],[-120.56153100918557,36.32654880342753],[-120.56198945540768,36.3268470886676],[-120.56249013592287,36.32709612104848],[-120.5629859062467,36.32723730758108],[-120.56334731375684,36.32735850388893],[-120.56371582244931,36.327635471722225],[-120.56416001600114,36.327946171808044],[-120.56444022838605,36.328237776871106],[-120.56480820347923,36.32850275833938],[-120.56530234515743,36.32860798614494],[-120.56567255525908,36.328596927823796],[-120.56604604870309,36.32865776015013],[-120.56627035982616,36.328699055123344],[-120.56661314256553,36.3287368111286],[-120.56685117006467,36.32875369385395],[-120.56707603454998,36.32880696762876],[-120.56745280594643,36.32893969235127],[-120.56787510306317,36.329095052251745],[-120.56827051719675,36.32931121036821],[-120.56874763759696,36.32969290331174],[-120.56925273692502,36.33003776029695],[-120.56942439239943,36.33022460390193],[-120.56958838165117,36.330243700093625],[-120.56982531679893,36.33023661220616],[-120.57016592112375,36.33022642255259],[-120.57055094085115,36.33021490925559],[-120.57114219310652,36.33017322718392],[-120.5717740339414,36.33004633178491],[-120.57229014841148,36.329982894501555],[-120.57254189228668,36.32997535789672],[-120.57281941781056,36.32988306229077],[-120.57318744680268,36.329824054647005],[-120.57370793606819,36.32985646485561],[-120.57410941113498,36.32988043670629],[-120.57449552860365,36.3298928742178],[-120.57476153682728,36.329872910947074],[-120.57498146866334,36.329818327278886],[-120.57524966338636,36.32984629541596],[-120.5754312021255,36.32992484511198],[-120.5756423610145,36.33000251326326],[-120.57592372503959,36.329994087234056],[-120.57618808665129,36.32993816987222],[-120.57650948769027,36.32983254799882],[-120.57703984854243,36.32975666794425],[-120.57748410587462,36.329743352561096],[-120.57757129994935,36.32975957432899],[-120.57787296320491,36.32981568794196],[-120.57815816752783,36.32989113082414],[-120.57837918991866,36.32986050889377],[-120.5787488592345,36.32983742718873],[-120.57909000165017,36.329839198084194],[-120.57935461299351,36.329878518900664],[-120.57949311973557,36.329899100933474],[-120.58019845084553,36.330081927621364],[-120.58108203106406,36.33027139669176],[-120.5817105786751,36.33039652011781],[-120.58208573490067,36.3304932513632],[-120.58228517167352,36.330521002149695],[-120.58248287649451,36.330197053474],[-120.58290535956253,36.329929846601395],[-120.58359842777054,36.32988091000629],[-120.58437765249914,36.329815318854536],[-120.58468238260306,36.32963738738864],[-120.58485017172848,36.329505758094676],[-120.58499545086946,36.32926228858238],[-120.58537343948315,36.32878678117705],[-120.58604656239689,36.32868216949131],[-120.58708232890265,36.32890422481324],[-120.58794837760006,36.32921576078672],[-120.58851418058347,36.32942379426211],[-120.5888774251484,36.3293847431581],[-120.5899947766482,36.32911203621856],[-120.59071932451873,36.328991787077754],[-120.59139631288315,36.32897142119416],[-120.59248990663866,36.32893851198192],[-120.59378477691676,36.3291245802376],[-120.5947690510921,36.32898242084178],[-120.59608184186179,36.328802225155556],[-120.59640906578043,36.32873610695791],[-120.59699149837637,36.32854977506684],[-120.59910275668634,36.32834548448049],[-120.59972960198992,36.32836877795203],[-120.6004361161811,36.32823494859087],[-120.60094197907715,36.32789618891733],[-120.60149085600395,36.32735922037536],[-120.60190085608279,36.3268264392455],[-120.60224595378067,36.3263940680975],[-120.602565395594,36.32615938513548],[-120.60327370192417,36.32568792186622],[-120.60360855343791,36.32541057655472],[-120.60385920406341,36.32519203011905],[-120.60413485121003,36.324761754560924],[-120.60468692434263,36.32429499880475],[-120.60492798455418,36.324245521646304],[-120.60659882223652,36.32429350932283],[-120.60758818716461,36.32426361545881],[-120.60936317102944,36.32430841572047],[-120.61052870187292,36.32432942985695],[-120.61094981860339,36.32441514663108],[-120.61157095152005,36.32469172541704],[-120.61183001217327,36.324655753663805],[-120.61267208124252,36.324447426643154],[-120.61269803087612,36.32442479567894],[-120.61285678384807,36.3242813922636],[-120.61289625851661,36.324032756913674],[-120.6130336432629,36.32362070787811],[-120.6129718355781,36.32341160149569],[-120.61290807854911,36.32316036072019],[-120.61254972800587,36.32233884306669],[-120.61253870118576,36.32231356466138],[-120.61239838254174,36.321909922583735],[-120.61220923866543,36.3215780829526],[-120.61225222305177,36.321379866862344],[-120.61236976131849,36.32120700865625],[-120.61244752308274,36.321092656272015],[-120.61287039691791,36.32084075227239],[-120.61323990543531,36.320562331533985],[-120.61365952916574,36.320240197253305],[-120.61405547959353,36.320157884217],[-120.61449263125182,36.320214976070524],[-120.61491112849492,36.320244498735825],[-120.61532118606593,36.32009142935973],[-120.61570998410741,36.31985461249335],[-120.61628449895242,36.31949964749704],[-120.61701150910511,36.31943542788834],[-120.61749487638983,36.319364518886665],[-120.61774871603461,36.31921617346812],[-120.61820011497329,36.31884552148448],[-120.61831236485796,36.31900217974278],[-120.61884474332622,36.31923921633893],[-120.61918491017153,36.319453945515086],[-120.61983118783131,36.31989849969143],[-120.62007417043756,36.31989113292643],[-120.62041869411196,36.319824422342556],[-120.62133965412777,36.319444859689774],[-120.62190264268936,36.31921680679249],[-120.6226146680448,36.31882950879497],[-120.62376318300018,36.31848521888968],[-120.62430423919412,36.31815936071223],[-120.62497915694182,36.31809667302819],[-120.62550763851841,36.31824940468419],[-120.62600336841805,36.31844532558367],[-120.62674077477351,36.31860577087016],[-120.62743825909948,36.31865490563048],[-120.62800643633015,36.31853918368078],[-120.62867409299542,36.318161291834905],[-120.62907455027094,36.31779729897664],[-120.62952880046238,36.31709392307746],[-120.62993119899727,36.31677209149615],[-120.63014322655715,36.31677421663748],[-120.63027914884616,36.31677558031805],[-120.63073258785886,36.31680400986772],[-120.63103806985269,36.31682952964486],[-120.6315531162259,36.317067036092375],[-120.63197526062905,36.31741279219871],[-120.63247934126757,36.317924954781496],[-120.63277465073912,36.31829572260909],[-120.63303236930932,36.318231619265426],[-120.63412314594811,36.31779092218857],[-120.6342816905109,36.31781383736594],[-120.634340034292,36.317872089035255],[-120.63444572467841,36.317977623615356],[-120.6345547020005,36.318452517324225],[-120.63467618926121,36.31844881650207],[-120.63584945819254,36.318638130011735],[-120.63701423714613,36.31864484547107],[-120.63763903249423,36.31862580868403],[-120.63941059467612,36.31859994206863],[-120.6402384245498,36.31846218086259],[-120.64071783565402,36.318306910506024],[-120.64108360448486,36.31832388669075],[-120.64136782964414,36.318455865652474],[-120.6418861845125,36.318763547162966],[-120.6432736234857,36.319072837915286],[-120.64431691787352,36.31908318898729],[-120.64462603894258,36.319003426128575],[-120.64537199725956,36.3186008938722],[-120.64564607954095,36.31814244601547],[-120.64575675647554,36.317534269425664],[-120.64587911510205,36.31724466764755],[-120.64591327982893,36.317163799084526],[-120.64606620003975,36.317088807124634],[-120.64630846848539,36.317081405350756],[-120.64636123283023,36.317079793405576],[-120.64707671849612,36.317142327010274],[-120.6486425961224,36.31717886753344],[-120.64902243526555,36.317125063212174],[-120.64941504575711,36.316972411868626],[-120.65015737038878,36.31686532695041],[-120.65082633859433,36.3166760909271],[-120.65126969132302,36.316493754664315],[-120.65191116119942,36.31646006496625],[-120.65232570495695,36.316405189611096],[-120.6532327446791,36.31647588994808],[-120.65415582382067,36.31651796369713],[-120.65453171666479,36.31637987309003],[-120.65526222485722,36.3160898833941],[-120.65529954356904,36.31607506590314],[-120.65561192372594,36.316065499061835],[-120.65657489525265,36.31611570306986],[-120.65685263996545,36.31621034353393],[-120.65741980928638,36.316446137850406],[-120.65783631586281,36.316433376814416],[-120.65847252610322,36.316287298632574],[-120.65903273797228,36.31600289365802],[-120.65935747625254,36.31551473525111],[-120.65976767036746,36.31499582296322],[-120.66013828560932,36.31474535490341],[-120.66101611391505,36.314563724937884],[-120.66129640804662,36.314611387056004],[-120.66237696994231,36.31467669712515],[-120.66268605597709,36.31459688994608],[-120.66314803617149,36.31444206718778],[-120.66327568138351,36.314199046447094],[-120.66366256781005,36.31355425345461],[-120.66408258859587,36.31324600125269],[-120.66494788001351,36.31279748871637],[-120.66502543516526,36.31259820142278],[-120.66511639318104,36.31231411162336],[-120.66555902366424,36.3121176772947],[-120.6660078165903,36.31168195120944],[-120.66632304350833,36.31136284293262],[-120.66639770698316,36.311181003125725],[-120.66651021198935,36.31090701564971],[-120.66677755870275,36.310308082323814],[-120.66686389758135,36.309925676963964],[-120.66728411958977,36.30925171850359],[-120.66744140381623,36.30898089852459],[-120.66752531275196,36.308836426456956],[-120.66772168537142,36.308577227943864],[-120.66808763566196,36.30822842556422],[-120.66836154906008,36.30776993480593],[-120.66862140112906,36.307382197713665],[-120.66887114804939,36.30714948518216],[-120.66969570985206,36.3065756146723],[-120.67005768689411,36.30614253757015],[-120.67040362631339,36.3057380885554],[-120.6711378957519,36.3054623430808],[-120.67220448076012,36.30523263419338],[-120.67270175037216,36.30509075626318],[-120.67298353930036,36.304800788282456],[-120.67329693724848,36.30407383730594],[-120.67346339686728,36.30354831454624],[-120.67384928885882,36.3032551453263],[-120.67425120679502,36.30293335073208],[-120.67459559572211,36.30286649315395],[-120.6754651379677,36.30288192127401],[-120.67620926192485,36.30281681633851],[-120.67637749122476,36.302699119102904],[-120.67639701341253,36.30237502655117],[-120.67640480270434,36.30231837265738],[-120.67647471768458,36.30181003793344],[-120.67686690506966,36.30091187457092],[-120.67698499220698,36.30069352514554],[-120.6773464967352,36.30002508396395],[-120.67794507026015,36.298712680608546],[-120.67832978276375,36.29802571566735],[-120.67879445161583,36.297561325138815],[-120.67928175352148,36.29720875210992],[-120.68015752019365,36.2966191698574],[-120.68112663529857,36.296167348514814],[-120.68136292276098,36.29601941653591],[-120.68160136168855,36.29554792446954],[-120.68145876851024,36.295102245327335],[-120.68146849546815,36.29497457242832],[-120.68148025082195,36.29482028920584],[-120.6815964101747,36.29470418724331],[-120.68186457166006,36.29469591958029],[-120.68239910339011,36.2947778880732],[-120.68281020210851,36.29465269009287],[-120.68309059685141,36.294334616276714],[-120.68326821444431,36.29404783894181],[-120.68325301045813,36.29372481677035],[-120.68324748761579,36.29369377155135],[-120.68320568451402,36.29345927324304],[-120.68295691226575,36.29334013480553],[-120.68263736355291,36.29319527825939],[-120.68246734480898,36.29290516106792],[-120.68230261175218,36.292727395143025],[-120.6816764069474,36.29197313914008],[-120.68118751053211,36.29155220012639],[-120.68077131567107,36.29119934579445],[-120.68064410434538,36.29071099590605],[-120.6806416420632,36.29028912762067],[-120.68079860918436,36.289932666046965],[-120.68090155252267,36.289535678560384],[-120.68177211345777,36.28846803960178],[-120.6821879687556,36.28807546449912],[-120.68245430127105,36.28782814955535],[-120.68265586615281,36.28768128645405],[-120.68302495875021,36.2874026720021],[-120.6830798116781,36.28709155399814],[-120.68289575945279,36.28687219052731],[-120.68169466790049,36.28571371609569],[-120.68116979844964,36.28526575484981],[-120.68072224789363,36.28498419041028],[-120.67956610893646,36.28478071542786],[-120.67879227320125,36.284579519447306],[-120.67807528914544,36.28410933408599],[-120.67727355982234,36.28368394704864],[-120.67680868615439,36.28340289972531],[-120.67670096018551,36.283288457140834],[-120.67655062083452,36.28312874659668],[-120.67646128607446,36.28303384222696],[-120.67619118692303,36.28283118550341],[-120.67589629157483,36.2828402611122],[-120.67515585789684,36.282609882398916],[-120.67491036270275,36.28256117823787],[-120.67416247749946,36.282541996503596],[-120.67401842815205,36.282433909164155],[-120.6737836965717,36.28224422099966],[-120.67348637397559,36.28183141742582],[-120.67300768781182,36.28125541774977],[-120.67296690789121,36.28112788223109],[-120.67286517817683,36.280809723591155],[-120.6729341166884,36.28042784997099],[-120.6733091462515,36.280275665569356],[-120.67349666148223,36.28019957506769],[-120.67409937534232,36.27971689245973],[-120.67448713133808,36.27946585776931],[-120.67498312174918,36.27893019664749],[-120.67530630504567,36.2784139137523],[-120.67543999951278,36.2779315908838],[-120.67534969187726,36.27759295156021],[-120.6753135113309,36.27745727671497],[-120.67528845911423,36.27692358392298],[-120.67513057840644,36.27652055999144],[-120.67440755318033,36.27628963758195],[-120.67368189229718,36.27600253611409],[-120.67337318804643,36.2757166640114],[-120.67336067181958,36.275449817915266],[-120.67345024463317,36.27513763475033],[-120.67347043876077,36.274827586760395],[-120.6732172827339,36.27424464520476],[-120.67335757802174,36.273902774351534],[-120.67361796189337,36.27352907528986],[-120.67431394064289,36.273184174036494],[-120.67445883979653,36.27294061120942],[-120.67493370273044,36.271955522050035],[-120.67537320617814,36.27095745281753],[-120.6755040484942,36.27078464797547],[-120.67597958157134,36.270428347908414],[-120.67609131582302,36.270344627944446],[-120.67670687648999,36.2693973957898],[-120.67702953067878,36.26878412121543],[-120.67710552186364,36.26863968479393],[-120.67727681621525,36.26849789096655],[-120.67774083828031,36.268113787196846],[-120.67775092725927,36.26795876280874],[-120.67804926046007,36.26765421255085],[-120.67830083724864,36.267463621509876],[-120.67873811287444,36.26745774832655],[-120.67911043761026,36.26712443050745],[-120.67933321530916,36.26708115749988],[-120.6793686071347,36.267074282604185],[-120.67965269664839,36.267206181704125],[-120.68012162531151,36.26720579638613],[-120.68039845733597,36.26718320240688],[-120.68058329019726,36.267050922294985],[-120.6806227819338,36.26678247415683],[-120.68046423737098,36.26636541401517],[-120.68022774868594,36.26576790816563],[-120.6797699537424,36.26489592418123],[-120.67923317622414,36.26456083536312],[-120.67886963970678,36.2645860991697],[-120.67860883811856,36.2645800678712],[-120.67840751398528,36.264361229274535],[-120.67813504148486,36.26373669914603],[-120.67772099808896,36.26342595617204],[-120.67699413436164,36.26311077622653],[-120.67621261623412,36.26274101291594],[-120.6753604150668,36.26234529087509],[-120.67526544427668,36.26223546470968],[-120.67499314335448,36.26192057693577],[-120.67465924495326,36.261466708373966],[-120.67469699305983,36.26079042844492],[-120.67451127625628,36.26016322155038],[-120.67410384985077,36.259992911383414],[-120.6738900786609,36.259807833511395],[-120.67386852717893,36.259789174962656],[-120.67325235296262,36.25850008438107],[-120.6732430365348,36.258301334214224],[-120.67322733398365,36.257966384432876],[-120.67323765742289,36.25744566738934],[-120.67326422419909,36.25737531123185],[-120.67336124135146,36.25711837493498],[-120.67358821418274,36.256773835102926],[-120.67371927928099,36.25668042134186],[-120.67404193616474,36.25645045366833],[-120.67431895234384,36.25606217758862],[-120.6745053105445,36.255592303645614],[-120.67484751387052,36.25548332131768],[-120.67579269156805,36.25527139546746],[-120.6763223445478,36.255086317275],[-120.67669527384979,36.2548919975229],[-120.67704076231479,36.2548532314529],[-120.67735553378697,36.254899801442285],[-120.67789770479015,36.254981566158925],[-120.67844996836561,36.25490830005674],[-120.67880225258575,36.254644283344376],[-120.67948598100975,36.25441225455275],[-120.67993419362412,36.254342184699524],[-120.68008827984816,36.25429524565725],[-120.68029985465714,36.253993361535294],[-120.68079914188533,36.25316221379602],[-120.68127844339506,36.25227542174687],[-120.68175688611538,36.25174027244096],[-120.6818943436252,36.251421767307285],[-120.68203100073612,36.25129139110706],[-120.68211681589689,36.251209520384],[-120.68202174629207,36.251094435128415],[-120.6819375777432,36.25099253944362],[-120.68165406584626,36.25066044447746],[-120.68100496388323,36.24978029471128],[-120.68060719975688,36.249075238435914],[-120.68018465560343,36.24858192041867],[-120.67997131290996,36.24821760363644],[-120.67990148955786,36.248098370068234],[-120.67976033458233,36.24768076896855],[-120.67973989790963,36.24724538721794],[-120.67984676329246,36.246932667491926],[-120.67942206138568,36.246762905886605],[-120.67906473941346,36.24654887134902],[-120.67869753327811,36.24612416643755],[-120.67859485494283,36.246005408555654],[-120.67833032534618,36.2456994599426],[-120.6780665000287,36.24525750259129],[-120.67788848807537,36.24513462033923],[-120.67761788496905,36.24494782138445],[-120.67713723059653,36.24469538242986],[-120.67682052864477,36.24460667429056],[-120.67610986962688,36.24426285594467],[-120.67588447333895,36.24426978935865],[-120.67552300384504,36.24433717022854],[-120.67524032468637,36.24423334871899],[-120.67477965154069,36.244036544483556],[-120.67452770195125,36.24384738393708],[-120.6735624810431,36.24325821080174],[-120.67289704860649,36.24313801911644],[-120.67259703914938,36.24303472128091],[-120.67198889317675,36.24302528531312],[-120.67172024749945,36.24286433610171],[-120.67163160623879,36.24281122532499],[-120.67125190184294,36.24246594716022],[-120.67103314590157,36.24226701709989],[-120.6706545814678,36.241969221321504],[-120.67047947197115,36.241566716168606],[-120.67006385293023,36.24084810598066],[-120.6697434714791,36.24030941226197],[-120.66933797555309,36.23943577255744],[-120.66928752796338,36.23909976014856],[-120.66917849404744,36.23862489931173],[-120.66896859459649,36.238210451557514],[-120.66891828085572,36.237887448318126],[-120.6685731085977,36.23756048693943],[-120.6681278577288,36.23732098503962],[-120.66778137572709,36.23696593436264],[-120.66761614769858,36.23677409755503],[-120.6672674235019,36.236487289918934],[-120.66723422356564,36.2364565545151],[-120.66708316646073,36.23614346484162],[-120.66677859266365,36.23594183705115],[-120.66636161716663,36.23556946058993],[-120.66614528218497,36.23565353663668],[-120.66562727047301,36.23564612931128],[-120.66525720500013,36.23572737943781],[-120.66481316326362,36.235764299363055],[-120.66322094343995,36.23584807160436],[-120.66265605583985,36.23576054607239],[-120.66206974252191,36.23552223420838],[-120.66141471347461,36.23529266799755],[-120.66138487054255,36.23526992784334],[-120.66102458323155,36.23500901192398],[-120.66077968451877,36.23491835236315],[-120.6604534226958,36.234828150633156],[-120.66017495933079,36.23461935911097],[-120.65986474591034,36.23450277272103],[-120.65931020151241,36.234361250966984],[-120.65918729311693,36.2343557317916],[-120.65900738302341,36.23429968283022],[-120.65841812502794,36.23430607803516],[-120.65783780437123,36.234195705245085],[-120.657318561069,36.23409182896412],[-120.65703490993323,36.233969162476804],[-120.65695417025381,36.23372770404477],[-120.65695982065695,36.233352261417465],[-120.65699121947108,36.23303231837589],[-120.65645333971997,36.23287510926491],[-120.65621004270338,36.23259132051341],[-120.65575868149391,36.2321624558802],[-120.6554601291042,36.23192695612599],[-120.65515589127702,36.23187801529211],[-120.65430386348453,36.23179923281083],[-120.6538156803316,36.23181416050447],[-120.65320206182228,36.2319144674883],[-120.65293818979241,36.23180604269734],[-120.65257625047958,36.231444330240784],[-120.65230913373492,36.23126610482503],[-120.65139075457891,36.23068840470803],[-120.65135555229789,36.229932274044465],[-120.65113045155567,36.22911205081548],[-120.65111427110077,36.229006180104165],[-120.65106842647856,36.22870621931533],[-120.65108713389435,36.22818142755877],[-120.65104271489851,36.227844953007754],[-120.65070302416034,36.22734276097875],[-120.65045717772497,36.22695783601923],[-120.65024216506337,36.22630003920177],[-120.6500455660685,36.226143360777634],[-120.64975754193391,36.225811230525004],[-120.64961518141925,36.22559363992505],[-120.64937655115057,36.225100007762784],[-120.64936789318783,36.224913882710275],[-120.64939173627214,36.224808309954504],[-120.64939527024443,36.22457521572167],[-120.64915419386321,36.22433794084375],[-120.64908973165674,36.224188468337964],[-120.64883808210463,36.22403305967504],[-120.6483965547526,36.22381355675938],[-120.64788432100454,36.22361950492912],[-120.64732036765231,36.22324064034091],[-120.64708362474403,36.223096425544554],[-120.6467894570312,36.22295395843984],[-120.64649312527686,36.22276496429013],[-120.64654814978294,36.222402155581015],[-120.64685286731049,36.222145801467605],[-120.646921723177,36.22208787040464],[-120.64696042170114,36.22183002237395],[-120.64696563192976,36.22179529751707],[-120.64691336884489,36.22159885205297],[-120.6467512651569,36.221501647347374],[-120.64661758506286,36.22142148761663],[-120.64622400978067,36.22130535550848],[-120.64599214382604,36.22126583285315],[-120.6454927523933,36.221260843964394],[-120.64541679714108,36.22126008591999],[-120.6448829014183,36.22121812677263],[-120.64454945666628,36.22115839702011],[-120.64391019754379,36.221014800186005],[-120.6435623995102,36.22095551017762],[-120.64285460701636,36.22088389133569],[-120.64209834592138,36.22069725474909],[-120.64177475658637,36.22054963055509],[-120.64145207634643,36.22040241627167],[-120.64117444571964,36.22030602973393],[-120.64083074849533,36.220025268180514],[-120.64080343971067,36.21974651382378],[-120.64056866051959,36.21933428802815],[-120.64031165251683,36.21906252991001],[-120.64024117968277,36.219013114300346],[-120.63986585187898,36.21874992646196],[-120.63966195407242,36.21838335805116],[-120.63953825965108,36.217886202362315],[-120.63952584673045,36.21761864126577],[-120.6396004697811,36.21731925211142],[-120.63961069620231,36.21727822504634],[-120.63961749465237,36.217114925387584],[-120.63948430414013,36.216722905525266],[-120.63924451684134,36.21637816587996],[-120.63922245152304,36.21634644705443],[-120.63898230310149,36.215817887697156],[-120.63876460088397,36.21546338587492],[-120.63855121417305,36.215201945821846],[-120.63841015082569,36.21494995222475],[-120.63815801348836,36.21478288688602],[-120.63784057581641,36.21475760335478],[-120.63749766102468,36.214802989769865],[-120.63734513966585,36.2149241251726],[-120.63714470037313,36.21494187615321],[-120.63671113748441,36.21458228682717],[-120.63660721408412,36.21420101933282],[-120.63643151798762,36.21382193445784],[-120.63614367531271,36.21350450623025],[-120.63545388415886,36.21319931104513],[-120.63534165403715,36.21318464579385],[-120.63530909459969,36.21316890858604],[-120.63457514136815,36.212949356341156],[-120.63447645514599,36.21281371491243],[-120.63443469426504,36.212702273170194],[-120.63442315360858,36.21267148710547],[-120.63429269217819,36.21233761886265],[-120.63409476277839,36.21209900151397],[-120.63400948840341,36.21196368549324],[-120.63389306494597,36.21177895050925],[-120.63365476705391,36.21159980327694],[-120.63347442936231,36.211430546241175],[-120.63341378769074,36.211299685860666],[-120.63329875213041,36.21105145519206],[-120.63320229013688,36.21088729596624],[-120.63304915253374,36.21062801504213],[-120.63295171407151,36.210386337412096],[-120.63272939181849,36.21024165316118],[-120.63241825043838,36.210041419086984],[-120.6321682978038,36.209920869746995],[-120.63200286136617,36.20976280818745],[-120.63179274362456,36.209571148913085],[-120.63149219517827,36.2092890499612],[-120.63118213986132,36.20911207801329],[-120.63071148912778,36.20888173772536],[-120.63054228874906,36.20864223859927],[-120.630415144797,36.208458830179744],[-120.63024964907055,36.208220100252326],[-120.63010257599389,36.20818216923467],[-120.6298859445682,36.20812630156915],[-120.62961250278559,36.20780841968644],[-120.62953195534563,36.20730993848681],[-120.62977473672929,36.20696473116329],[-120.62984849021076,36.20669455662875],[-120.62977385997355,36.20632404076388],[-120.62959192777234,36.206119875237924],[-120.62928188772676,36.205942899022965],[-120.62893722391517,36.205638828312175],[-120.62858089997118,36.20539335950589],[-120.62816500874075,36.20510309592211],[-120.62775180706625,36.20487100344697],[-120.62740500616259,36.20452039238618],[-120.62715976159846,36.20419000134382],[-120.6270671767337,36.20398511335681],[-120.62696762902718,36.20376480032801],[-120.62690211219856,36.203670925992874],[-120.62673673954127,36.203433971897304],[-120.62672921435414,36.20327110726615],[-120.62691726767574,36.20316994879092],[-120.62698166969507,36.20313530191241],[-120.6272644413802,36.20303352929117],[-120.62760140393485,36.20286020818297],[-120.6279500275202,36.20262829027734],[-120.62831085471872,36.2023493978288],[-120.62873860820248,36.201963630803924],[-120.62905314341775,36.20161624552794],[-120.62938901631597,36.201419658787586],[-120.62951713134683,36.201362785943815],[-120.62986788573605,36.20120707677771],[-120.63020483481596,36.20103375162544],[-120.63049549101433,36.200791934183854],[-120.63091747731403,36.20059272558739],[-120.63104853612407,36.200537170010705],[-120.63121351442095,36.20046723817009],[-120.63156319262843,36.200258573121225],[-120.63188093752422,36.199980982858094],[-120.63195467932756,36.19971080668946],[-120.6319669655857,36.19968706886619],[-120.63212619915635,36.199379409468364],[-120.63263895752051,36.19896774619502],[-120.63298539460645,36.198689281454556],[-120.63310289065238,36.19863561438681],[-120.6334498846938,36.19847712190712],[-120.63384045511134,36.19822061183968],[-120.63429435316316,36.19809031800886],[-120.63468564043629,36.198159965628655],[-120.63559989812178,36.19803896665936],[-120.63617238277423,36.19798660473293],[-120.63650930400638,36.19781326302632],[-120.63705989042717,36.1975984703449],[-120.63741815742709,36.19757592148671],[-120.63783653519427,36.1976097879047],[-120.63845207250506,36.197556104873506],[-120.63870502641096,36.197431910935755],[-120.63877967012286,36.197322715595334],[-120.63909536865643,36.19686085362817],[-120.63929609720665,36.19654021110554],[-120.6393124034257,36.19627177741574],[-120.63924583107662,36.19607576373192],[-120.63913088983938,36.19578340168255],[-120.63908290363354,36.19566134424544],[-120.6390624184518,36.19521928968746],[-120.63914866390559,36.194599244836034],[-120.63910648890133,36.19430929428158],[-120.6391176073496,36.19410161688862],[-120.63912959896032,36.19387756061705],[-120.63930808612244,36.19369738573541],[-120.63955302436105,36.19366997342442],[-120.63959404053864,36.19366538150614],[-120.63994744136465,36.193538124946116],[-120.64009668387271,36.193347192233006],[-120.64026654002156,36.192980887612855],[-120.64039229338157,36.19283795969173],[-120.64063516010515,36.19256193153531],[-120.64082605479797,36.192407941905536],[-120.64099535488967,36.19227137388135],[-120.64121575923957,36.19203196675312],[-120.64122422855607,36.19193821971968],[-120.64095619552981,36.191736694029494],[-120.64074210903128,36.19152466136403],[-120.64062061817732,36.191404335075816],[-120.64057961906776,36.19136373159079],[-120.64051877527525,36.1909811554817],[-120.64057953911768,36.19043178135599],[-120.64068626077008,36.19025379020587],[-120.6406600488284,36.189998302269125],[-120.6408065856108,36.18974920074634],[-120.64111475895724,36.18957672240484],[-120.64129161298216,36.18936164685241],[-120.64141501904432,36.18907127960086],[-120.64144710596796,36.188995778168035],[-120.64162806529373,36.18855923521258],[-120.64187774843369,36.18836523950727],[-120.6424000945169,36.188162934657136],[-120.64262582677476,36.18802845815019],[-120.64279166026778,36.18792966528433],[-120.64295879631796,36.187505192328175],[-120.64310025133081,36.18683686633727],[-120.64313949782726,36.18667452545146],[-120.64314848457336,36.18663735542426],[-120.64302382356476,36.186474990924],[-120.64296495067597,36.18639831171349],[-120.64279522927438,36.18614719547405],[-120.64266856322607,36.1858947682906],[-120.642669047418,36.185863005934564],[-120.64267212414786,36.185661671246635],[-120.64307557371166,36.185319768902616],[-120.64312841980318,36.18527498747629],[-120.64369055137199,36.18500156602124],[-120.6440406715506,36.184804505437285],[-120.64435614730199,36.18448035506549],[-120.64452974762894,36.18419547430498],[-120.64460450902016,36.18412715125972],[-120.64483303324191,36.1839182925787],[-120.64516663519908,36.1836751331279],[-120.64487510044837,36.18327629480307],[-120.64486613885508,36.18317913530492],[-120.6448461800861,36.18296264136342],[-120.64479589688808,36.182498196843255],[-120.64480139008603,36.18199710374186],[-120.64491196640928,36.181648820697],[-120.64497691999422,36.18144422973446],[-120.64508393898898,36.1809633437024],[-120.64512924282538,36.180391140301495],[-120.64496171690637,36.17998743440404],[-120.64483804314625,36.179689403698895],[-120.64488248729494,36.17940846091045],[-120.64498164692928,36.1793217880329],[-120.6451448654265,36.17917912232294],[-120.64550142922063,36.1791216546969],[-120.64595272395475,36.1792476867905],[-120.64662411042508,36.17947184655025],[-120.64740543451646,36.179587805803855],[-120.64873935186502,36.179535455467786],[-120.64915384891016,36.17948785591723],[-120.64922629264792,36.179413569932585],[-120.64937714583526,36.179258879385415],[-120.64963391039461,36.17899557744447],[-120.64985268520059,36.178755910754134],[-120.65002301027005,36.17840122947779],[-120.65003495876162,36.17803973348061],[-120.65014410317036,36.17760537296022],[-120.65073688615499,36.175828215446955],[-120.65080962004856,36.17562626471166],[-120.65090233696567,36.175368835015526],[-120.65183393572939,36.174699668737155],[-120.65211848607878,36.17432984698027],[-120.65214477168232,36.17396791233907],[-120.65226800257301,36.17321858808664],[-120.65229597790758,36.17300179323653],[-120.65232082171507,36.17280924412257],[-120.65212673620636,36.17265208152565],[-120.65193601848166,36.17254019030126],[-120.65178701223053,36.17245276943775],[-120.6516078136027,36.17230679971388],[-120.65113709908877,36.171762003840946],[-120.65094926315949,36.17142990676161],[-120.65059249454946,36.171172864299244],[-120.65047369684471,36.170780409860235],[-120.65057281066494,36.17043955354275],[-120.6505503563761,36.17026549457695],[-120.65035898108462,36.17016649293788],[-120.64987256042626,36.16990175793772],[-120.64932875179429,36.16963876829073],[-120.64918666706242,36.16936352062845],[-120.64930553034418,36.169138555996156],[-120.64954757510928,36.168781683887275],[-120.64998075172244,36.16820928854484],[-120.65036001684216,36.16802297018406],[-120.65054814562221,36.16805217618929],[-120.65122484832236,36.16839264693235],[-120.65187585920538,36.16848925766387],[-120.65204323690239,36.168406046402644],[-120.65210054672258,36.168377552673235],[-120.65239264471697,36.16817058901329],[-120.6525667175578,36.167897336301706],[-120.65274728342149,36.16776367929572],[-120.65324833853414,36.16772507019461],[-120.65337285850725,36.16769824056027],[-120.6536893035408,36.16763005106993],[-120.65443640990473,36.16763051955196],[-120.65485679181327,36.16771086563181],[-120.65530017418638,36.1679768981655],[-120.65577117077133,36.16821878430059],[-120.65607091163217,36.16841486117443],[-120.65623052878342,36.16851927426469],[-120.65690184698177,36.168743381319544],[-120.65723940062789,36.16889614766019],[-120.65746272270583,36.16906405859631],[-120.65788527674073,36.16919092270615],[-120.65848486985355,36.169417217907935],[-120.65888469291853,36.169672919459174],[-120.65950405256082,36.170015094591776],[-120.66002379532634,36.170069084398264],[-120.66035377797122,36.17005898188942],[-120.66073059338513,36.170128991647076],[-120.66128661820665,36.17034495396196],[-120.66212824530477,36.170831750801256],[-120.66326412815063,36.171158086025294],[-120.66331880770366,36.17109816360936],[-120.66329898727523,36.17107059255303],[-120.66324823246167,36.170999988994474],[-120.66319589930816,36.17092718954582],[-120.6631590728731,36.17075357764598],[-120.66321562990505,36.17042566129868],[-120.66330684034742,36.170224828646305],[-120.6634898083062,36.16983479665071],[-120.66351345645606,36.16976910292914],[-120.66368061586243,36.16930472668469],[-120.66377587501178,36.16888242991404],[-120.6639009474488,36.16834808064165],[-120.66392913568407,36.168115014062316],[-120.66393427764078,36.167945980656725],[-120.66397032613482,36.16791596093555],[-120.66419741934034,36.167726827362706],[-120.66429256350533,36.16753392444164],[-120.66439480885266,36.16721415684233],[-120.66438301846455,36.16696120742076],[-120.6643072141293,36.16673133127944],[-120.66425131107086,36.16644479630816],[-120.66422918556539,36.166174325317456],[-120.6642088261478,36.16601663233339],[-120.66433232653307,36.1659530399997],[-120.66461588604068,36.165944352589776],[-120.66522789027749,36.165820748895705],[-120.66561035699283,36.16570418256351],[-120.66619204308876,36.16555858101239],[-120.6666614227062,36.1657535020107],[-120.6670620300004,36.16571791754605],[-120.66797801155289,36.16564322398557],[-120.66821375553458,36.16546125377271],[-120.66848004942246,36.16501040797932],[-120.66885924627022,36.164824036324866],[-120.66923604192117,36.164894019573794],[-120.66980748003635,36.16513276773559],[-120.67013798190749,36.16513427475836],[-120.67030361597449,36.16498939592698],[-120.67032464104373,36.16494676333806],[-120.6704298804759,36.16473334984085],[-120.67046110232192,36.16467003132891],[-120.67060046605678,36.164398655648796],[-120.67061913664165,36.16436229529325],[-120.67071575404371,36.164277785105384],[-120.67085867151383,36.16426174724762],[-120.67128088418896,36.16430204422659],[-120.67132045228226,36.16430581835043],[-120.67200013738916,36.1644014405485],[-120.67219771734432,36.16432547874804],[-120.6722644540851,36.163601170170864],[-120.6722514123438,36.16332198571197],[-120.67206242207939,36.16296666018133],[-120.67191492679459,36.16282434182367],[-120.67185180846775,36.16276343975138],[-120.67158544181635,36.16259687951476],[-120.67128495086226,36.16231487241847],[-120.67118856073394,36.16209649535925],[-120.67109938228073,36.16199644338379],[-120.67100663751586,36.161892394386754],[-120.67076951192524,36.16173657991222],[-120.67014560321434,36.16160428894483],[-120.67001658807155,36.16157156592494],[-120.66924424713301,36.161375664851946],[-120.66864740735653,36.16120758876635],[-120.6681823881615,36.16109371065848],[-120.66794635222735,36.16096115896096],[-120.66793224059253,36.1606587086307],[-120.66793865366535,36.16027151634197],[-120.66793976937294,36.1602041522791],[-120.66777244467653,36.159696714030325],[-120.66768119111504,36.159280136561385],[-120.6676440556595,36.15879200235348],[-120.66777852177943,36.158286955677504],[-120.6676923868184,36.157672180789575],[-120.66766797330394,36.157148709324574],[-120.66766224384905,36.15671785954051],[-120.66769900830039,36.15627405626422],[-120.66762535902348,36.15592683679831],[-120.6672953754803,36.15531953739413],[-120.66728507090566,36.155098516640905],[-120.66722956490257,36.154832285182124],[-120.66696486013443,36.154700607068605],[-120.66688337664995,36.1544934201643],[-120.66686548041285,36.154109539747026],[-120.66669305238733,36.153800293459334],[-120.66646162660722,36.15345790828073],[-120.66631113813585,36.153311079200215],[-120.66619549800933,36.1530390694222],[-120.66614980520242,36.15293159508583],[-120.66594677606675,36.15227380724548],[-120.66602307896699,36.15206177875681],[-120.66625662027958,36.151833281337915],[-120.66673749923095,36.151364212422486],[-120.6667560215938,36.151297919310515],[-120.66688522089122,36.15083546102363],[-120.66683538146094,36.150382665485104],[-120.66682128509751,36.15008021496945],[-120.66661692825183,36.14970205135299],[-120.66619363490345,36.14924905269427],[-120.66583421895828,36.148933889196705],[-120.665570565219,36.148698016435624],[-120.66551946185912,36.14865230155291],[-120.66547790938735,36.148571097400236],[-120.66531403242502,36.148250870176604],[-120.66499032091912,36.14746863210585],[-120.6649375413029,36.14726056070132],[-120.6649478018601,36.14686416806018],[-120.66487442477273,36.146214048338614],[-120.6649049917469,36.14594517743666],[-120.6649561130731,36.14550093453047],[-120.66498775802562,36.14525532658128],[-120.66501290456534,36.144870127115716],[-120.66481641516494,36.14435192814301],[-120.66482992852178,36.14402533044189],[-120.66485561674564,36.14365176149902],[-120.66484828469629,36.143186014003064],[-120.66477520584962,36.14285042187501],[-120.66470158531881,36.14250319375635],[-120.6646290454613,36.142179233312035],[-120.66461495987767,36.141876780181164],[-120.66456990217962,36.14174705642441],[-120.66449885801707,36.14154250639085],[-120.66454882860135,36.141390602264345],[-120.66464983068033,36.14108355617137],[-120.66492459029146,36.14047277353609],[-120.66509888501614,36.140356966796254],[-120.66573021740459,36.14023989903986],[-120.6662717254511,36.14004182705847],[-120.66705607237343,36.139515228685084],[-120.66764487132977,36.138855025683256],[-120.66767853120348,36.13810016412833],[-120.66743884990588,36.13773350256907],[-120.66741909954607,36.13770328483145],[-120.66677350101261,36.13751368298969],[-120.66573654064585,36.137419827927936],[-120.66481728473416,36.137266519260166],[-120.66405334484011,36.13712240583587],[-120.66340905515203,36.13696066133757],[-120.66259712815385,36.136524852909645],[-120.66250141445698,36.136462375680935],[-120.66205967150924,36.136174023730575],[-120.66151446150543,36.13581812755162],[-120.66102841903782,36.13535837336272],[-120.66053719778257,36.13478709434496],[-120.66032320291222,36.1346261227793],[-120.65964327615849,36.13443752994353],[-120.65915497352961,36.13429891216089],[-120.65850747685599,36.13406744134971],[-120.65819032484829,36.13372963946804],[-120.6581634768994,36.13370104534934],[-120.65801433859593,36.13345432668842],[-120.65792604677989,36.1333095264488],[-120.65779722746987,36.13326037595675],[-120.65750206801694,36.133147750874485],[-120.6571419370128,36.13312381295407],[-120.65694362403238,36.13287358963962],[-120.65676072973547,36.13264619064054],[-120.65636788747858,36.13222717172751],[-120.65606055585354,36.13179388726931],[-120.65592692337023,36.131390242344025],[-120.65565318334696,36.130443353792785],[-120.6553096190733,36.12984808193663],[-120.65491325991206,36.12966215274189],[-120.65463270526901,36.1294959836565],[-120.6544344111532,36.12924575240305],[-120.65403674045166,36.12872202591662],[-120.65398184440467,36.12846741630365],[-120.6539402065929,36.12818910152356],[-120.65393997033598,36.127874572462545],[-120.65387343302122,36.1276785661767],[-120.65374792040971,36.12744941001731],[-120.65363458805517,36.127173285777175],[-120.6533971291896,36.12638837345902],[-120.65293811702885,36.125470436731995],[-120.65286919289038,36.124913366986846],[-120.65298829781894,36.12438550539854],[-120.65307613239247,36.12384227548435],[-120.65315136629752,36.12344292302727],[-120.6533292273339,36.123425856606694],[-120.65341983859996,36.123361668111265],[-120.65348451999539,36.123315846312494],[-120.65360305090047,36.123164005586],[-120.6537342435595,36.12301241272689],[-120.65390892276314,36.122676676269684],[-120.65399629560264,36.122281118700755],[-120.65406481729585,36.12159170922806],[-120.6538757884039,36.12092181622408],[-120.65288498886633,36.119682282420015],[-120.6527180980562,36.1194893338844],[-120.6526061733617,36.11893358012306],[-120.65250180260043,36.11854068282604],[-120.65240637636443,36.11803102228649],[-120.65229823357724,36.11755669264592],[-120.65196716307256,36.11722896748238],[-120.65145294314941,36.11697672474672],[-120.6509457363737,36.11687570667343],[-120.65061705179436,36.116909036861124],[-120.65028211763564,36.11711729905372],[-120.64995580640532,36.117511683109825],[-120.64962873609858,36.11757991254935],[-120.6491599053518,36.117687409190765],[-120.64878745036027,36.11739588094735],[-120.64843472686395,36.11722024492283],[-120.64802896234168,36.117139422597745],[-120.64759883101736,36.11715253765406],[-120.64733375255007,36.11700917682777],[-120.64648762848562,36.116720430482054],[-120.64593203395712,36.11650437636717],[-120.6457746581025,36.11620628431106],[-120.6458524036971,36.11571463752654],[-120.64603543633454,36.11468435911385],[-120.64606881144229,36.11449649485806],[-120.64623742252618,36.114106923010475],[-120.64641498532187,36.11360058499453],[-120.64643181256376,36.11334378187624],[-120.64629308842939,36.11313831961833],[-120.64620230738173,36.113056389288516],[-120.64606833982677,36.1129354788137],[-120.64558230544397,36.11267069866524],[-120.64535433188948,36.11239805885555],[-120.64548047152506,36.1120214306764],[-120.64580497085345,36.111277625828855],[-120.64609829953982,36.11079105877864],[-120.64662188439979,36.11000623450821],[-120.64695518721798,36.10976308676371],[-120.6475644381184,36.109278534430786],[-120.6478138706284,36.109084537755884],[-120.64804789074306,36.108867712935854],[-120.6482651006838,36.10855839501313],[-120.64829031639383,36.10852248849431],[-120.64837408519239,36.108347358794745],[-120.64837990627542,36.10815220006455],[-120.64832795221098,36.10777090957796],[-120.64827446562063,36.107440975002945],[-120.64819106782629,36.107264617804866],[-120.64810521852954,36.10717043554263],[-120.64783453457487,36.107001679399936],[-120.64747437033306,36.10666471978798],[-120.64736504536299,36.1065084080558],[-120.64716983067196,36.106208036147386],[-120.64615741766866,36.10493082108915],[-120.64534931120538,36.10432250278228],[-120.6447246874355,36.10393363819845],[-120.64415459140336,36.10359936756627],[-120.64343629580723,36.10305863141191],[-120.6425018808251,36.10234161546301],[-120.64155536643442,36.101737486100504],[-120.64117698166369,36.10142549885515],[-120.64082434171073,36.10129557614374],[-120.64051864771446,36.1014314657923],[-120.64024756580613,36.101566297693104],[-120.64010241781914,36.10166174305879],[-120.63997183601451,36.10174760611908],[-120.63947285421352,36.101870846980304],[-120.63941894361838,36.101894271119704],[-120.63903297616835,36.10206197855071],[-120.63880120004528,36.10216268543463],[-120.63861392556305,36.10222079301054],[-120.63837226527689,36.10224220655488],[-120.63798091332504,36.10212451291668],[-120.63789662979184,36.102099166174504],[-120.63786255759143,36.102088921361876],[-120.63705149567085,36.101790073456506],[-120.63617444440783,36.10156355120837],[-120.63580191216118,36.10137795568298],[-120.63515958798695,36.10135527462638],[-120.63479806908569,36.10140845232713],[-120.63450578244507,36.101459528754084],[-120.63446550108941,36.10149475986348],[-120.63433918538405,36.10160523766856],[-120.63431683260481,36.10168516363151],[-120.63427967109816,36.101818027418275],[-120.63406568071937,36.10206363775378],[-120.6339257465543,36.10218602529315],[-120.63371581566228,36.10236963382544],[-120.63349794096824,36.10253096838863],[-120.63346322826902,36.10253379032341],[-120.63322166140766,36.10255342483172],[-120.63285430974526,36.10248018515836],[-120.63237857993711,36.10231177676345],[-120.63183167930393,36.10210333087371],[-120.6313629060493,36.10170966275663],[-120.63103971826123,36.101466293360545],[-120.63055429024126,36.10108719143008],[-120.63009895668165,36.10060871806736],[-120.62987573611332,36.10027792016198],[-120.6297403546101,36.09997259023973],[-120.62930055471836,36.09983121005831],[-120.6289556986673,36.09986979959157],[-120.62816587561497,36.09965463835032],[-120.62759716658167,36.099348376936376],[-120.62748838509232,36.09923405700751],[-120.62732398171724,36.09906128372138],[-120.62726042231762,36.09881003292883],[-120.62711547824821,36.09867374751769],[-120.62704304349359,36.09860564319307],[-120.62679492791382,36.09848657371465],[-120.62648906952587,36.098242665919386],[-120.62641015162984,36.098034077855836],[-120.62632734941852,36.09774121223066],[-120.62618630763072,36.097689225347],[-120.62577223459039,36.0977299013011],[-120.62544339909411,36.097739865052084],[-120.62495880740568,36.097754546829556],[-120.62455054197365,36.09792163160827],[-120.62411915570286,36.09796282569785],[-120.62351340823209,36.09798117079022],[-120.62309222772122,36.09786733519128],[-120.62269920310632,36.09761199113253],[-120.62227092680303,36.09734364764806],[-120.62175171943343,36.097359360212366],[-120.62142030307734,36.09731312982817],[-120.62075037906432,36.097066160356015],[-120.6201317308877,36.09680356744188],[-120.6196368202516,36.09659349117219],[-120.61909256605524,36.09644116543727],[-120.61840986171067,36.096293026190196],[-120.61822464796371,36.09641115028979],[-120.61769071271503,36.096483554346236],[-120.61720612012827,36.096498202242934],[-120.61681892198631,36.09636925129946],[-120.61617598965263,36.09633241954026],[-120.61591187687426,36.09624194277542],[-120.61530862582161,36.09593666177229],[-120.61499573093008,36.09553821774076],[-120.61487371995153,36.09542346690767],[-120.61456104514723,36.095129383697504],[-120.61442516687566,36.0951897481363],[-120.61432076647,36.095558604547506],[-120.61421842859619,36.09571738569671],[-120.61413023469653,36.09591849984709],[-120.61400049461332,36.09594547017023],[-120.61377339152634,36.09598609621629],[-120.6129674167652,36.09597923750119],[-120.61257285962444,36.095991148974484],[-120.61208826524104,36.096005778090465],[-120.6118648200939,36.09608338044585],[-120.61164472027288,36.096159817711104],[-120.61167940422601,36.09653853765862],[-120.6115833554575,36.0970899887782],[-120.61161739711518,36.097454664792004],[-120.611835384997,36.09767313468017],[-120.61202905368742,36.09811738409209],[-120.61213063517975,36.09837911829665],[-120.61201967168259,36.09865869718416],[-120.61173918261657,36.09891867668292],[-120.61171851687347,36.09903540467721],[-120.61179022129775,36.09918100993749],[-120.61166614149916,36.09931141229394],[-120.61160727759354,36.09935891316643],[-120.61150309458014,36.09944299246387],[-120.61126501857196,36.099640160886935],[-120.61105673069862,36.099635892263024],[-120.61077819187507,36.099517642360865],[-120.61069915989304,36.09935308107732],[-120.61053373872672,36.099147089379024],[-120.61024845355541,36.09897284680324],[-120.60994592342561,36.099178888315244],[-120.60952223661512,36.09938858531951],[-120.60906071905306,36.09952909529657],[-120.60892014708415,36.09971481204829],[-120.60886460335179,36.09978818712672],[-120.6088308895792,36.10009197392766],[-120.60879098551597,36.100451485551766],[-120.6087260373209,36.10053501568238],[-120.60857820337124,36.100725146689356],[-120.60838851691248,36.1011246966983],[-120.60835331283481,36.101491463207815],[-120.60812391185733,36.1021594563073],[-120.6080878992959,36.10227552480763],[-120.6080181873349,36.10250021597046],[-120.60782142125339,36.10274526167499],[-120.6073226909807,36.102830624924124],[-120.60696113974008,36.102883720336315],[-120.60660789881416,36.10273964394953],[-120.6063719616947,36.1025076438745],[-120.60611357657459,36.10216379302019],[-120.60589430859349,36.10191722347436],[-120.60538401430816,36.10174974726889],[-120.60501668330703,36.10167642192604],[-120.60470899325419,36.10177008383465],[-120.6044231017201,36.101961548071934],[-120.60400962965268,36.10201619512965],[-120.60355832324049,36.10200165640748],[-120.60294611328949,36.10187943551769],[-120.6023076294131,36.10194085663379],[-120.60184030424276,36.101954921412265],[-120.60144221312963,36.10196690383509],[-120.60088385089175,36.10188524927399],[-120.60026650527232,36.101650645357196],[-120.59940914867356,36.101003285185726],[-120.59882083480748,36.1007045202497],[-120.59864016204426,36.10034352474235],[-120.59801617967152,36.099712712215414],[-120.5976973567974,36.099472459174],[-120.59767913806512,36.099073265859715],[-120.59750150879411,36.098778800725086],[-120.5968524984592,36.09804879804827],[-120.59640085338212,36.09759600787601],[-120.5962475217429,36.09738409078198],[-120.59602208503078,36.09694115755996],[-120.59573971938417,36.0965998693137],[-120.59526986904952,36.096197588820175],[-120.59452222369644,36.09555381525255],[-120.59382621260755,36.09469195952608],[-120.59306949157516,36.09384857614552],[-120.59257463034638,36.09334710312753],[-120.59202817976916,36.0926139910579],[-120.59167072574455,36.09197513879799],[-120.59112429403197,36.09124202409353],[-120.5908139027451,36.090735002244166],[-120.59054090473026,36.09032998332552],[-120.59046177123858,36.09021258036103],[-120.5904136673534,36.09017834523738],[-120.59008001868386,36.08994088252945],[-120.58985012542959,36.08977177795785],[-120.58996543767103,36.08967782444446],[-120.59024855251262,36.08958605512965],[-120.59073431919744,36.089438232531705],[-120.59143869988982,36.08924874569968],[-120.59184930453485,36.089138283189016],[-120.59212862848592,36.08896333967491],[-120.59270320980626,36.08851304156019],[-120.59286794016812,36.08807504482062],[-120.59285656929323,36.08782554472076],[-120.59283686744241,36.087743271480555],[-120.59272985473591,36.0872963630826],[-120.59277852994957,36.08695325800451],[-120.59281114418428,36.08671944725712],[-120.59276381285028,36.086570175346445],[-120.59258142250822,36.086418214940544],[-120.59231825385923,36.08628225577271],[-120.5921562885118,36.08605222962911],[-120.5921552752122,36.08592076134109],[-120.59247849264467,36.08570877864479],[-120.59264640663588,36.085651822576345],[-120.59269429762033,36.085615186160176],[-120.59297767656659,36.085578914886305],[-120.59320431881784,36.08554990976098],[-120.59379251590292,36.08539900075741],[-120.59404829501042,36.085158137702436],[-120.5940524856512,36.08508452028438],[-120.59407108347253,36.08475771157624],[-120.59418303870977,36.0843625234917],[-120.59419481562314,36.08432094549265],[-120.59429501999814,36.083818261010315],[-120.59446276510607,36.08344679331659],[-120.59465189011782,36.083109093824106],[-120.5947663651294,36.082904686486664],[-120.59485744441773,36.082652112833664],[-120.59497280965978,36.08248208944887],[-120.59512460517988,36.082211037894226],[-120.59511440211487,36.08212797833369],[-120.59509198465696,36.0819455233059],[-120.59495311409721,36.08159991848989],[-120.59469433731161,36.08132454490734],[-120.59500323739512,36.080898869822704],[-120.59503671760572,36.08060656689221],[-120.59504727011539,36.080514460283354],[-120.59525300856995,36.080138582422954],[-120.5952789312541,36.08005676143082],[-120.59538813495163,36.079712071806306],[-120.59553893064678,36.07944676731108],[-120.59574738201353,36.079080027879215],[-120.59584797625736,36.07872488645752],[-120.59587029490058,36.078479393401444],[-120.59588897177368,36.07827394524292],[-120.59576984259057,36.07791109623786],[-120.59574344290098,36.07788898923584],[-120.59538586311226,36.07758951349126],[-120.5951808954122,36.07742763184161],[-120.59450600910556,36.076955582217934],[-120.59396673067756,36.07652444103731],[-120.59365613996472,36.07626306024618],[-120.59337680972543,36.0758437528337],[-120.59330784516277,36.075713440052645],[-120.59305944122376,36.075244060746364],[-120.59298952354855,36.07497987020104],[-120.59272527512458,36.07461656745387],[-120.59256229198594,36.07447278630548],[-120.59225983012809,36.074205956816826],[-120.5921266701586,36.074067604462975],[-120.59209611665915,36.0740358628918],[-120.59209559294133,36.07396800368678],[-120.59209449609838,36.073825513033675],[-120.59212364553103,36.073652624357074],[-120.59215661460028,36.07345707450971],[-120.59222019286452,36.07321843587545],[-120.59225131320089,36.07310161798878],[-120.59227273622379,36.072936118485366],[-120.59233088417214,36.07248691935097],[-120.59243881855015,36.07234811307433],[-120.5923379305572,36.07193474379991],[-120.59223711263287,36.07171092151548],[-120.59206405129507,36.071326692150535],[-120.59151091455719,36.070893582880736],[-120.59090919064055,36.07074507237314],[-120.59023768199937,36.07041544197015],[-120.58953660261565,36.06988682133741],[-120.58906258769137,36.06954880874494],[-120.5886821421854,36.06933307147316],[-120.5884204144341,36.06908457928833],[-120.58817391851677,36.068704539142715],[-120.58799497770542,36.06843249614042],[-120.58798370384862,36.06837622100389],[-120.5879445292174,36.068180688535406],[-120.58792722766502,36.06813871713431],[-120.58779840116846,36.06782619715388],[-120.58783308152832,36.067445178640185],[-120.58787977865171,36.06704269158478],[-120.58799135749486,36.0669232431783],[-120.58805173865498,36.066815429469926],[-120.58808375371338,36.06675826293307],[-120.58806402940469,36.06670194012608],[-120.5880297110659,36.066701972802264],[-120.58792312685574,36.06670207591375],[-120.58782633787544,36.066676377190134],[-120.58760185068259,36.06660474733619],[-120.58744533182076,36.06659790566328],[-120.58701889257223,36.06662702597411],[-120.58675401532754,36.066667650470656],[-120.58632439783955,36.06673772343001],[-120.58603069006413,36.06677729932837],[-120.58532355064553,36.06656529842523],[-120.58477879518925,36.06631511502923],[-120.58418022615588,36.06578339306725],[-120.58357034104488,36.06500216470006],[-120.58342118118182,36.06474608794079],[-120.5833700984832,36.06465838577253],[-120.58331553930442,36.06463115346545],[-120.5831182144708,36.064532677175954],[-120.5828215862724,36.0643250264524],[-120.58259557913006,36.063865420149426],[-120.58227620199543,36.06360848354083],[-120.58196060227654,36.06343471189898],[-120.58147130072106,36.063049607737995],[-120.58110793757854,36.062727355692445],[-120.58078838257747,36.06254528337125],[-120.5801026922329,36.06220255465524],[-120.57932908736473,36.06183749072099],[-120.5786800994877,36.06153660678528],[-120.5785150196812,36.06155382753007],[-120.57832495503169,36.061560262978226],[-120.57805195701688,36.0615499025019],[-120.5777913764142,36.06144600428479],[-120.577195833805,36.061085667961684],[-120.57692688000557,36.060924348546315],[-120.57676671308536,36.060840671027],[-120.57650304946462,36.060702918964566],[-120.57628767298537,36.060509969378614],[-120.57622384858273,36.060424921088504],[-120.57603772843565,36.06010529584441],[-120.57602365363178,36.06008112506569],[-120.57588491602269,36.059735493155976],[-120.5756832154953,36.05935842958558],[-120.57511353448483,36.05900900877855],[-120.57465096140231,36.05877953901698],[-120.57428980182716,36.05858723176966],[-120.57404016000972,36.0584081273445],[-120.57373495290038,36.05823077850033],[-120.57357668412037,36.05813880835943],[-120.57325961924923,36.057931744248656],[-120.57307360779832,36.05776599859493],[-120.57278937185924,36.05751272256167],[-120.5726987318471,36.0572292137166],[-120.57260416350219,36.057011468777624],[-120.57252067048641,36.05684533991584],[-120.5722961455643,36.05673583045076],[-120.57159549377867,36.0564257822948],[-120.57063720427125,36.055919871494396],[-120.57000174142917,36.055657506448036],[-120.56905632477974,36.05505273580155],[-120.56840912275351,36.05462720321819],[-120.5682172524903,36.05450104792929],[-120.56794444401996,36.05421379820247],[-120.56783589519428,36.0541283327746],[-120.56753134116015,36.05388853087161],[-120.56727773867063,36.05364290365177],[-120.56698509809377,36.05329997928916],[-120.56694467749925,36.05328074499514],[-120.56686746999551,36.05316365783563],[-120.566769480866,36.05308524618464],[-120.56652537356902,36.05300753675234],[-120.56549889474498,36.05311364959161],[-120.56503117431589,36.053014722403354],[-120.56485317224404,36.05301557721541],[-120.56462501183998,36.052898344408504],[-120.56430258312831,36.052660490236725],[-120.56353627347856,36.052108627268474],[-120.56283040337945,36.05182018353018],[-120.56194185907067,36.051705962986375],[-120.56111744369338,36.05147730497066],[-120.56013944604693,36.05091562380524],[-120.55972575928217,36.05057627977066],[-120.55922749074354,36.05028164316402],[-120.55844908527848,36.05030478053891],[-120.55770590724731,36.05034092863362],[-120.55677245436085,36.050382726504274],[-120.55601007933207,36.05037724157907],[-120.55568758414505,36.05035902918426],[-120.55519391138742,36.050331146984504],[-120.55493452554404,36.050260822643814],[-120.5544925086102,36.05014098198445],[-120.55363037027922,36.049843061631734],[-120.55252606860547,36.04955231522412],[-120.55206358086292,36.04964670524451],[-120.55184623617487,36.049572485171176],[-120.55142935320434,36.04943012609572],[-120.55126356462709,36.0492099903934],[-120.5511568600427,36.048763048957206],[-120.55114783736398,36.04856246205733],[-120.5511410685583,36.048411871383266],[-120.55109510266354,36.04816005054767],[-120.5508031798406,36.047831126643565],[-120.55061977260567,36.04776621109312],[-120.55036316614982,36.04767538719237],[-120.54970018072405,36.04756844919259],[-120.54870286031583,36.04734482560012],[-120.54795907592182,36.04736686782807],[-120.54759021688639,36.04731083619364],[-120.54687116041723,36.04712103431933],[-120.54635979534005,36.04692507715502],[-120.54584111438321,36.046487191624195],[-120.54487112162427,36.04571415862739],[-120.54400744897076,36.04499423221097],[-120.54373944828384,36.04442546434736],[-120.54350541559275,36.04384162355891],[-120.54320723959712,36.04337220735823],[-120.54330373752326,36.042820781912596],[-120.54340075737059,36.04262566097981],[-120.54363734487033,36.04214981647479],[-120.54361843892686,36.04172840092067],[-120.54357971435158,36.041251308170786],[-120.54355324639005,36.040661324842205],[-120.54339723507636,36.04027209889335],[-120.54280063515006,36.039713048653304],[-120.54241936768561,36.03945148527355],[-120.54221097560769,36.03930851516255],[-120.54153450197794,36.03851270378229],[-120.54112566342079,36.03789182854113],[-120.54109643583467,36.037830937788186],[-120.5410038437834,36.037638029470166],[-120.54068631268666,36.03697647048332],[-120.54064353670947,36.0367948775891],[-120.53983788534184,36.03659364129192],[-120.5392218503644,36.036372729478956],[-120.5387033005616,36.0360082736105],[-120.53835299712664,36.03592016313141],[-120.53790332205499,36.03593344864687],[-120.53718636045704,36.03616561610086],[-120.53666750432873,36.03618093845321],[-120.53587476085343,36.035880833227054],[-120.53525685558355,36.03561775487406],[-120.53461190922702,36.03552426623537],[-120.53416822142673,36.035284173751606],[-120.53387169114468,36.03504324732156],[-120.53366196956014,36.034806805868726],[-120.5334094540321,36.03496898079216],[-120.53281660906373,36.03512434947338],[-120.53250224093509,36.03520673223384],[-120.53205193883936,36.03520594914473],[-120.53138182618012,36.03532417299284],[-120.5310415748932,36.03546079920035],[-120.53079944299154,36.035467937782386],[-120.53039600241094,36.03535323949742],[-120.5303340770468,36.035130010530466],[-120.53021963437453,36.03489426162651],[-120.52991369513823,36.03463602673924],[-120.52965238690018,36.034601531334],[-120.5294376482248,36.034511130287136],[-120.52924644900308,36.03443063988845],[-120.52912762075562,36.03437388132996],[-120.52877427562514,36.034609469796955],[-120.52841429643627,36.03510272805247],[-120.52818645852737,36.035414909441656],[-120.52777643958395,36.03593364187489],[-120.52749579690604,36.03585746714883],[-120.52739253286916,36.03582005351461],[-120.52708661878567,36.03570393703805],[-120.52696779413148,36.035369854320045],[-120.52718484147718,36.03480082297922],[-120.52720554674615,36.0347317095309],[-120.52735063005443,36.034247369593565],[-120.52749123076946,36.033905643636444],[-120.52782897396008,36.033712839754934],[-120.52813150049661,36.03350700446051],[-120.52874568494457,36.03291220487211],[-120.52892400591838,36.03263969670824],[-120.52891767189732,36.03249786856439],[-120.52889890878598,36.03207779978773],[-120.52917919213776,36.030986464082375],[-120.5294220974889,36.02944611811965],[-120.52963248652172,36.02911640045403],[-120.52972495280885,36.028860490268684],[-120.52961715317812,36.02838542566007],[-120.52938740006105,36.02750603868866],[-120.52924627113664,36.027060089238404],[-120.52922117759752,36.02649818956938],[-120.52938317348764,36.02586044804554],[-120.52965268873413,36.02530393567785],[-120.52990176910453,36.02467769264135],[-120.52991998963343,36.024479115714804],[-120.52992506331817,36.02442381539102],[-120.52989568751005,36.024390695915876],[-120.52981565929633,36.02430044879898],[-120.52946604037766,36.024226355952806],[-120.52885075998506,36.02401943150205],[-120.52829775619783,36.023655939982454],[-120.52768499198633,36.02350519778239],[-120.52708889152336,36.02333989621682],[-120.52657236472659,36.023017522292506],[-120.52624982013222,36.022773832356904],[-120.52592126221539,36.02278350336214],[-120.52549145428455,36.022852418776274],[-120.5252031211295,36.02298750019468],[-120.52487895058447,36.02309550253497],[-120.52436518251393,36.02322314741793],[-120.52325845628725,36.02325570867623],[-120.52247151952196,36.02308192932409],[-120.52201604762178,36.022574881547605],[-120.52196680557114,36.022474501405874],[-120.52173037168332,36.02199250842037],[-120.52125301053458,36.02155489184841],[-120.52122490853755,36.0215291275256],[-120.52088259022717,36.02122973880765],[-120.52054691495833,36.0210688099812],[-120.52044027325603,36.02101768497595],[-120.52023151376714,36.020995687685],[-120.52007776530962,36.02104240322194],[-120.51995304052062,36.0212647973372],[-120.5198852662257,36.02138564608254],[-120.51945756214924,36.02189052331317],[-120.51929339233614,36.02209227015667],[-120.51923858791729,36.022118686735794],[-120.5191069281343,36.022182146357125],[-120.51902671576596,36.02232516063354],[-120.51905652007048,36.022605604917636],[-120.51936488026645,36.022920063409764],[-120.5193826615192,36.02295118260991],[-120.51951510283646,36.02318290372715],[-120.51958136796173,36.023504475605954],[-120.51978284930017,36.023751742185446],[-120.51980764819189,36.023919805161064],[-120.51970224077478,36.02427455169266],[-120.51967599829038,36.024646034314934],[-120.51967037842995,36.02472559894841],[-120.51954101384254,36.02532017337736],[-120.51946665759152,36.02598345910976],[-120.5194568695482,36.026152539526365],[-120.51976899907511,36.02655128348673],[-120.51987964367034,36.0267027550832],[-120.51985439112939,36.026732811364184],[-120.51964942073438,36.02697677675069],[-120.51945441445253,36.027263827261514],[-120.5185880729043,36.02764093123083],[-120.51786423919444,36.02771845646932],[-120.5176838008915,36.02755496473258],[-120.51739146933514,36.027211897679734],[-120.51673160106341,36.026781161769534],[-120.51579879586227,36.0264428325421],[-120.51501289126125,36.025903258594155],[-120.5146441103792,36.025787488576135],[-120.5139548734859,36.02586397745015],[-120.5135552543385,36.02583349800644],[-120.51321856217676,36.02566051769503],[-120.51315107174948,36.025310847053476],[-120.51315926707979,36.02524201588635],[-120.513226728761,36.02467565764522],[-120.5133542697684,36.02403894394037],[-120.51317010076211,36.02379115806461],[-120.51276361848595,36.02360615638581],[-120.51226006695512,36.02318487627949],[-120.51191652603764,36.022857363618705],[-120.511439011277,36.022632242920515],[-120.51108504361403,36.022459758350166],[-120.5108377769422,36.02196062814393],[-120.51057651631483,36.0219260872277],[-120.51049816256081,36.022111246152896],[-120.510320075149,36.022506579094646],[-120.5101514110645,36.02288097331193],[-120.50986260180237,36.02339581558403],[-120.50923166467267,36.02400507524993],[-120.50825967675544,36.02434300227781],[-120.50774695162896,36.02410482935241],[-120.50740467014948,36.023805398110426],[-120.50731929246825,36.02344218241371],[-120.50742912318985,36.02318577646084],[-120.50746611491493,36.02221721608774],[-120.50783008172534,36.022220628681424],[-120.50813715912712,36.02211311992147],[-120.50833542270021,36.021896207117884],[-120.50834379769361,36.02177179178706],[-120.50834586561538,36.02174109570093],[-120.50803496498376,36.02162077134539],[-120.50725243625155,36.02154522214541],[-120.50638282303909,36.02145815407832],[-120.50566089285932,36.02157774704284],[-120.50530398051883,36.021728852573524],[-120.50500813834633,36.02169531419797],[-120.50501147828255,36.0216184536412],[-120.50503385172301,36.0211037850282],[-120.50504431440112,36.02070054732522],[-120.50504663744447,36.02061109810666],[-120.50510459405164,36.02035621381306],[-120.50499897193716,36.02031710718549],[-120.50467041851189,36.020326720367095],[-120.50448020114878,36.0203322836748],[-120.5037743274564,36.020423264806965],[-120.50348097990545,36.020445912532395],[-120.50333416913688,36.02045020652469],[-120.50325179452362,36.02045261508374],[-120.5029967942555,36.020460073987394],[-120.50277697291223,36.020579030544674],[-120.5026202312682,36.02094932958754],[-120.50261912454374,36.021315080830455],[-120.50254508899131,36.02170250561272],[-120.50247856515125,36.02205062873446],[-120.50238601262586,36.02230652471272],[-120.50219277602507,36.02238832801714],[-120.50203040014756,36.0224570650467],[-120.50159925462528,36.02252645082069],[-120.50127006968437,36.02252200799989],[-120.50063819112023,36.02232948503842],[-120.50047135780231,36.02208117067167],[-120.50034520828528,36.021578480135254],[-120.50035416987855,36.021101909055965],[-120.50035553172454,36.021029600535954],[-120.50033132392424,36.02099489428278],[-120.50011517758877,36.02068497275108],[-120.5000521544834,36.02058671830353],[-120.49992918949407,36.02039501599082],[-120.49972106062252,36.020387033228076],[-120.499596659227,36.02045272261522],[-120.49938267333982,36.02056571337703],[-120.49892995926753,36.020508607703206],[-120.49821102047767,36.02030454778101],[-120.49789354058491,36.02017315925963],[-120.49739929829538,36.019568682050995],[-120.4971373953726,36.019226085193594],[-120.49715368362534,36.01903501532559],[-120.4969421231894,36.01892241108821],[-120.49659563849275,36.01886524101123],[-120.49620059536339,36.01872383636874],[-120.495899271671,36.01853445385837],[-120.49573182300709,36.018322901382255],[-120.49554574328421,36.01805270706296],[-120.49537305834052,36.017682924818985],[-120.49504260857165,36.01744299956847],[-120.49475957368013,36.01731716543716],[-120.49468905413373,36.01728581077572],[-120.49426091796761,36.017174886830716],[-120.4937303190619,36.01708766352978],[-120.49353414137691,36.01693932905659],[-120.49352734023188,36.01678547434237],[-120.49347090357418,36.016461894330874],[-120.4933805528195,36.0163944773925],[-120.49276363749307,36.01653906290922],[-120.49260814001572,36.01653033063137],[-120.49210407195359,36.016502028831134],[-120.49117582031263,36.01626182896285],[-120.490637221011,36.01582741033245],[-120.49007024572617,36.01553447404056],[-120.48940200964758,36.015300748963504],[-120.48869795234867,36.015039934312526],[-120.4881633757029,36.01468843850929],[-120.48806695323523,36.01446606725247],[-120.4881070755891,36.014197494608936],[-120.48825223974575,36.013954012097706],[-120.48845240774723,36.01377929741172],[-120.48870385428012,36.01358901290161],[-120.48847212307278,36.013440949415816],[-120.488066151938,36.01326981224557],[-120.48758291850227,36.012917959764486],[-120.48718680817437,36.01257764542631],[-120.48698162487865,36.0122458465605],[-120.48675915081031,36.011914549861295],[-120.48661206785222,36.01172179316554],[-120.48647114015043,36.011275534936544],[-120.48638493422253,36.011001088802324],[-120.48637038331155,36.01095476697149],[-120.48627216062008,36.01097914030772],[-120.48594674950166,36.01105988574086],[-120.48585633317,36.0110823174353],[-120.48538370524452,36.01136347169764],[-120.48486164302894,36.01170236124149],[-120.48472149416652,36.011801851886425],[-120.48459289135045,36.011893138609985],[-120.48425183517305,36.01197631517751],[-120.48381623310861,36.0119579478469],[-120.4833651908011,36.01194291580003],[-120.48268861476339,36.011920368814316],[-120.48216279848826,36.01178083735206],[-120.4819100727544,36.01154892938535],[-120.48166477159641,36.011485690821864],[-120.48113474401922,36.01133134078776],[-120.4807886204453,36.011257822153006],[-120.48051200671142,36.011169755930474],[-120.48028441943254,36.010822107933755],[-120.48010399370602,36.010658456155134],[-120.4798698172845,36.010660308396346],[-120.4797882790028,36.010635160348045],[-120.47957865713124,36.010570511340994],[-120.47937969916045,36.01051488225511],[-120.47889280329329,36.01009916740773],[-120.47864854507932,36.00970096730644],[-120.47861672585366,36.00932116148301],[-120.47861563440057,36.008952742926546],[-120.47880271754164,36.00873852400678],[-120.47897555070737,36.008491878134706],[-120.47910140108542,36.00831227752825],[-120.47934832819409,36.00808403489405],[-120.47953055234778,36.00775942288152],[-120.4794987268339,36.007379617151145],[-120.47955694035925,36.00698491539609],[-120.47968471403031,36.00679697985975],[-120.47988742606069,36.0065945892551],[-120.4801489022837,36.006353641948756],[-120.48040229816074,36.00627259084368],[-120.48068156911121,36.006092534629836],[-120.48070582003064,36.005956733890855],[-120.48060742396429,36.00575364713144],[-120.48021841481871,36.00552875590377],[-120.4800124517853,36.005313667990265],[-120.4798208285588,36.00509729031472],[-120.47966253282931,36.00491854021623],[-120.47879686950915,36.00450441206339],[-120.47876701310236,36.0044901278342],[-120.47824133876104,36.00387902986836],[-120.47790060148553,36.00334853079278],[-120.47772645318626,36.00248159091527],[-120.47775736152023,36.00079725821729],[-120.47752754641942,36.00061900345967],[-120.47743411803661,36.000554243041194],[-120.47728893411703,36.00045360956217],[-120.47709570919436,36.00044355136715],[-120.47673194809815,36.000501105446546],[-120.47630561035926,36.000450815942266],[-120.47563103307304,36.000454720033346],[-120.47525902364592,36.00032452444995],[-120.47495921720804,36.000082573961635],[-120.47462227980624,35.99987302867627],[-120.47426815314147,35.99971097846758],[-120.47387895534965,35.99962827297904],[-120.47352482958316,35.99946622081388],[-120.47306756913726,35.999150504477555],[-120.47288329682472,35.99890519855904],[-120.47295001290422,35.998668286735885],[-120.47313155523663,35.99841237942206],[-120.47328185865504,35.998271060913225],[-120.47337223725745,35.99818608494172],[-120.47340318781224,35.99801287025066],[-120.47313778415482,35.997675924851976],[-120.47306214600788,35.997578696999994],[-120.47299476876833,35.997492087944835],[-120.47272799428175,35.99712385249854],[-120.47252447736086,35.99687910425838],[-120.47239107574455,35.99691429935167],[-120.472069952285,35.997064596017445],[-120.47164500513817,35.997045578379115],[-120.4709298931714,35.99700363373936],[-120.47069679652485,35.99696339119683],[-120.4704636998783,35.99692314645343],[-120.47047265608168,35.996687905364325],[-120.47062877878648,35.9962917502987],[-120.47061235578647,35.99591735115709],[-120.47061093554998,35.99588496611692],[-120.47054601699936,35.995831750516736],[-120.4703709784696,35.9956882666311],[-120.46979686247658,35.9953445898992],[-120.46962667125612,35.99518380155313],[-120.46939181570825,35.994963549862526],[-120.46876759528192,35.99473211136549],[-120.46816389866491,35.9945929325091],[-120.46745155440753,35.99461355261041],[-120.46719646610453,35.99451127188362],[-120.46677571049679,35.99414747929657],[-120.46654934672328,35.9939943178107],[-120.46647243027371,35.99394227327647],[-120.46639825997397,35.99389208643072],[-120.46621402179738,35.99364676997139],[-120.46581869030885,35.99342322516042],[-120.46505757022652,35.99321025996107],[-120.46472274117068,35.9930476189701],[-120.46413626705426,35.99286092650914],[-120.46388598653463,35.99286816052953],[-120.46355869614065,35.992877622973154],[-120.46323140395002,35.99288708250837],[-120.4625768249587,35.992906002302234],[-120.46233133784945,35.9930227523968],[-120.4621819713739,35.99308893265685],[-120.46199095181522,35.99317357833149],[-120.461635421982,35.99341882939566],[-120.46141519190523,35.99354308524416],[-120.46137204492382,35.99356742762223],[-120.46107084609726,35.993732782177155],[-120.46069751704498,35.99357124629035],[-120.46019079446118,35.99344489145104],[-120.4597583454834,35.993253726387266],[-120.45947786540056,35.99301117856801],[-120.4592936496819,35.99276584992041],[-120.45903516305214,35.99258532750017],[-120.45875674011128,35.99238971438044],[-120.45845633090389,35.99213207138829],[-120.45819716065621,35.99193590184899],[-120.45782658314363,35.991836937071675],[-120.45725869606878,35.99163400873873],[-120.45684073332328,35.99133275553914],[-120.45614982376689,35.99096105049743],[-120.45581570617672,35.99081403404605],[-120.45528565524334,35.99059433708832],[-120.45471163986164,35.99025058219515],[-120.4543163550855,35.990026997232334],[-120.45410949733008,35.989703984815755],[-120.45381184595057,35.98950891186834],[-120.45347910368112,35.989393178524416],[-120.45299439611001,35.98932882028586],[-120.452494536655,35.98935888936509],[-120.45216384523934,35.98929008858518],[-120.4517540975871,35.989176567457996],[-120.45136292619667,35.98904684751739],[-120.45065963246576,35.98883211950884],[-120.45046029360927,35.988681205319175],[-120.45018463298791,35.988548154101444],[-120.44987940970887,35.98833336367936],[-120.44979285523465,35.98813529848784],[-120.44990354205068,35.98790028704654],[-120.44968985979403,35.987810451715106],[-120.4493090819114,35.987476771435645],[-120.44918061833421,35.98718282776143],[-120.44905215745194,35.9868888822652],[-120.44907566187136,35.98654356225286],[-120.44922668933188,35.98618727357047],[-120.44933783878027,35.985925062221206],[-120.44938058960466,35.985579189192244],[-120.44936748498128,35.98551308404335],[-120.44930647500044,35.98520535051882],[-120.44907001236653,35.98508683196252],[-120.44883695434753,35.985046545542126],[-120.44857715258422,35.984834704764914],[-120.44818396178098,35.98465803272421],[-120.44785056733465,35.98452663567678],[-120.44706313290268,35.9839176996572],[-120.44691307831762,35.9838016608088],[-120.44646992231996,35.983430189966256],[-120.44635295089019,35.983332138416536],[-120.44571309887964,35.98280224331274],[-120.44546847954292,35.98249596758141],[-120.44499798601454,35.982076300339884],[-120.44490700554088,35.98199514868527],[-120.444623872733,35.98176206128643],[-120.44444644019305,35.98169502466161],[-120.44432040206709,35.98164740405346],[-120.44417067896038,35.98152770471938],[-120.44397025853226,35.98128579107385],[-120.44374489907526,35.98097895771879],[-120.44350845440765,35.98086042627212],[-120.44284715601799,35.980722771303775],[-120.4424148130414,35.98053154052],[-120.44211654272269,35.980320788926136],[-120.44183684327582,35.980093839915995],[-120.44136601018425,35.979903706737716],[-120.44089789988634,35.97977616109106],[-120.44031224952508,35.97960498502412],[-120.43992453754676,35.97955345366773],[-120.43967089642965,35.97948240899299],[-120.4395273124096,35.979282876420434],[-120.43932190004344,35.97899112449529],[-120.4391171730919,35.97871501905826],[-120.43891108519267,35.978407621771176],[-120.43874486183081,35.97813041295777],[-120.43852292405673,35.97790179510064],[-120.43824732092756,35.97776871334792],[-120.43804939422269,35.977649066287455],[-120.43782134880298,35.97727963468878],[-120.43759738173465,35.97700407793799],[-120.43747170113821,35.97677269943503],[-120.4373315235297,35.976651396286805],[-120.43713088301436,35.97646916278576],[-120.43716055077493,35.976264658837344],[-120.43715664130683,35.975475495152764],[-120.43715558039646,35.97526220380114],[-120.43683900959874,35.974628994204444],[-120.43683312922691,35.9741309693724],[-120.43682169277503,35.97386740864779],[-120.4368195637678,35.97351913457277],[-120.43682727310959,35.97327701172162],[-120.43683605324314,35.973001436635165],[-120.43685650159398,35.972874184448244],[-120.43696314149966,35.972604575937446],[-120.4368757336259,35.97241974204254],[-120.43680765210715,35.972324241694906],[-120.43665449923265,35.97210941583575],[-120.43656479077343,35.97183754297941],[-120.43646393961144,35.97160820968895],[-120.43630399816836,35.97118223946931],[-120.4361440935562,35.97099305103224],[-120.43587739542644,35.97067750501216],[-120.43541230706114,35.970173871682185],[-120.43512180447468,35.969696565316305],[-120.43492051178245,35.96949868236313],[-120.43452877984323,35.96935325230078],[-120.43357888060056,35.96922380949041],[-120.4332249722264,35.96906162725606],[-120.43289166671323,35.96893018461157],[-120.43261949335182,35.96887531790113],[-120.43231424851325,35.96894672110169],[-120.43200765081183,35.968986831073],[-120.4317388676923,35.9690101915285],[-120.43130160464293,35.96914803995905],[-120.43107566936581,35.96927420978037],[-120.43068067474549,35.969494791280724],[-120.43041798939011,35.96965896469254],[-120.43014147626756,35.96994886010948],[-120.42931423389209,35.97042683672092],[-120.42872019236772,35.97068990365222],[-120.42859569395421,35.97074503809967],[-120.42733047436867,35.971345187984596],[-120.42679828724157,35.97150495692774],[-120.42637029750085,35.97151719040552],[-120.42587563300312,35.97148910509456],[-120.42561579171392,35.97148597820302],[-120.42562635679998,35.97156634749108],[-120.42563514501842,35.97163320514957],[-120.42565449652626,35.971780431094494],[-120.42568636426097,35.97191674287576],[-120.42573393634345,35.97211593928968],[-120.42574032156851,35.972263535108375],[-120.42542069829548,35.972231343920996],[-120.42519514480239,35.9722685630945],[-120.42485884789936,35.97229928353051],[-120.42441083560927,35.972343432504196],[-120.42396987329755,35.972461909130416],[-120.42379832831593,35.97269903560338],[-120.4236900400017,35.972881803431264],[-120.42343911988159,35.97316395973564],[-120.42320038989989,35.97343709590667],[-120.4226749581037,35.973765412906246],[-120.42219847550733,35.973888679735545],[-120.42185605748395,35.97399245208612],[-120.42146838143825,35.97394085745188],[-120.42095845366552,35.97373609105083],[-120.42059483540146,35.97340159517892],[-120.4204424469933,35.97339050846814],[-120.41991429958999,35.97365623068734],[-120.41952667564658,35.973838751302225],[-120.41934765039359,35.97392305049784],[-120.41897146020715,35.97413743668103],[-120.41863511299846,35.9743820162946],[-120.41798808434706,35.9745727908914],[-120.41759331071232,35.974803368163506],[-120.41717388820447,35.974909323897],[-120.41662242053638,35.97508170385243],[-120.41625668584152,35.975092130953186],[-120.4155225286924,35.97505038910089],[-120.4149835556916,35.97506574659811],[-120.41461309675665,35.97496664434325],[-120.41429971857146,35.97485024483478],[-120.41392926412807,35.97475114012842],[-120.41359528847174,35.97460399387653],[-120.41338894455268,35.97460987156054],[-120.41332580197135,35.9746116693975],[-120.41325744556812,35.97464674429434],[-120.41309953521588,35.97472777410184],[-120.41251090783777,35.97493252266367],[-120.41194422450539,35.97519930762681],[-120.411678105789,35.9752852127223],[-120.41133701278068,35.975420246965626],[-120.4109773435106,35.97557147730885],[-120.41072845358302,35.97560989078475],[-120.41046098469876,35.9756644998268],[-120.40993529957765,35.97575633362992],[-120.40962277569031,35.97589200316989],[-120.40931815428252,35.975978997971936],[-120.4087238432636,35.97595188912038],[-120.4086357239241,35.97594787040864],[-120.40838955319691,35.97582435453465],[-120.40829131972563,35.975775064883244],[-120.40785694296325,35.97561324505674],[-120.40764627096114,35.97519626085014],[-120.4074081554271,35.97469966085371],[-120.40734984847694,35.974578059363],[-120.40708749549823,35.97430353350191],[-120.40705273608663,35.97429233568848],[-120.40677479733772,35.97420276257504],[-120.40593834363732,35.97402288178156],[-120.4058353697563,35.97386915197717],[-120.40538524462869,35.973709618276246],[-120.40487468174706,35.97348913579215],[-120.40455929852216,35.9733257722244],[-120.40404874372538,35.97310529084916],[-120.40340008373344,35.97281039724668],[-120.40261601888211,35.97250367561566],[-120.40205108187466,35.97236305660491],[-120.40160097471335,35.97220350750097],[-120.40126568302512,35.9720250325512],[-120.40094695806735,35.97178342347709],[-120.40064747861626,35.9715412720377],[-120.40019535922872,35.97133477711035],[-120.39984553010423,35.971266372106854],[-120.39922286376338,35.97112737432397],[-120.39867451055439,35.97092360463976],[-120.39823963432873,35.970669616091016],[-120.39780945539366,35.97052515440036],[-120.39742583254653,35.97056735885142],[-120.39711114910924,35.97041962099975],[-120.39671813078255,35.97024277055621],[-120.39651357361257,35.96996658289763],[-120.39629043658756,35.96970658671777],[-120.39579179255313,35.969313405702316],[-120.39544713592805,35.968915857588556],[-120.39498833487144,35.96855287469371],[-120.39433438290416,35.96813275452198],[-120.39385902769348,35.96783289841395],[-120.39362135233392,35.96768296993287],[-120.39325296581232,35.96763073500566],[-120.39271403143906,35.9676459914323],[-120.39194881414072,35.96777730970818],[-120.39143850548233,35.968011072391924],[-120.39105555816825,35.96806890169041],[-120.39072767668281,35.96806251313267],[-120.3905604094786,35.968184081764356],[-120.39050340059406,35.96822551461806],[-120.39047400951459,35.96834840767278],[-120.39045436515595,35.96843055777544],[-120.39032699572674,35.96860648748159],[-120.39008212935335,35.968738736952695],[-120.3896123131547,35.969018344530134],[-120.3891158798742,35.96912637790217],[-120.3887591427052,35.96897821858],[-120.38858613885958,35.968906367552066],[-120.38819381582891,35.96874513345312],[-120.38755260736224,35.96862226573534],[-120.38687558216692,35.968563067822274],[-120.38617663268872,35.96844182403532],[-120.38577041811051,35.968406299976934],[-120.38548370461791,35.96846139675885],[-120.38458372834883,35.96859647611907],[-120.38429300208186,35.96855768625772],[-120.38394051843572,35.96842664628316],[-120.38291569161352,35.96834591245805],[-120.3826587878153,35.96819650406147],[-120.38223466442359,35.968192807763025],[-120.38167046133971,35.96806773259964],[-120.38102725951146,35.96789788635845],[-120.3805035587688,35.967818663527005],[-120.37968579721284,35.96762240227925],[-120.37869814267707,35.96750925276819],[-120.3779633881483,35.96745163026971],[-120.37724320788674,35.96728393478214],[-120.37666177062414,35.96720632248731],[-120.37588585349242,35.967087183623825],[-120.37536082503979,35.96697664347878],[-120.37442759583384,35.966783595189916],[-120.37367093319192,35.96666390166929],[-120.37267530431139,35.96636293630243],[-120.37239579530737,35.96631136285608],[-120.37220613489976,35.96629618905671],[-120.37162993032369,35.96625135180778],[-120.37024675385655,35.96635291447656],[-120.3698033876531,35.966349713221284],[-120.36941776695278,35.96634488698149],[-120.36895714770601,35.966389167247904],[-120.36853702451224,35.966479303247695],[-120.36811090865724,35.966428612530045],[-120.36763765101271,35.96617558960266],[-120.36730179158923,35.96598136732539],[-120.3663672580295,35.965756961084566],[-120.3657234426519,35.96557138263413],[-120.36485330572161,35.96550181877675],[-120.36377211051364,35.96545383576948],[-120.36309112734114,35.96539258368612],[-120.36290262935353,35.96531924180619],[-120.36278746353744,35.96527443235824],[-120.36249811259117,35.96518754572655],[-120.36242984961272,35.965170558390774],[-120.36169759509541,35.964988328196085],[-120.3613013616983,35.9648305440711],[-120.36111397402834,35.96469857234109],[-120.36090978606595,35.964531254177075],[-120.36077766724387,35.96442299275812],[-120.36046193816759,35.96432628450784],[-120.36041137739014,35.964307477102714],[-120.36011892276453,35.964198678063276],[-120.35988235412943,35.964131414940574],[-120.35989667866494,35.96404292383193],[-120.35989028805002,35.96389226034225],[-120.35988208014327,35.96369868173707],[-120.3599977912367,35.96339488032522],[-120.36002079439618,35.96333447443175],[-120.36018347300592,35.9631351395269],[-120.36029556658369,35.962997786655315],[-120.36030845381477,35.96296031808077],[-120.36051856706479,35.96234922996489],[-120.3610933181667,35.9618161394278],[-120.36170920582045,35.96089024041977],[-120.3618510848381,35.960543512388035],[-120.36193617236349,35.960335565727966],[-120.36230516884119,35.95994923188514],[-120.36244785274933,35.95967890810244],[-120.3625348716526,35.95929779763817],[-120.36241001570956,35.959241322372094],[-120.36211668612489,35.9591245121189],[-120.36172909362251,35.95908809531685],[-120.36138266012983,35.95909780830776],[-120.36097848562562,35.959109141340875],[-120.36080394745751,35.95908270365385],[-120.36058161981457,35.958838281695385],[-120.36029890023173,35.95853288370423],[-120.3599299082456,35.95846489734634],[-120.35955958765122,35.958365615010194],[-120.3593764229614,35.95813575686116],[-120.35926813644379,35.958013073325084],[-120.35917401186666,35.95790643903538],[-120.35905206736346,35.957560912960425],[-120.35899881792837,35.95741003713939],[-120.35899171315278,35.957337857822516],[-120.35896498108653,35.957066334033826],[-120.3588899987098,35.95666111752819],[-120.35876656479985,35.95647658298181],[-120.35843077095339,35.956282331759716],[-120.35815403684528,35.956117759686045],[-120.3579450060652,35.95573196512489],[-120.35772802070326,35.955158398811115],[-120.35776387875444,35.95464041541764],[-120.35747211762828,35.954230293313756],[-120.35743606733759,35.954179615821545],[-120.35735513002881,35.95363357216115],[-120.357370932293,35.953547806395896],[-120.35743345773169,35.95320839722728],[-120.3575071438395,35.95267368808178],[-120.35766244907738,35.952246355492896],[-120.35766909750882,35.951948513021556],[-120.35747998866677,35.95157782600599],[-120.35714623040275,35.95097619946195],[-120.3569146572989,35.95047009813978],[-120.35667911813309,35.94995531864921],[-120.35669243925047,35.948971054113755],[-120.35669311568188,35.94892096957043],[-120.35668519343936,35.94827888234494],[-120.35667179057535,35.948113056578975],[-120.35648677355941,35.948105719553084],[-120.35635970147258,35.94810068202885],[-120.35603196551422,35.94802540711002],[-120.35559068519889,35.947721083617466],[-120.3553327142021,35.94745385092025],[-120.35491962930863,35.94689538966934],[-120.35453515126531,35.946399463286525],[-120.35424145337137,35.946075704350875],[-120.35354808332947,35.945625115612884],[-120.35289914306314,35.94545105902719],[-120.35280757958286,35.94542649963198],[-120.35229997844674,35.9452683666162],[-120.35194699084573,35.94512157632368],[-120.35152833280421,35.944788626121515],[-120.35125165618825,35.944624035194664],[-120.3506591588679,35.94428027064094],[-120.35032541677356,35.944132937426446],[-120.34999432111601,35.94404819697659],[-120.34985414440581,35.94405211040351],[-120.34970568073712,35.94405626019223],[-120.34963027884712,35.94409539081257],[-120.34929093036709,35.944271503455106],[-120.34882440110405,35.94462919002975],[-120.34825636490888,35.94486437611571],[-120.34790999070499,35.944874052310794],[-120.34713762730853,35.944832951200354],[-120.34658486067657,35.944973711596816],[-120.3461422679226,35.94498606263715],[-120.34589753809311,35.944827194206894],[-120.34557969168769,35.94443778236881],[-120.3453269839202,35.9439278537308],[-120.34512201352516,35.943635915162574],[-120.34499194196361,35.943474178562816],[-120.3447153731455,35.94313027955183],[-120.34412103517714,35.94228522315752],[-120.34372232871806,35.941967352206696],[-120.34344435673147,35.9417714449097],[-120.34293284073735,35.941519382290274],[-120.34235502278703,35.941065505653505],[-120.34229630171353,35.94100894825985],[-120.34161206663973,35.94034990952661],[-120.34158001564869,35.94031880428352],[-120.34110991558244,35.939862587553854],[-120.34072519948559,35.9394189862967],[-120.34033917095012,35.938944090573166],[-120.3399219124838,35.938642392633604],[-120.33862692542473,35.93808314324289],[-120.33796085608259,35.93781969640847],[-120.33742406778455,35.93788163755751],[-120.33703199807879,35.93772022302401],[-120.33598307484739,35.93726241298858],[-120.3360831148307,35.937023355237145],[-120.33635725550258,35.93675183072767],[-120.33668414434963,35.936499940479685],[-120.33697035927726,35.93620696565257],[-120.33703814435195,35.936095624401666],[-120.33705534529302,35.93606737302535],[-120.33705599208002,35.936038684506784],[-120.33705873733155,35.93591723223222],[-120.33705987998859,35.93586668409858],[-120.33695839551432,35.93551334303528],[-120.3368639852729,35.93507357014263],[-120.3368146381194,35.934843696595784],[-120.33689716634456,35.934058094728705],[-120.33702749751923,35.933729833047444],[-120.33712359120348,35.93348781005674],[-120.33723588600388,35.93295203497165],[-120.33715117127933,35.93231208086178],[-120.33705921972685,35.93149999746332],[-120.3368497029582,35.93109851007793],[-120.33660317739646,35.930275063953175],[-120.33658606269366,35.92986821742492],[-120.3363772160682,35.9294823747106],[-120.33588804746338,35.929137106946946],[-120.33561583098285,35.928976744572275],[-120.3354005254705,35.928766822110504],[-120.33541941524429,35.92851439359477],[-120.33564921507373,35.92820233458047],[-120.33593796145382,35.92773998271168],[-120.33624118059147,35.92736398253153],[-120.33638810095451,35.92700003980737],[-120.33655277651914,35.92670757316174],[-120.336752578008,35.92619821610401],[-120.33690515416404,35.92561819909479],[-120.33689003551783,35.925258760649065],[-120.33670834676003,35.92479600747783],[-120.33662260166784,35.92451050817361],[-120.33663028226351,35.924342359259676],[-120.33666954672628,35.92387345520107],[-120.33677462536001,35.923735237509135],[-120.33683724332519,35.92365287361123],[-120.33684088509536,35.92338888110717],[-120.3367112546066,35.92324505749676],[-120.33660884846084,35.92313144068246],[-120.33646082945822,35.9229335480174],[-120.33632758684371,35.92275541567892],[-120.33607132174767,35.92257053351711],[-120.33602341459357,35.92253596945416],[-120.3355908326651,35.922068192447774],[-120.33515184215544,35.92166286485085],[-120.33502192151086,35.92154653519305],[-120.33464270849345,35.92121187505039],[-120.3340532573602,35.920476286164714],[-120.3331752619678,35.91974871321084],[-120.33290874709438,35.91936446671147],[-120.33284554971583,35.91910995518483],[-120.33276966722714,35.91880434908489],[-120.33246862650407,35.91851505386761],[-120.33212385938623,35.91810164874664],[-120.33190147604775,35.91779248705117],[-120.33233228290517,35.917516619455434],[-120.33260006170822,35.917221295709105],[-120.33273171160975,35.916869479133545],[-120.33277242325843,35.916760686794554],[-120.33279710087761,35.91643633211745],[-120.33277713222714,35.91611638418195],[-120.3327705062536,35.91601069734138],[-120.33269838590932,35.9157729954668],[-120.33247828788495,35.91556798370135],[-120.33210598021712,35.91502842769523],[-120.33176888650844,35.9147723241892],[-120.3311756911971,35.91452333591573],[-120.33106824729924,35.91418500252523],[-120.33058431946579,35.91376231747657],[-120.33003212865388,35.91337944825049],[-120.32962679532298,35.91316315541334],[-120.32920930149805,35.91321267038741],[-120.32891377912577,35.91339153066849],[-120.3286166658371,35.913532509294],[-120.32835579328199,35.913425976499234],[-120.3281973026181,35.913305551714075],[-120.32785336015367,35.91311756846253],[-120.32738533070413,35.91307366504212],[-120.32672072381926,35.91312826857157],[-120.3266884455545,35.91313091977126],[-120.32608310322387,35.91314770730547],[-120.3258182619118,35.91294647056092],[-120.32559047161362,35.91251665974313],[-120.32557936125019,35.912251499440806],[-120.32547182392754,35.91173829213517],[-120.32534628795985,35.911139201324005],[-120.32512353990536,35.91027312446935],[-120.32507459968868,35.91006506516923],[-120.324687835433,35.909631958748214],[-120.32438631051797,35.909219848149306],[-120.32417171916629,35.908926550328744],[-120.3238398626357,35.90839595738894],[-120.32371520881362,35.908131449028595],[-120.32367804191708,35.90805258027403],[-120.32363597920222,35.90802706483699],[-120.32322295898737,35.9077765273723],[-120.3230728918259,35.907685498578175],[-120.3228872217348,35.907653151563984],[-120.32158761823348,35.90742675265364],[-120.32018570560444,35.90704573145203],[-120.31936911096003,35.906956146120805],[-120.31852672388719,35.90686372955894],[-120.31702503807448,35.90691725978491],[-120.3159412197859,35.907091171286616],[-120.31474207039122,35.90732823421505],[-120.31322356003157,35.9077391490302],[-120.31260445371417,35.90798379305847],[-120.31158086656707,35.90803102006497],[-120.31018319937606,35.90805063540254],[-120.30952579338651,35.907936039969144],[-120.30637570531567,35.90785225462272],[-120.30488450733394,35.90767498690963],[-120.29885802090986,35.90778122694884],[-120.29689924622946,35.90773731911206],[-120.2955194061053,35.90757972116598],[-120.29489402056404,35.9074013854462],[-120.29369643244132,35.90708513941946],[-120.29274353641887,35.90687388480654],[-120.292266117778,35.90653785215784],[-120.29165731783185,35.90634507531021],[-120.28890733489696,35.905847922445126],[-120.28687135091624,35.905596483834316],[-120.28571059372015,35.905753976587185],[-120.28468584594968,35.90587979870031],[-120.28354741458337,35.90616234637226],[-120.28289196781948,35.906501493344045],[-120.2822473134154,35.90668672302659],[-120.28166432745725,35.90670267299242],[-120.27951752820138,35.90667759077651],[-120.27803542206863,35.90653655118634],[-120.27700661570971,35.90656465958716],[-120.27695633340998,35.9065421363412],[-120.27627205970859,35.90623558672269],[-120.2758135829438,35.90594086553364],[-120.27537202145578,35.90539602754159],[-120.27527098703746,35.90527136813059],[-120.27479123277682,35.90446049724997],[-120.27389595469667,35.90356320867195],[-120.2733453395298,35.902698398681686],[-120.27324128138221,35.90255419254641],[-120.2729994405347,35.902219041661034],[-120.27221120390718,35.90183554391236],[-120.27122920426613,35.901331634768624],[-120.2705598551749,35.900916950125584],[-120.26977500519601,35.900198166559605],[-120.26943175982424,35.899952896676645],[-120.26860779899451,35.89936410716098],[-120.26801559632158,35.89873782297458],[-120.26760920477524,35.89845561336672],[-120.26705195195673,35.898261306149664],[-120.26647697986924,35.89805351580387],[-120.26587569343211,35.897622983718556],[-120.26524126455091,35.897221285798715],[-120.26482175939806,35.897037183728294],[-120.26384444716618,35.89664480835831],[-120.26316146614049,35.89631424392753],[-120.26290644970271,35.89607919505192],[-120.26257276869377,35.895771631228115],[-120.26224779774985,35.895524313668595],[-120.26195265356831,35.89529969498476],[-120.26152228059715,35.894850529204874],[-120.26086044321832,35.894198165449566],[-120.26059584175646,35.89406178217965],[-120.26002541155103,35.8934535132826],[-120.25965724332006,35.89310365343042],[-120.25959586772488,35.89288197157961],[-120.25958802183919,35.892853628354096],[-120.25955952458342,35.89251852736218],[-120.25947557342687,35.89226889924167],[-120.25928707094765,35.89198612731195],[-120.25895767759758,35.891503259517215],[-120.2584885351354,35.89127145305241],[-120.25817525127331,35.89111665910524],[-120.25768400217031,35.8908209762881],[-120.25755664801247,35.89062992379134],[-120.25740968812357,35.890409454013856],[-120.25690448998083,35.88938970589779],[-120.2565850436759,35.88913303035118],[-120.25646497934662,35.88904163514991],[-120.25601816271418,35.888701512376635],[-120.25549586064842,35.88852016551244],[-120.25532042506335,35.888427167761904],[-120.25473298435969,35.887912407156826],[-120.25427411952265,35.88760364132531],[-120.25393868769727,35.88737532265281],[-120.25350725651072,35.88731719486518],[-120.25297639709356,35.887345553900545],[-120.25262725518029,35.88720139548644],[-120.25241068753498,35.8869419210332],[-120.25220841208579,35.8866122251064],[-120.25194842706615,35.88613047155284],[-120.25148615941085,35.885737995548794],[-120.25095475830959,35.885333421438304],[-120.25044278237802,35.884984185102944],[-120.24988109367864,35.88467818810212],[-120.24924286222884,35.884178740441705],[-120.24907888016362,35.88394576403405],[-120.24874120165168,35.88366162900933],[-120.24846022300385,35.88348362150809],[-120.24831837812216,35.88339375986514],[-120.24790928264683,35.88304172812041],[-120.2478281710649,35.88273667707368],[-120.247555076032,35.88235302599054],[-120.2465939038308,35.881053198836675],[-120.24631989251634,35.880682629988456],[-120.24572577912676,35.879581441543614],[-120.24434096413255,35.87802679932631],[-120.24368339734454,35.87747197631625],[-120.24259738537003,35.8765097599071],[-120.24258884867987,35.87630050400871],[-120.24272142294781,35.87618519659045],[-120.24298025902223,35.876027062696444],[-120.24322369258275,35.87587834234667],[-120.24343399807222,35.87556541115533],[-120.2438112159314,35.874717265707936],[-120.24420436541213,35.87425973450836],[-120.24473748499052,35.87386824423626],[-120.24488035934152,35.87358506812183],[-120.24493695949263,35.87329025449476],[-120.2449632657574,35.87309402277445],[-120.24480274220603,35.872944740786764],[-120.2446910286156,35.8728437707399],[-120.24451768341018,35.87268709767066],[-120.24437202518013,35.872481551375685],[-120.24435722094422,35.87211884191512],[-120.2443869479936,35.871905261427955],[-120.24442356242626,35.87164220929839],[-120.24446473401237,35.87138971354803],[-120.24427853571186,35.871031638244716],[-120.24385455425396,35.87026203117658],[-120.24377819835313,35.870123422113664],[-120.24341378238506,35.869602574067905],[-120.24305335314025,35.86917937577629],[-120.2426209580614,35.86867432700885],[-120.24193091537926,35.86816226617219],[-120.24147917418246,35.86786499440274],[-120.24127857049807,35.86773298528471],[-120.2407142039208,35.867357183337226],[-120.2404601280191,35.86659592545263],[-120.24021756582441,35.866221087058605],[-120.24000778405274,35.8660215757302],[-120.24001810120377,35.86585370584253],[-120.24009369084165,35.86583613952438],[-120.24029004549479,35.86579049983846],[-120.24095219369072,35.865618997525615],[-120.24149039054709,35.8653530795379],[-120.2418628859628,35.86523129016003],[-120.24262956302351,35.86509885296262],[-120.24346081278347,35.86486690224166],[-120.2443137433828,35.86474608763235],[-120.24516439495628,35.864569465958944],[-120.24626357533454,35.8641766305092],[-120.24644639596958,35.86403202734295],[-120.24666121998494,35.863830696314814],[-120.2467749224454,35.86367399596061],[-120.24687723157312,35.86323828936358],[-120.24689581681803,35.86320533741276],[-120.24700521904322,35.86301137614151],[-120.2471034884471,35.86289699070533],[-120.24746423030564,35.86271948328459],[-120.2475239610855,35.8626900918426],[-120.24775648370859,35.862502244656575],[-120.24815753387222,35.86224000799968],[-120.24849344809294,35.86206332686794],[-120.2487094003923,35.86188989232492],[-120.24871174319856,35.8616693250769],[-120.24860718558769,35.86148765205027],[-120.24854380585114,35.86119608629135],[-120.24848099744311,35.860918470736664],[-120.24842926166924,35.86066007868532],[-120.24839478432867,35.860487864172114],[-120.24838737412588,35.860306510958225],[-120.24844536397073,35.86021268579369],[-120.24847843904118,35.86015916330501],[-120.2485507156923,35.86018972855566],[-120.24867859895785,35.86024381598128],[-120.2488702311675,35.860237581790734],[-120.24891522598345,35.86023636014268],[-120.24922140327334,35.86014427854858],[-120.24995317359871,35.859998772535924],[-120.25027478843674,35.859892303842294],[-120.2504381452745,35.85973588109452],[-120.25055472414053,35.859551913936635],[-120.25060099636079,35.85947846295279],[-120.25073356254391,35.85894417212282],[-120.25077015002711,35.85858007200292],[-120.25077930385986,35.858384304757294],[-120.25085955395745,35.8581841672301],[-120.2509038543757,35.85807368377141],[-120.25104896104017,35.857846301454686],[-120.25139115448471,35.857404093972825],[-120.25222744738667,35.85687866796369],[-120.2533139112138,35.856597840326124],[-120.25461570750271,35.856548583355185],[-120.25517892064315,35.85647744485978],[-120.25560790122562,35.85647977469233],[-120.25629677879282,35.8565448818368],[-120.25677716636571,35.85654581304102],[-120.2568940084381,35.8564887438192],[-120.25692854057591,35.85647187874374],[-120.25699308452911,35.85637236715387],[-120.25684057484835,35.85599943019983],[-120.25657725079081,35.855433981673045],[-120.25647043751027,35.85533911831949],[-120.2560831630115,35.85509824110721],[-120.25568313602896,35.854554198565246],[-120.2552475249814,35.85396175068015],[-120.25502134446421,35.85346511716192],[-120.25509731947936,35.85322563803777],[-120.2554303267518,35.8529791902274],[-120.25612547186475,35.852359808691645],[-120.25652301590385,35.852013844042],[-120.25678804226885,35.85178320277334],[-120.2570353619413,35.85153907463242],[-120.25708048970792,35.85138422779983],[-120.25719757702039,35.85089224832421],[-120.25736550358799,35.85038492558323],[-120.25745346302736,35.85001942818766],[-120.25748887551417,35.849627424975836],[-120.25762652526349,35.84921868427295],[-120.25768363925093,35.84893782003755],[-120.25789096592693,35.848555116450164],[-120.25799777202094,35.848231005141336],[-120.25812284984785,35.84793432997609],[-120.25811199730089,35.84766927814555],[-120.25804745694099,35.847349815408364],[-120.25809999850365,35.8469573489968],[-120.258286187821,35.84647746017075],[-120.25853405995738,35.84624728120447],[-120.25881505477487,35.845988268266716],[-120.25904387544065,35.8457460206277],[-120.25921654690966,35.84532097792453],[-120.25921808302877,35.84521785369343],[-120.25922111304622,35.845013608046635],[-120.25920112553115,35.84494432115461],[-120.25897438446523,35.84485271623341],[-120.25881046887534,35.84461975162615],[-120.25828446125904,35.84392177558471],[-120.2581239745386,35.84377250710059],[-120.25782699599723,35.84364091079452],[-120.25748032714596,35.843552557927076],[-120.25718962782842,35.84357441240378],[-120.25686123609991,35.84351349409081],[-120.25618560778481,35.843350267559806],[-120.25571387278472,35.843139610442684],[-120.25515304556971,35.842847571600295],[-120.25493090028478,35.84244858735181],[-120.2549172081632,35.84211378216209],[-120.25478586548553,35.84183802880951],[-120.25474040803722,35.841597557704596],[-120.25472020312982,35.84149066232866],[-120.25460658331438,35.840809421570285],[-120.2544044291378,35.84047972447641],[-120.25400583317149,35.83995982860063],[-120.25339879751655,35.83937575118593],[-120.253200207855,35.83907758060525],[-120.25312469996382,35.83896420783784],[-120.25308116850347,35.83886858999282],[-120.25250288971739,35.83759844512024],[-120.25229220424058,35.83705948441536],[-120.25219001548709,35.83665724634204],[-120.25194598275029,35.83632379894206],[-120.25189937366177,35.83626011204862],[-120.25165842124805,35.83581973447264],[-120.25164987467643,35.83561047965705],[-120.25176755308033,35.83513245354786],[-120.25172933784984,35.83461675462521],[-120.25155061353247,35.83444003961337],[-120.25137721352982,35.834300588659126],[-120.25123141875584,35.834183335357686],[-120.25107944806427,35.83405022725922],[-120.25087568320838,35.833871755101875],[-120.25045256592979,35.83358992835168],[-120.25031667598013,35.83340218045565],[-120.25014735612548,35.83316824200101],[-120.25012381757008,35.83313040749754],[-120.24995532057223,35.8323325031131],[-120.24981376315145,35.8318056335468],[-120.24980522466468,35.83074500722646],[-120.24964855758081,35.8300399478654],[-120.24950990261671,35.829452290555146],[-120.24914661403436,35.8289796570091],[-120.24885807336847,35.828709320460774],[-120.2486299722532,35.828495608452634],[-120.24818398835902,35.82786957246645],[-120.24801922026795,35.82757832592512],[-120.24790728569197,35.82717670621916],[-120.24780803263283,35.82708600796075],[-120.24717109565539,35.82693204057066],[-120.24669195224914,35.82689830585708],[-120.24616702440781,35.826679048442166],[-120.24581136970872,35.82639295934058],[-120.24561033842623,35.82614937797581],[-120.24526617317963,35.82567621345359],[-120.24505437379182,35.825168344128144],[-120.24502324896389,35.82487348009291],[-120.24499715829477,35.82477272049953],[-120.2448871757579,35.824348001714924],[-120.24474088152061,35.824040683868155],[-120.24452103682111,35.82393926549816],[-120.2443903148793,35.823878959964574],[-120.24384442215587,35.82361356627142],[-120.24333987888497,35.82342487119094],[-120.24302749154155,35.82326211100805],[-120.24278313451292,35.8233620946128],[-120.24242614132403,35.823511805019294],[-120.24195714259234,35.82372679344728],[-120.2416211340485,35.823922628036755],[-120.24115719462844,35.82426198508997],[-120.24083257043422,35.82473765123356],[-120.24066646026009,35.82488220515086],[-120.2404564781641,35.82488787181285],[-120.24027649620535,35.82482702291268],[-120.24024333220167,35.82481580757437],[-120.24001995263157,35.824961908390314],[-120.24000938215562,35.82501383840045],[-120.23998809747327,35.82511840191515],[-120.23965840588254,35.82546969309051],[-120.23939873886653,35.82566346140504],[-120.23898382679971,35.82579916194638],[-120.23854350498681,35.82577991299559],[-120.2381191076089,35.82568241685687],[-120.23710875444254,35.82527388271222],[-120.23656161036594,35.82497736350257],[-120.2362314067355,35.82484619051793],[-120.23594064184095,35.82474508346025],[-120.23568616349398,35.8245963062309],[-120.2355228048596,35.824451099904685],[-120.23544824918258,35.82438482943187],[-120.23530515025274,35.82415523169688],[-120.23518240265571,35.823956213970675],[-120.23502021722105,35.823727132140924],[-120.23470404437701,35.82358624567149],[-120.23459204691898,35.823536339610115],[-120.23420394956341,35.82339116193659],[-120.23381613158388,35.82335664926835],[-120.23319593830499,35.82343355561902],[-120.23277289828151,35.823445262806416],[-120.23231538900224,35.823473142118985],[-120.23178089410315,35.823487527537466],[-120.23143350570129,35.82340349844734],[-120.23044671264992,35.82310321672771],[-120.23017379278849,35.822970487010586],[-120.22997218119433,35.822711331791254],[-120.22996209491032,35.8224625865327],[-120.22994885374304,35.82213610769864],[-120.22995596570513,35.82184020973831],[-120.2298434984282,35.8214230199727],[-120.22962406515711,35.82119547211922],[-120.22943762431147,35.8211478910548],[-120.22923787941649,35.82109691198766],[-120.22857166903884,35.82116151790514],[-120.22821914137525,35.82124345013096],[-120.22811732093106,35.82126711498981],[-120.22760885651394,35.82145198093264],[-120.22715891374432,35.82166640169494],[-120.22681657656933,35.821706727665585],[-120.2260886824744,35.821664031506465],[-120.2257807408933,35.82161005033582],[-120.22517828305307,35.821361653441],[-120.22478958652121,35.821200898673574],[-120.22404847910676,35.82083170930268],[-120.22360440682752,35.82071912336031],[-120.22272003609156,35.82058722586239],[-120.22141594370876,35.819999678475696],[-120.22071367136235,35.81964499127767],[-120.22029710100554,35.819267070453265],[-120.21981360526175,35.8191244031042],[-120.21953820245689,35.81892945991447],[-120.21931566281155,35.81862415556668],[-120.21928903494988,35.81843810590866],[-120.21940777156921,35.81830494517729],[-120.21954495688952,35.81815109988258],[-120.21954118755858,35.818057820697504],[-120.2192811064192,35.81776908400854],[-120.21925165066105,35.817726928410686],[-120.21907828838764,35.817478812922815],[-120.21887547484761,35.817188542232735],[-120.21884256506719,35.81684702644805],[-120.21871885627277,35.81614997960245],[-120.21870063933714,35.81569912462758],[-120.21857543574608,35.81543789872709],[-120.21833633925174,35.81519528973634],[-120.21816731045125,35.81479516626883],[-120.21798886371332,35.81416184105433],[-120.21798003507071,35.81381975643221],[-120.21796758891244,35.81364303809105],[-120.21794026575478,35.8134316552229],[-120.21798222516335,35.81302678561765],[-120.21799526061646,35.81290102000705],[-120.2180412193247,35.812619642562154],[-120.217867804949,35.812110691684495],[-120.21782915313729,35.811534892497576],[-120.21781983670947,35.811396048921054],[-120.21780288011016,35.81097628879437],[-120.21789731101283,35.810475721831516],[-120.21792292287991,35.81016376584538],[-120.21814254120393,35.80992442263245],[-120.21832335679926,35.80967056329069],[-120.21838588403459,35.80932648944115],[-120.21852412846863,35.80896481988684],[-120.21867053769026,35.80880526027282],[-120.21889140287591,35.8085970124277],[-120.2191229328606,35.808427284937764],[-120.21924398623503,35.80833854463096],[-120.21939101888746,35.80819453101719],[-120.21945480106929,35.80788154832945],[-120.21951606886658,35.80750637996528],[-120.2196117367494,35.80703690868852],[-120.21965454865922,35.806677798231966],[-120.21956815588173,35.80643109726787],[-120.21941822795912,35.80603046337563],[-120.21926830452809,35.805629826734005],[-120.21901329258186,35.80546546079242],[-120.21848355156725,35.80512169656949],[-120.218227909902,35.80494178605545],[-120.21793724382215,35.804840627420646],[-120.2178401215669,35.80480317647241],[-120.21725797194028,35.80457867950584],[-120.21700170953918,35.80438321684598],[-120.21672448225598,35.80414162465433],[-120.21657959298379,35.80386536123283],[-120.21664149768665,35.803505740288074],[-120.21695025224308,35.803108379642886],[-120.21701157932922,35.803009170494555],[-120.21727306363708,35.80258613192903],[-120.21747044147129,35.80226957317518],[-120.21755707679392,35.80204936179553],[-120.21750309792681,35.80202722121096],[-120.21734338375748,35.801961705765144],[-120.21704645192855,35.80170507861399],[-120.2166847407878,35.8012634208153],[-120.21642096397935,35.800881393640076],[-120.21641730603952,35.8007907906567],[-120.21640590821521,35.80050826868211],[-120.21638583086859,35.80001077305504],[-120.2163651309895,35.79949772608321],[-120.21620179750789,35.79923752011344],[-120.21601812526997,35.798946727369135],[-120.21573276823347,35.79850302288514],[-120.21569737640789,35.79809931580875],[-120.21585031548332,35.797628311304834],[-120.21629854067412,35.79690038446205],[-120.21634575522714,35.796650101100425],[-120.2162587605784,35.796387850028246],[-120.2158823871356,35.79605552822942],[-120.21557016238725,35.795892686441164],[-120.21519269569475,35.79566281541421],[-120.21508055181131,35.79559452081997],[-120.2150475126735,35.79551237487042],[-120.21493192644587,35.79522497048765],[-120.21493470493503,35.79482024123354],[-120.21507295026738,35.79445857776294],[-120.21509983055563,35.79417771352424],[-120.21500648751278,35.79372211345079],[-120.21499716839,35.79352678729595],[-120.21515135432706,35.79308687870811],[-120.21521662681391,35.79302489933883],[-120.21535373667575,35.79289469660059],[-120.21565215341987,35.79271550891302],[-120.21598434053047,35.79242646804367],[-120.21612696694643,35.79217363265697],[-120.21610376436097,35.791598398660504],[-120.21605180490663,35.791257390015765],[-120.21592477234566,35.790949519280396],[-120.21586586172764,35.79082487511939],[-120.21575769558427,35.7905960263394],[-120.2157642389128,35.7902845774086],[-120.21586994996049,35.79006385989446],[-120.21590497886667,35.789985103160916],[-120.21563533066954,35.789930065725216],[-120.21532062567267,35.789705035594935],[-120.21519942766949,35.78962351387049],[-120.21498684045918,35.789480517823456],[-120.2147789496412,35.789469178716644],[-120.21441251695533,35.789449193728174],[-120.21390888547442,35.78927590648504],[-120.21371433284179,35.789078406646006],[-120.2136101327604,35.78897262830701],[-120.21333610527624,35.7888087583907],[-120.2129211141577,35.788789177661236],[-120.21243490280682,35.7887239172725],[-120.21228579504606,35.788554032915684],[-120.21223469707607,35.788495815914715],[-120.21184961356826,35.78794582011258],[-120.21162406726167,35.787562759724935],[-120.21117957187595,35.78743456801113],[-120.21047074991279,35.786908786495886],[-120.21021812748525,35.786627190178535],[-120.21017077279501,35.786574402144154],[-120.21006160053855,35.786234919008585],[-120.21008494146457,35.78584395468528],[-120.21037188402758,35.785401750351205],[-120.21054748041111,35.78516258466991],[-120.2106189027644,35.785016723981435],[-120.21075794490241,35.78490504408701],[-120.21086245490255,35.7847583011617],[-120.21091362653439,35.78462465400953],[-120.21064493055145,35.78456618344639],[-120.2103549651575,35.78440101750059],[-120.21013712549772,35.78434824912102],[-120.21009163391346,35.78435091045951],[-120.20978768175054,35.784391162829266],[-120.20962115026653,35.784368620892565],[-120.20958473166661,35.78436445544688],[-120.20947731112493,35.78435217335642],[-120.20936601614945,35.78433945037962],[-120.20920979912151,35.78429863758644],[-120.20908413020318,35.78419403125214],[-120.20904274481802,35.78415520200455],[-120.20893495866201,35.7840540671858],[-120.20883135146873,35.78394887170916],[-120.2085972505057,35.78381947903415],[-120.20849625561326,35.78369565664139],[-120.20843121579006,35.78360867631068],[-120.20805386228528,35.78328587094052],[-120.20780651925662,35.78299570046932],[-120.20761305358545,35.78275782545079],[-120.2075496549843,35.78264318584327],[-120.20752914375143,35.78260496580237],[-120.20749046768518,35.78245520086939],[-120.2075910035385,35.78220960454113],[-120.20763964371788,35.782046360528746],[-120.207796414108,35.78182624613949],[-120.2078877269583,35.78162587688198],[-120.20792461627548,35.78144495484216],[-120.20802767459813,35.78126226441195],[-120.20813001876014,35.78106159712569],[-120.2081793865749,35.78091633014401],[-120.20809675684012,35.78078358020372],[-120.20804649520164,35.780631974613705],[-120.20804143409332,35.780506154070565],[-120.2080074490295,35.78021016222132],[-120.20794254395358,35.77996897970464],[-120.20789083782417,35.77978142275774],[-120.20788361087769,35.779601677140775],[-120.20788524221825,35.779367714261504],[-120.20792321220868,35.77921375419322],[-120.20791743065152,35.779069956705364],[-120.20791563042766,35.77894617865828],[-120.20774115693827,35.778804753611645],[-120.20761713103856,35.77846618617621],[-120.20763829175337,35.7781687204041],[-120.20769362977153,35.77789733632041],[-120.20774173096171,35.77744620592175],[-120.20797515728997,35.77693614638862],[-120.20819447288176,35.77662439030852],[-120.2082993341232,35.77648663941902],[-120.20832772447942,35.776368922487954],[-120.20830539056483,35.77628994228808],[-120.208195040617,35.77617365863412],[-120.20804611880752,35.776016718103364],[-120.20782875794981,35.77583575851913],[-120.20751538066295,35.775641796476066],[-120.20724015752114,35.7754468158037],[-120.20700059929275,35.7751886308084],[-120.20663123989571,35.77502728698963],[-120.20628096341021,35.774865434126085],[-120.20587407779045,35.77472065652432],[-120.20541558216105,35.77471732580404],[-120.20501744253892,35.774790203680574],[-120.20448200800203,35.7747733576834],[-120.20403884302122,35.77467623257586],[-120.20364354926193,35.774344368067304],[-120.2035281849182,35.773849407503434],[-120.20333900690588,35.77341866515706],[-120.2026494439241,35.77289231937922],[-120.20188732581346,35.77246128249765],[-120.20143481835372,35.77213093932292],[-120.20091598378498,35.77205138203969],[-120.20044092142504,35.77211072767714],[-120.2002032586419,35.77189916651619],[-120.20006447971029,35.77129587578561],[-120.19986560258786,35.771098845117834],[-120.19960887036785,35.77088778927897],[-120.19959764861335,35.770607940869866],[-120.19967869731323,35.77024781591614],[-120.19968971964177,35.76999972851573],[-120.19969877106655,35.76979593292927],[-120.19955152012349,35.769457448126985],[-120.19946771718898,35.76932732048779],[-120.19924604711282,35.76898310545968],[-120.1988442351778,35.768665493004],[-120.19847131396065,35.76845049548303],[-120.19820687150056,35.76818762729685],[-120.19809352297634,35.76799968176193],[-120.19804132367182,35.76791312742174],[-120.19791730495864,35.7678800688271],[-120.197673096152,35.76781496474835],[-120.19739200162152,35.76768749121593],[-120.19704591667514,35.76745416531623],[-120.19676390316812,35.76708813808661],[-120.19634088290756,35.766539094812785],[-120.19571239099207,35.76610446354118],[-120.19493876456434,35.765860451639185],[-120.19451037776827,35.76565394922357],[-120.19411330444639,35.76527541145734],[-120.19374152678458,35.76505183714839],[-120.19350328728305,35.7648247094868],[-120.1932503261906,35.76470692499756],[-120.19292805109086,35.76471548974334],[-120.19288788292292,35.76471655687413],[-120.1925939047546,35.764724367192436],[-120.1925254432485,35.76472618656279],[-120.19227634940337,35.76491047558861],[-120.19224288985397,35.76493522946024],[-120.19215449563004,35.76500062673197],[-120.19189178512181,35.765116552792655],[-120.19162783134524,35.76520138265928],[-120.19136449740621,35.76530176079744],[-120.19128757017687,35.76528824026103],[-120.19130249927858,35.76518740362137],[-120.19131764217933,35.76508511121837],[-120.1913771618551,35.764663307466684],[-120.1913307539892,35.7645305515303],[-120.19126934874966,35.76435489419819],[-120.19107901909715,35.76389303450584],[-120.19095377867515,35.763617102780394],[-120.19092656421363,35.763557144339465],[-120.19089055704211,35.763477818296394],[-120.19085209836815,35.76343874275967],[-120.19053228105902,35.76311380064978],[-120.19039315986929,35.76297742007234],[-120.19049953477197,35.762772263799555],[-120.19076362329584,35.76243336933172],[-120.1908796074771,35.76226250450299],[-120.19100629957656,35.76207400117959],[-120.1911494119811,35.761886047030565],[-120.19119191397216,35.76183387820562],[-120.19133784349343,35.761769484269756],[-120.19158146929344,35.76165406796481],[-120.19184914119694,35.761662520782075],[-120.19224847557841,35.761620784441256],[-120.19247737799088,35.761614702870865],[-120.19285887901734,35.76160456691912],[-120.19308280655979,35.761474106426085],[-120.19368076653538,35.761146938833996],[-120.19394221850389,35.76099991442356],[-120.19384970370773,35.76080658828915],[-120.19381719367759,35.76073865227824],[-120.19380475290923,35.7604277081745],[-120.19377448327741,35.76014836311908],[-120.19392811764888,35.75969293103417],[-120.19424482858378,35.75905306004439],[-120.1942637848329,35.75901476232868],[-120.1947644842127,35.75864348485837],[-120.19519510601715,35.7584297038756],[-120.19541839485747,35.758283693548556],[-120.1953893631041,35.75803544563548],[-120.19522519688425,35.75775032013057],[-120.19521623708762,35.75752644401545],[-120.1953404210908,35.75728968250524],[-120.19555810713864,35.757003746612355],[-120.19575983192057,35.75679605336885],[-120.19625015486051,35.75664293678073],[-120.1963861759642,35.75659329921222],[-120.19666417040864,35.75649185013468],[-120.19693120720325,35.75648474612836],[-120.19723514139986,35.75644553375164],[-120.19754943317169,35.75618815020039],[-120.19773207683863,35.75598096075019],[-120.19773869652393,35.75566950743729],[-120.1977434486118,35.75531141583106],[-120.19774819980132,35.75495331969735],[-120.19770982377239,35.754471863629334],[-120.19770897486445,35.75397384512185],[-120.19770273426818,35.75381807751012],[-120.19769153856478,35.75353852407862],[-120.1976772158259,35.75318093611302],[-120.19771700400646,35.75274409290394],[-120.1977667518086,35.75255600298648],[-120.19799188848341,35.75245662940431],[-120.19823361075333,35.752294556373364],[-120.19834631518549,35.75220628120453],[-120.19841873287211,35.752149556158926],[-120.19874047796586,35.752078740377115],[-120.19915260256035,35.75188100160618],[-120.19943308533813,35.751733459956725],[-120.19977577195777,35.75170877050669],[-120.20019661380375,35.75172869353603],[-120.20054989066229,35.751968306066125],[-120.20092597933912,35.752300693333325],[-120.20110013123167,35.75235830987208],[-120.20124897309111,35.7522609634716],[-120.2013496939974,35.751915874848116],[-120.20139694178809,35.75166559639264],[-120.20149641583274,35.75128941538938],[-120.20147709486761,35.750807451612545],[-120.20147374594823,35.75072396387568],[-120.20146088746327,35.750403225276344],[-120.20157345535152,35.75043425563898],[-120.20176978575013,35.7504883784881],[-120.2026489785968,35.75051164303454],[-120.20300137420801,35.75025323056043],[-120.20330239606646,35.75014744504247],[-120.20352853795607,35.750067979504],[-120.20385748843673,35.74970123873536],[-120.20416736588723,35.74933501390612],[-120.20462072674651,35.749213978223146],[-120.20528824237627,35.74919617539018],[-120.20582225398176,35.74918193107959],[-120.20649164349717,35.74921076600009],[-120.20681836166432,35.74926430352018],[-120.2070740114144,35.74955576647276],[-120.20709847972611,35.74958366442456],[-120.2072819911656,35.74987448172709],[-120.20771781331727,35.75026750529924],[-120.20799544035076,35.75052468126757],[-120.20835060636635,35.75081090872926],[-120.20858947109534,35.75105354880826],[-120.20884740436287,35.75129568584069],[-120.20943082330896,35.75156025236009],[-120.2095965265463,35.75188266671543],[-120.20988166349555,35.75232639740672],[-120.21005299647476,35.752788733228726],[-120.21017492840153,35.75297223996343],[-120.21048446988213,35.753072917849686],[-120.21065549653582,35.75305278446965],[-120.21158380926222,35.752872342004416],[-120.21233232957441,35.75249437111322],[-120.21262560705676,35.75219082068285],[-120.21323655128153,35.75219005009898],[-120.21413233151988,35.75215052795545],[-120.21450376422861,35.75189157694483],[-120.21478046420076,35.751650716806196],[-120.21537136970645,35.751152434957405],[-120.21560741552207,35.750850404563494],[-120.21563929673151,35.75069391491787],[-120.21557143619833,35.75043114990579],[-120.21548605133056,35.74973306549616],[-120.21563829241504,35.74924651600863],[-120.2157014323014,35.74891798874845],[-120.2157117404693,35.748699820393014],[-120.21555478233127,35.74859507464026],[-120.21523461647581,35.74823011183707],[-120.21502575188401,35.747784352636586],[-120.21501448521374,35.74750450533748],[-120.2149514935494,35.74742495331691],[-120.2148938010469,35.747352096299636],[-120.21471339777827,35.747139030826254],[-120.21473213933005,35.74665605109661],[-120.2149097111089,35.746324466306476],[-120.21488905973882,35.74581141698046],[-120.21501935138762,35.74548007802084],[-120.21506224324752,35.74537099576811],[-120.21514007508034,35.74493312905777],[-120.21518226805095,35.744558470673425],[-120.21549645112663,35.744301045760565],[-120.2156955887605,35.744031135568704],[-120.2158374534051,35.743886890964],[-120.21591567151349,35.7438073550138],[-120.21606072338076,35.74361671032716],[-120.21612010291935,35.743194900673096],[-120.21610069930922,35.742712943294165],[-120.21608567498609,35.74233981654835],[-120.21601845225673,35.742092594353444],[-120.21593426574158,35.74180681457508],[-120.21607032098126,35.741484221599734],[-120.21616471056142,35.74098365589936],[-120.21632444359534,35.740683671515335],[-120.21655014890375,35.74059981077945],[-120.21683994900764,35.74068543747944],[-120.21703064696943,35.740680332807784],[-120.21731293446263,35.740579394256244],[-120.21764929873929,35.740399188918644],[-120.21791502040033,35.74036094711917],[-120.21833705610734,35.740411901425546],[-120.21895104023099,35.74048884431326],[-120.21963754534751,35.74047045257393],[-120.2201277164722,35.7403172469744],[-120.22057410101498,35.740025139903025],[-120.22097983768948,35.73967186463022],[-120.22110193490624,35.7395555354678],[-120.22156811023305,35.739111369006054],[-120.22182442383813,35.73883991510515],[-120.22206228964053,35.7385845198943],[-120.22227920313722,35.73828299305444],[-120.2224420461387,35.738060738512786],[-120.22267931635805,35.73784244560986],[-120.22276688143698,35.73768111865011],[-120.22276688143698,35.73723853860595],[-120.22279543438832,35.73656753152845],[-120.22284540317597,35.736110674582335],[-120.22293820183977,35.73571092515654],[-120.22306669236643,35.73546821935124],[-120.22302386249032,35.73514699270868],[-120.2229310629282,35.73493284162293],[-120.22303171466423,35.734730111251956],[-120.22322207126619,35.734549271405406],[-120.22344098171776,35.73433036145842],[-120.22351236544351,35.73404006707936],[-120.22356471386837,35.73353086241419],[-120.22354703412527,35.733410653679975],[-120.22350471000065,35.73336872022222],[-120.22325450044794,35.733120820451205],[-120.22324271005985,35.73282849519799],[-120.22323756900147,35.732701052392365],[-120.2233337902465,35.73224712730144],[-120.22334924396431,35.732149130641965],[-120.22342498990908,35.73166882370695],[-120.22384472413233,35.7311906526822],[-120.22422882847646,35.73077569390046],[-120.22443881506399,35.73030315227159],[-120.22463475020388,35.729955492713685],[-120.22484975028905,35.72960732408993],[-120.22509986641697,35.729475509457124],[-120.22547268432787,35.72943497114676],[-120.22588775988804,35.729314888951755],[-120.22630409219131,35.729225894793366],[-120.22662496681754,35.72914677299115],[-120.2266638306317,35.72826205230728],[-120.22669517105533,35.727820013526795],[-120.22672194085078,35.72774113973265],[-120.22676843944652,35.727604131908016],[-120.22670474350296,35.72724486099719],[-120.22664183717858,35.72716850111644],[-120.22653233344376,35.72703557980712],[-120.22609679515975,35.72680661310835],[-120.22558151971613,35.72663326522386],[-120.22513230009031,35.726471513731504],[-120.2251722724255,35.72624315945404],[-120.2253274303397,35.72602508210876],[-120.22555672441764,35.72601892780863],[-120.22585153262928,35.726011019616024],[-120.22601502421435,35.72599876570823],[-120.22612942466579,35.725990193149464],[-120.22658100416585,35.72580426502511],[-120.22694020990525,35.725526124999654],[-120.22701027310752,35.72547187068431],[-120.22740624239994,35.72512700140226],[-120.22795627905175,35.72453733931579],[-120.22801837060422,35.72448156231336],[-120.22846256595263,35.724082544334074],[-120.22892673174813,35.723802685926195],[-120.22911625291688,35.72362378962395],[-120.2290928616852,35.723450614219274],[-120.22905052767912,35.72321598372482],[-120.2289872368758,35.7228651856962],[-120.22885711950013,35.72271237140781],[-120.22858487876509,35.72266457968831],[-120.22862910013157,35.72242092541547],[-120.22865684010755,35.72199166447878],[-120.22863256762857,35.7213906865302],[-120.22872455331705,35.720826692069984],[-120.22867831523273,35.72049369058788],[-120.22865296387711,35.71986600074726],[-120.22865748958951,35.71980216142437],[-120.22867385330073,35.71957130831461],[-120.2287291122671,35.71931580171771],[-120.22898520578492,35.71916185599193],[-120.2291790307822,35.71908980236438],[-120.2294388963259,35.719029343607005],[-120.22971514534379,35.718968442827695],[-120.22997951863356,35.7186137299804],[-120.22998132873887,35.71825270311647],[-120.22986148898839,35.71772113719208],[-120.22971753037085,35.71740413483349],[-120.22948786259374,35.716838701585914],[-120.22938985010805,35.716597388231584],[-120.22891425504719,35.7157812472949],[-120.22852831544493,35.71535122122012],[-120.22817611746304,35.714958783842356],[-120.22804349378775,35.71492223728334],[-120.22803466604346,35.71510964735286],[-120.22796898931472,35.71533831872447],[-120.22793404934175,35.71545996021948],[-120.22750968789647,35.71591254996524],[-120.22720770663729,35.71614794153766],[-120.22665361319363,35.71622966109717],[-120.22609682570244,35.71624460492266],[-120.22574214837039,35.715986730364435],[-120.22540460460576,35.71534067239074],[-120.22511888464987,35.71476007617632],[-120.2247271607955,35.714396231780945],[-120.22465486168646,35.71417000622595],[-120.22459583338917,35.71398529483746],[-120.22457111175254,35.71337220706712],[-120.22456836739933,35.71330417951703],[-120.2245833459084,35.71286257779671],[-120.22479558816563,35.712027967480495],[-120.22493779776329,35.711489369446106],[-120.22501343231694,35.71092581403064],[-120.22526142752251,35.71057155262949],[-120.22548850186338,35.71036272145427],[-120.22554594373594,35.71030989521533],[-120.22588734037481,35.70983279733631],[-120.2259742721415,35.70954970350303],[-120.22606627130469,35.70898570838891],[-120.22638502950011,35.70794769144585],[-120.22648262337088,35.70711615532231],[-120.2266618749993,35.706683514843846],[-120.22690661920184,35.706249119878734],[-120.22707003263348,35.70583027377143],[-120.22693995658035,35.70560083909887],[-120.22687591119215,35.70548787403498],[-120.22658839370737,35.70526830503787],[-120.22634224633639,35.70526154149523],[-120.22588539552221,35.70531390787376],[-120.22528009720907,35.70534351658567],[-120.22460230305582,35.70520125898871],[-120.22425145164857,35.70503686127143],[-120.22427343432189,35.7047688787486],[-120.22437220408737,35.70466109899786],[-120.22446184517295,35.70456328213899],[-120.22446798785289,35.704309094446536],[-120.22426150199998,35.70365951766424],[-120.2240472529064,35.70322406452728],[-120.22388481863841,35.70285406828064],[-120.22376451625557,35.70230913686798],[-120.22348155412759,35.70179530794633],[-120.22303540404509,35.701299218496374],[-120.22245020553639,35.70060631034631],[-120.2223975543793,35.700113044711365],[-120.22238165419876,35.6993112887724],[-120.22252924111172,35.69890624223748],[-120.22277936981607,35.69860540634661],[-120.2228960609715,35.69784020789452],[-120.22278168567286,35.697442182913214],[-120.22253633600583,35.69704766719272],[-120.22234866716322,35.69686682862722],[-120.22221235410704,35.69673547634421],[-120.2216148908998,35.696550939039696],[-120.22118491228906,35.696455500013556],[-120.22050074997878,35.69615295139576],[-120.22024226604398,35.695839003218175],[-120.22000470836372,35.695230358918046],[-120.21996386017112,35.69514653787823],[-120.2196831465263,35.694570482705295],[-120.21926095541076,35.69426091513962],[-120.2185462207364,35.69401265439376],[-120.21817963354032,35.69389380941449],[-120.21789859380705,35.693802697169346],[-120.21729203336092,35.69339109959142],[-120.21636233453401,35.69309509526629],[-120.2151076225424,35.693275716218366],[-120.21432607746544,35.69340356643998],[-120.21397662832833,35.69368029743729],[-120.21360651344813,35.693850630951786],[-120.21318352822186,35.69392877954561],[-120.21245249810828,35.6941837123813],[-120.21199154019664,35.6944090279928],[-120.21169277221122,35.694772014468306],[-120.2116156356744,35.69492874239893],[-120.21151572504851,35.69513174695082],[-120.21131787559878,35.69540683557307],[-120.21117666313104,35.6955574187352],[-120.21101739183118,35.6957272645515],[-120.21090078781238,35.69585818003864],[-120.2104728896998,35.696040007963525],[-120.21010999098628,35.69610649705062],[-120.20981437069761,35.69611438778366],[-120.20927245840922,35.696057848942274],[-120.20896855116207,35.69629316491369],[-120.2085451940333,35.69658846576684],[-120.20783677631202,35.6967209665833],[-120.20730225176852,35.696848828061114],[-120.20695843955984,35.69695739824544],[-120.20687895931844,35.69699250929241],[-120.20661633325186,35.697108526359415],[-120.206399328127,35.697429033855386],[-120.20615614070486,35.697788208666026],[-120.20598792667631,35.69793469542063],[-120.20580630080062,35.6981809421441],[-120.20549407695056,35.69864367256921],[-120.20522663860902,35.69892060715648],[-120.20506580783379,35.699251497836194],[-120.20477926502112,35.69948633822547],[-120.20428233587056,35.69968418521245],[-120.20392452970637,35.699878322889184],[-120.20361604733951,35.70000014336334],[-120.2033243913162,35.70010731444145],[-120.20296089701962,35.70015960104186],[-120.20223618206246,35.70032090404688],[-120.20097783189397,35.70019820646798],[-120.20078086458983,35.70006144673459],[-120.20050151997748,35.69989104259237],[-120.20042398009713,35.69984374273596],[-120.20010527939388,35.699710220688246],[-120.19972382597814,35.6997487716188],[-120.19944955415222,35.69985546958384],[-120.19919996174212,35.69988571791304],[-120.19899910832606,35.69991005721719],[-120.19833827346709,35.69992763616632],[-120.19714949512235,35.699803047824936],[-120.19650152054498,35.69970667089396],[-120.19606052769053,35.69956219209099],[-120.19582595511197,35.69935542066997],[-120.19560820438541,35.699134004430675],[-120.19534112177672,35.69898489799764],[-120.19491412916598,35.69875483885452],[-120.19434858310078,35.69854265959414],[-120.19399398661709,35.698381673251895],[-120.1935686954155,35.698194165489355],[-120.19330048631946,35.69801668388071],[-120.19308161539372,35.69776689187608],[-120.19287787389402,35.697459895180934],[-120.19233047379754,35.69684168663414],[-120.1921028092635,35.696553829471526],[-120.19189373356767,35.69628017105868],[-120.1917380537323,35.695990398276],[-120.19172810129724,35.69574084359253],[-120.19165538087837,35.69527252693618],[-120.19164074193252,35.69490553530065],[-120.191596554702,35.69470097621964],[-120.19140371785153,35.69438279672365],[-120.19112266823679,35.69411104960603],[-120.1907841219523,35.69375265272893],[-120.19060758952425,35.693575874750614],[-120.19048390588266,35.69345201845481],[-120.19026005379868,35.69342163344478],[-120.19003110287717,35.69339055606362],[-120.18959571551011,35.69331393101044],[-120.18934363207171,35.693233608428216],[-120.18921254900714,35.69319183840646],[-120.18848467108187,35.69293295833574],[-120.18787436106773,35.692906539810686],[-120.18709581187225,35.69302657546163],[-120.18684288671243,35.69323208362912],[-120.18647331621128,35.69356848424854],[-120.18620073681136,35.69371770951448],[-120.18592307564187,35.69373926668388],[-120.18532901884616,35.693683999978866],[-120.18506648979765,35.69364835416306],[-120.1846115434119,35.69358940381794],[-120.18392941578571,35.69350805939063],[-120.18358445553011,35.693588197116235],[-120.18333433491061,35.693864622515505],[-120.18311673959258,35.694083389028556],[-120.18274771616545,35.69443396428797],[-120.18243142115055,35.69479734242083],[-120.18212794329811,35.695159472824336],[-120.18201348176123,35.69533884667804],[-120.1819055824175,35.69568336410083],[-120.18170655527643,35.69543513842404],[-120.18136342039745,35.69508121089675],[-120.18101384639455,35.69460764558621],[-120.180760808047,35.69437293090439],[-120.18007971707668,35.69387973103783],[-120.17975881639931,35.69368941553835],[-120.17943904759919,35.69352746439631],[-120.17917200900796,35.69337831975643],[-120.17907604468108,35.69315365200915],[-120.17872517261257,35.692644225437164],[-120.17859575412622,35.69245632845237],[-120.17792532256506,35.69179242898855],[-120.17764034282095,35.69162955471915],[-120.1775062872311,35.69163309538836],[-120.1774664505415,35.69163414817746],[-120.17715514387137,35.69168497533069],[-120.17669908896457,35.69159761937862],[-120.17645114136974,35.69149056454127],[-120.17594848995083,35.69110623215749],[-120.1756326171441,35.69060335884563],[-120.17546148448923,35.69023866730037],[-120.17504297646633,35.68978110475],[-120.17485158859843,35.68943074761909],[-120.17483651037638,35.68940314451634],[-120.17466543431536,35.68927630568144],[-120.17424469038575,35.688964353637125],[-120.17355135627639,35.688599240908594],[-120.1734060600674,35.68844687165007],[-120.17348344274261,35.68820342212857],[-120.17383059488752,35.687739847515466],[-120.17392198768789,35.68741082724906],[-120.17386419906569,35.68727035077316],[-120.17363309488243,35.68714864072657],[-120.1734715400651,35.68702510351148],[-120.17330661207387,35.68681645143783],[-120.17297619733934,35.68638495650915],[-120.17268674757837,35.68610858179942],[-120.17250162456126,35.685829459050225],[-120.17246296646132,35.685710469083816],[-120.17244215429282,35.68564641999645],[-120.17246360067192,35.68555361505264],[-120.17247187146074,35.68551783353863],[-120.1726238610169,35.68540022139853],[-120.17265316945137,35.68531570854291],[-120.17273320574992,35.68508492702224],[-120.17260418342062,35.68490372715496],[-120.1722496893449,35.68474267315115],[-120.17152218961034,35.68439264704172],[-120.1711093553468,35.68407692329595],[-120.17110482693946,35.68352322734364],[-120.17114294155863,35.68316721047507],[-120.17112327384382,35.682670715468994],[-120.17120961541733,35.68221402597489],[-120.17146532984613,35.68163926670326],[-120.1717715134242,35.68102057360971],[-120.17211865029778,35.680557006147076],[-120.17241586958761,35.680151554979396],[-120.17253472747947,35.67963720385725],[-120.17257391828038,35.67886934828236],[-120.17267542790749,35.67879566821786],[-120.17285055896369,35.67884538929844],[-120.17290425755644,35.67886063493035],[-120.1735284752878,35.678801567120466],[-120.174113980122,35.67864410990707],[-120.1746170537491,35.678602431485324],[-120.17556203471561,35.67829347838658],[-120.17594171575529,35.67821245329652],[-120.17625635248015,35.67824674437859],[-120.17658949719487,35.678308947413775],[-120.17707349330027,35.67822516623911],[-120.17746210988207,35.677930889775595],[-120.17786473748735,35.677551043280786],[-120.17795497685088,35.67719364687199],[-120.17795885128471,35.67685273467054],[-120.17781744388259,35.67635945858776],[-120.17787460817569,35.6760455383162],[-120.17799454853748,35.675559556009745],[-120.17822055747644,35.67555358462413],[-120.17856770333314,35.675530211348295],[-120.17894365546609,35.67526113650724],[-120.17904154128934,35.675191079889146],[-120.17950305974969,35.67498007630745],[-120.17989334450299,35.6747283520578],[-120.18019106774771,35.67433707059164],[-120.18043944922883,35.6740180947213],[-120.1805893528969,35.67377546519259],[-120.18083189982028,35.67338290053201],[-120.18097258497691,35.67298156740432],[-120.18125178406216,35.67256237362313],[-120.18228866627548,35.67237874221966],[-120.18280118838274,35.67213797516807],[-120.18333785181493,35.67206697149583],[-120.18388626341441,35.67185365140971],[-120.18410201179621,35.671152121363725],[-120.18443334281234,35.670731540159736],[-120.18454599783719,35.67061260868357],[-120.18475066639824,35.67039653052934],[-120.18579960220605,35.66920432524566],[-120.18604124722087,35.668760646788584],[-120.18603344086102,35.668719233958626],[-120.18595979338079,35.66841905999425],[-120.18550443197338,35.66834591762928],[-120.18483313533459,35.66809388564573],[-120.1837776175707,35.66736920597173],[-120.18330262348275,35.667239772677696],[-120.18249396365725,35.66703396109833],[-120.18180023069593,35.666654702786836],[-120.18059168851666,35.666019244921785],[-120.18016435274949,35.66577493438746],[-120.17942693830915,35.6656098241093],[-120.1792053904039,35.66528906543347],[-120.17903318066898,35.664896006542904],[-120.178695023355,35.664706137163996],[-120.17836080335692,35.66461556450309],[-120.17750453821125,35.664524584493435],[-120.17713949072754,35.66453422337713],[-120.17683779333602,35.664385986457326],[-120.1766218311552,35.663766872783185],[-120.1765758167514,35.66348407741912],[-120.17634196552001,35.66329144587696],[-120.17607897473741,35.66324159030354],[-120.1756869948632,35.6630105289106],[-120.17550187454101,35.66229119378004],[-120.17543510995247,35.66192374462279],[-120.17526573799556,35.66160160484361],[-120.17512377902781,35.66065392507046],[-120.17534014545053,35.659966590439986],[-120.17565185187097,35.659489749759366],[-120.17603308070787,35.65901107130833],[-120.17636440992737,35.658590512998025],[-120.17665877437128,35.65855433839417],[-120.17677868508864,35.65863499222099],[-120.17710569430996,35.65885494650447],[-120.17744157080139,35.65898808002617],[-120.17773143558402,35.65883842121505],[-120.17819061662803,35.65857068273064],[-120.17865373139465,35.65840224240596],[-120.17951212105596,35.658109752619424],[-120.18032335365645,35.65750608961592],[-120.18088736360254,35.65724977321815],[-120.18164707961809,35.657101882614974],[-120.18194030769314,35.65703732299419],[-120.18206602152728,35.65667826471488],[-120.18266790175078,35.65608085277737],[-120.18317459738509,35.65525802397753],[-120.18346965173512,35.65494922869532],[-120.18409334844361,35.65429648283084],[-120.18452664093944,35.65381640171434],[-120.1849341931091,35.65356420780785],[-120.18597692155831,35.65309638594423],[-120.1865627785321,35.65295306946625],[-120.18727311774974,35.652877450122745],[-120.18765830276718,35.65293824735936],[-120.18816459056636,35.652981633364995],[-120.18885709822561,35.65333248993959],[-120.18952997320436,35.653627065117135],[-120.19055102710236,35.653926598341585],[-120.19153619510142,35.654198679396],[-120.19180876911146,35.65448965212776],[-120.19185991289552,35.654900106591874],[-120.19199683500945,35.65527988715359],[-120.19219819238037,35.655530147940716],[-120.19241411054375,35.65570902549693],[-120.19268499482273,35.655957444106974],[-120.19319130328317,35.65600080657526],[-120.19377731117392,35.656297660898915],[-120.19419784489777,35.65637169748767],[-120.19457570325572,35.656248061535685],[-120.19467207092615,35.65604669742473],[-120.19458024064623,35.65588372829475],[-120.19452227864916,35.65578086924768],[-120.19470992503392,35.65525047445423],[-120.19485586713161,35.65511352599226],[-120.19492795513652,35.65504587940034],[-120.19516563049608,35.65489756136279],[-120.19528374817615,35.65436901252122],[-120.19550557994904,35.65382350611635],[-120.19605592651965,35.65337316767823],[-120.1963456628432,35.65333672282542],[-120.19689302251545,35.65327543829598],[-120.19753986791054,35.65323349699069],[-120.19763798460082,35.65322713414993],[-120.19776316573399,35.653280709151325],[-120.19796278576314,35.653436718574085],[-120.19849528999558,35.65342256225581],[-120.19905754014201,35.653525175433266],[-120.19963327669583,35.65396541738101],[-120.1998688499976,35.65400323859051],[-120.20024655833691,35.65399319113593],[-120.20075427266076,35.654082553948065],[-120.20089425174162,35.65413800793621],[-120.20110187037007,35.65422025454137],[-120.2014727326486,35.65448959738351],[-120.20166725473854,35.654851801968526],[-120.20186471521777,35.655287399448426],[-120.20190117603852,35.655475448920555],[-120.2019327482275,35.65563827801045],[-120.20193611151991,35.655825185075635],[-120.20219531051369,35.65621589671208],[-120.20262152159013,35.65643175704971],[-120.20292833398891,35.65670759659909],[-120.20352061840853,35.65716043730656],[-120.20391195508901,35.65733303555536],[-120.20415824439382,35.65744166316303],[-120.20434963316006,35.65754308655675],[-120.20435491525394,35.657675201873545],[-120.20438769208371,35.657763796367654],[-120.20443566840808,35.657893479318936],[-120.2046656002899,35.65824003497759],[-120.20480175524256,35.658304941782845],[-120.20524649676668,35.65854869637485],[-120.20528859900742,35.658571586329394],[-120.20574451826863,35.65881943548459],[-120.2061054308071,35.65893102512367],[-120.20637876209689,35.659015535995586],[-120.20686281659279,35.6593718423425],[-120.20728678727093,35.65953094111498],[-120.2074613056761,35.65970852804871],[-120.20742606117426,35.65996743709286],[-120.20716045359926,35.660289660101114],[-120.20759450157824,35.66033687101003],[-120.20845520350308,35.66046540680868],[-120.20952117136868,35.6605070195248],[-120.21013547798752,35.660491584270716],[-120.21017882169998,35.66049042596963],[-120.21049510144351,35.6605671891063],[-120.2107609425805,35.66068789525614],[-120.2111074362603,35.66065024727131],[-120.21148585157374,35.660540741617936],[-120.21184346819341,35.66034659214465],[-120.21221619806941,35.6600952348557],[-120.21280805309436,35.6596676221662],[-120.2129750400242,35.659492759044205],[-120.21330105121721,35.658944441094626],[-120.21368286934896,35.65892004184954],[-120.21429746612361,35.659059826672376],[-120.21465962732032,35.65897914699886],[-120.2149146536396,35.65883032972677],[-120.21497748630215,35.658788470166],[-120.21512783194134,35.65868831032479],[-120.21555862801898,35.65840131179949],[-120.2159509878806,35.658206219217],[-120.21623621915299,35.65794298934341],[-120.2166901243913,35.65754744622117],[-120.21689015584887,35.65732909484027],[-120.21720615082648,35.65696563876216],[-120.21755235075719,35.656487771433596],[-120.21799114543414,35.65614942766562],[-120.21817603938085,35.65601434493332],[-120.21860797542061,35.655698762202995],[-120.21885362063335,35.655529947944416],[-120.21906930613311,35.655268571265495],[-120.21934283415396,35.65514765181742],[-120.2195929520785,35.655112054478586],[-120.22003576581804,35.65507230608108],[-120.22060304203848,35.654900917532395],[-120.22115920969215,35.65488602644465],[-120.22151593518304,35.655103680864514],[-120.22184303693084,35.65544992746707],[-120.22250861938605,35.65555990067672],[-120.22276647360187,35.655481993330845],[-120.22348586154935,35.654766906401726],[-120.22374968147696,35.65440483500782],[-120.22373712752085,35.65409276489496],[-120.22361801091417,35.65372674955208],[-120.22360146664158,35.65331538758962],[-120.22395897726005,35.65225499167137],[-120.22436892523659,35.6516333948191],[-120.22467205274607,35.65138386564276],[-120.2252729115851,35.65118315644569],[-120.22569001374455,35.651171975018634],[-120.22633590243386,35.65122565578175],[-120.2269732256869,35.6510665645524],[-120.22730285978545,35.651043522806155],[-120.22764930046468,35.65100582647742],[-120.22804731162773,35.65095254996186],[-120.22845869870532,35.65079950880165],[-120.22877639688872,35.650474015240526],[-120.22884299079736,35.65040579024038],[-120.22903809679224,35.65024572068898],[-120.22912929106494,35.65017090174135],[-120.22958480698256,35.64981787277036],[-120.229706689502,35.649388591819374],[-120.22998692793801,35.648571656531495],[-120.23027607586505,35.64840769178812],[-120.23070710999625,35.64831091625394],[-120.23123955853315,35.648140416913876],[-120.23150446003231,35.64780669581557],[-120.2320889039562,35.646768586481045],[-120.23232635653355,35.646312977103975],[-120.23204473289536,35.64598071640384],[-120.23188680547511,35.645527006387034],[-120.23175144103992,35.64499190502233],[-120.23145407352806,35.644473335638914],[-120.23120652478522,35.64404745705665],[-120.23089675153925,35.643792499840096],[-120.23078139438205,35.64363541012963],[-120.23065299099197,35.64346054694868],[-120.23055140231311,35.64265463729934],[-120.2305562505207,35.64220317588517],[-120.23067832078803,35.64210561315655],[-120.23082408052773,35.64198912190093],[-120.23083498068537,35.64168794147692],[-120.2306358592212,35.64147551191629],[-120.23059425464713,35.641431128993915],[-120.23030599335729,35.64113797915446],[-120.2298743609481,35.64071703909791],[-120.22947028795352,35.64040819271543],[-120.22915641030504,35.64024417179569],[-120.2290937662887,35.64021143619641],[-120.22903642323084,35.64020007802081],[-120.22867576042407,35.64012862689717],[-120.22805215624203,35.64008894039932],[-120.22750061760703,35.64012254116335],[-120.22700828513581,35.63991007896902],[-120.22671323976894,35.639447851906525],[-120.22621596117372,35.63853971556387],[-120.2261302951333,35.63812828999997],[-120.22616573816285,35.63786406311598],[-120.22627247328994,35.63745953915933],[-120.2262856704398,35.63740951414448],[-120.22623756296136,35.63729268385644],[-120.22613248522596,35.637037510885605],[-120.22587406956313,35.63691279952968],[-120.22547380632368,35.63669786549263],[-120.22488190009474,35.63630000573005],[-120.22449105928429,35.63574631204979],[-120.22418209452213,35.635510121036276],[-120.22378864051251,35.6354642446728],[-120.22349025071784,35.63549104214949],[-120.22309453115707,35.635388808822334],[-120.22274860970411,35.63537926863496],[-120.22214050864727,35.635151082812534],[-120.22172102415567,35.635030672458456],[-120.22153693689606,35.63503560137005],[-120.22125552076871,35.63491149579555],[-120.22094506031156,35.634637721651075],[-120.22084094557012,35.634339620127555],[-120.22094393023094,35.63403597595696],[-120.22127777652985,35.63374495574315],[-120.22137329619063,35.63361305565896],[-120.22143054851864,35.63353400180351],[-120.22169083267727,35.63313211940225],[-120.2218436010728,35.632921167495866],[-120.22183658433215,35.63274639549911],[-120.22183077402889,35.63260181517925],[-120.22186547415167,35.632318800684075],[-120.22215026974112,35.63195387131612],[-120.222642837571,35.63170618340034],[-120.22255319199385,35.63128396703807],[-120.2222789722702,35.63097090124089],[-120.22215369142405,35.63082787436684],[-120.22190244431717,35.630503960519775],[-120.22159268544428,35.629909315059415],[-120.22150219994232,35.629590384419714],[-120.22167256813093,35.6293507055294],[-120.22198383078361,35.62903377109745],[-120.22222670918529,35.62880684055545],[-120.2223454341265,35.62863258454784],[-120.22237968149841,35.62858231889693],[-120.22230422301452,35.62849616801597],[-120.22216972725019,35.62848649703734],[-120.22170852859006,35.628453336779586],[-120.2213145248115,35.62832189380733],[-120.22088881768993,35.62821076449413],[-120.22061263694404,35.628056509321176],[-120.22053187301009,35.62783824454446],[-120.22048000338728,35.627442861230506],[-120.22061500220819,35.62721882203618],[-120.2208867650395,35.62681477723202],[-120.22131680293909,35.62631832974029],[-120.22117683284137,35.62625043460221],[-120.2210822195807,35.62611834690805],[-120.22099092918826,35.62599089785189],[-120.22090206245048,35.625794891520286],[-120.220423146318,35.625700606282514],[-120.2200513848259,35.625341007024],[-120.2198278615253,35.625113593566255],[-120.21975005754024,35.62479680590076],[-120.2197424389283,35.62476578723428],[-120.21954420769458,35.624452745565],[-120.21948810431182,35.62436415064133],[-120.21937186950055,35.623842118412725],[-120.21920804823377,35.623321361369996],[-120.21915110133298,35.62308948788684],[-120.21911561248935,35.6227986943504],[-120.21886674771461,35.62253305713205],[-120.21859954203673,35.622404053572225],[-120.21822858274015,35.62206388085186],[-120.21805110708104,35.62179633020194],[-120.2180671078729,35.621601408193115],[-120.21831716561033,35.6213029769196],[-120.21804217333555,35.62097968680015],[-120.2180113674095,35.620805464119265],[-120.21750154384135,35.620566248149686],[-120.21697182438629,35.62042480990781],[-120.21672764432576,35.6202757389922],[-120.21650025108296,35.61995117337429],[-120.21613164986401,35.61966928102072],[-120.21593311230475,35.619419633775024],[-120.2157919690073,35.61904133093471],[-120.21554851568385,35.619253569645096],[-120.21519718637286,35.61946868787107],[-120.21499027292188,35.619694642296324],[-120.21455199477624,35.61998555811684],[-120.2140040745552,35.620235312401064],[-120.21358940144029,35.620216995886544],[-120.21336778616137,35.62007596157863],[-120.21314263691013,35.61984684848384],[-120.21315473811532,35.61969957507443],[-120.21314416045284,35.619435343503156],[-120.21313357650217,35.619171108868116],[-120.21310536311404,35.618466496675985],[-120.21309274447924,35.61813612256764],[-120.21281032223875,35.61822146088426],[-120.2125501422847,35.61826730259731],[-120.21217176290389,35.61833575366461],[-120.21176336991111,35.618249400416516],[-120.21138935095269,35.61783149015581],[-120.21097940836603,35.61770627781994],[-120.210907525177,35.61769362461773],[-120.21059559417773,35.61763871859148],[-120.2103884768092,35.61774125722815],[-120.2102218806465,35.61782373408457],[-120.20999481798371,35.61810208609207],[-120.20959227122678,35.61817098494703],[-120.20894709130826,35.6181105767734],[-120.20841584561555,35.61793024070156],[-120.20837167185975,35.6179274204484],[-120.20820092098887,35.61791652062891],[-120.207826425025,35.61808209899411],[-120.20754865785433,35.61828399985513],[-120.20722252538874,35.618467736644305],[-120.2069764283234,35.618499542044546],[-120.20684336537192,35.618516739476334],[-120.20673576426888,35.618208410505005],[-120.20668597963585,35.61790290278993],[-120.20667264863705,35.617821097122395],[-120.20644840758256,35.61757422420885],[-120.20639317646396,35.617545131359144],[-120.20613209549967,35.617407604899235],[-120.20577595750694,35.61743654152299],[-120.20506988977846,35.617649841908275],[-120.20391870862333,35.618050035647464],[-120.20346661079535,35.61806206807578],[-120.20305977907451,35.61801454811585],[-120.2028624425628,35.617844750910805],[-120.2025851739571,35.617441980511714],[-120.20253373283066,35.617367254266064],[-120.20237778619567,35.61704075770721],[-120.20229710041518,35.616809507187575],[-120.20258317700223,35.6164031627402],[-120.20269714626231,35.61615411069584],[-120.20245101595931,35.61589127611268],[-120.2023932273371,35.61587326970084],[-120.20170332748708,35.615658318531196],[-120.20131642668748,35.615513011353485],[-120.20099278255523,35.61518814597852],[-120.20091480429699,35.614998551350745],[-120.20075659929735,35.61503066484973],[-120.2005840176599,35.615065695817655],[-120.20004838549367,35.615371683210455],[-120.19958722635941,35.615753491212],[-120.19914366162833,35.61597922609708],[-120.19847144601299,35.61644443546147],[-120.19818978823882,35.61654916789922],[-120.19786363870526,35.616732880923706],[-120.19752819520173,35.61668344394945],[-120.19709293180217,35.616519957833354],[-120.19622396537672,35.61623184241673],[-120.19586240874621,35.61612474201635],[-120.19536796433572,35.61567107648514],[-120.19523512326813,35.61531012126923],[-120.19520138074942,35.61521235336909],[-120.19518691787334,35.61484902922848],[-120.1952437084673,35.61424133973218],[-120.19552937362597,35.61395821934796],[-120.19606551154374,35.6135251687806],[-120.19637200054899,35.61308719071643],[-120.19670342139665,35.61282541083819],[-120.19679072865912,35.61275645041464],[-120.19665724439778,35.61257525511581],[-120.19644829087282,35.612291617618496],[-120.19611575072432,35.61197392542592],[-120.19601586525124,35.61193938971601],[-120.19583883874978,35.61194366569182],[-120.19544054731236,35.612109839939805],[-120.19497474388808,35.612375050955336],[-120.19448436794752,35.612621463757264],[-120.19424721361084,35.61264720775686],[-120.19374137317266,35.612505031776344],[-120.19320555685177,35.612208050548034],[-120.1924172986647,35.61215115942527],[-120.19173039469618,35.612247175404136],[-120.19113556714593,35.612262944235546],[-120.19029045368623,35.6119741481709],[-120.18990127475905,35.61177051514535],[-120.18966270377916,35.611587943890605],[-120.18956784617671,35.611515354922155],[-120.18945910241663,35.611432136862355],[-120.18882414712267,35.61043756742958],[-120.18879418381638,35.61040055233029],[-120.18860320917351,35.610164624580804],[-120.18842339879298,35.60994248695972],[-120.18812422476907,35.609734588005836],[-120.18764661119374,35.609574063065594],[-120.1867270768043,35.60920941258566],[-120.18664340861707,35.60910815059689],[-120.18631696713102,35.60871305883398],[-120.18617665747017,35.608543238231675],[-120.1856492664483,35.60785700221581],[-120.1851042621587,35.60732682834403],[-120.18482636383398,35.60692573373957],[-120.18432743952519,35.606346639116445],[-120.18430208098304,35.60631720767675],[-120.18418902081801,35.6062837000677],[-120.18382009081567,35.60617435727549],[-120.18323368586954,35.60580086918696],[-120.1827101926377,35.6052117625003],[-120.18264014021523,35.60510604089949],[-120.18258353647086,35.60502061044022],[-120.1825447014028,35.60490736936571],[-120.18249848397977,35.60477259222937],[-120.18246032085155,35.60472918662626],[-120.18207845151585,35.604294870014336],[-120.18174761008154,35.603759017156115],[-120.18166023724206,35.603308168730926],[-120.18172143227584,35.60309841267889],[-120.18169575932335,35.60305355341597],[-120.18166327714098,35.60299679821001],[-120.18164467572639,35.602964292041214],[-120.18145128371707,35.60293204734026],[-120.18114122390857,35.6028803478394],[-120.18072985569555,35.602716166662056],[-120.18028854573583,35.60239717723765],[-120.17991245346572,35.60192086804906],[-120.17987634298791,35.60187734987767],[-120.17961235507536,35.60155924382317],[-120.17943156553119,35.601499257697064],[-120.17917797921132,35.60141511693948],[-120.17855789462858,35.601392591886324],[-120.17808132579391,35.601385722397566],[-120.1775426097113,35.6016138942879],[-120.17701538038622,35.60153055782882],[-120.17657255317195,35.60117269491229],[-120.17619572158839,35.60067693845166],[-120.17618555355769,35.60059706902927],[-120.1761562792592,35.600367120786125],[-120.17614965059072,35.60031505514961],[-120.17612662407504,35.6001341640143],[-120.17610126283795,35.599492985228366],[-120.17644580986853,35.59917269667161],[-120.17681129213683,35.59899101774192],[-120.1769829763573,35.59890567278857],[-120.17737971191264,35.59870070413993],[-120.1773014228373,35.5985277184985],[-120.17700696676526,35.598275271978984],[-120.17668516956924,35.597999381954224],[-120.17638663873907,35.59767661268255],[-120.17632676333045,35.597366992309276],[-120.17634964072579,35.59711963115399],[-120.17638933009165,35.59669053322059],[-120.17639348929143,35.59664558709426],[-120.17646102463452,35.59633243098605],[-120.17648492251598,35.59622162391186],[-120.17627793180992,35.5961058473897],[-120.17579742206613,35.59589809363805],[-120.17550781240506,35.595740409454535],[-120.17518635656883,35.595627128951165],[-120.17488640550218,35.595382062646856],[-120.17469767844415,35.59504537036505],[-120.17461795386102,35.59488742810754],[-120.17456591176166,35.5947843298582],[-120.17453755284646,35.594739248985704],[-120.1744363279853,35.59457833091865],[-120.1743786408727,35.594520674875476],[-120.17425368791162,35.594395781064065],[-120.17415775053422,35.59421684955955],[-120.17404974429097,35.59401540294367],[-120.17377816471597,35.593690089420384],[-120.17355034926494,35.593523410870986],[-120.17334661046023,35.59329549130667],[-120.17329834038675,35.593098375602345],[-120.17330224805823,35.59285579543539],[-120.17328476863942,35.59270141948029],[-120.1732665930263,35.592636306724636],[-120.17292873035973,35.592623166704655],[-120.17266957807836,35.59255284550034],[-120.17244911893121,35.592437419420214],[-120.17224084093932,35.59228859950517],[-120.17203169158164,35.59211776737778],[-120.17186601978534,35.5920229340192],[-120.17160582725488,35.591792611234766],[-120.17114159408573,35.591493639223486],[-120.17050394923581,35.59102418227512],[-120.17006888166897,35.59086058820793],[-120.16974431406861,35.59048013484858],[-120.16963536189938,35.59013290040123],[-120.16955556994257,35.5899210526945],[-120.16914735930779,35.58983454751134],[-120.16879901599683,35.58945471752073],[-120.16836395920977,35.58929111440228],[-120.16785907278242,35.589168249851284],[-120.16717695503773,35.588777744486116],[-120.16688691867692,35.58866867144628],[-120.16652016439416,35.58842546859745],[-120.16621017465424,35.58841417173542],[-120.16563776546026,35.588390321500434],[-120.16421210047679,35.5884666958479],[-120.16349850217128,35.58848544771988],[-120.16305114475306,35.588613898911134],[-120.16219176874158,35.58855867414337],[-120.1616800102023,35.58826091368942],[-120.1612426752877,35.58803899359613],[-120.160647339291,35.58743221893021],[-120.16020084156052,35.58697713856571],[-120.15982876386141,35.58659790210058],[-120.15983803088189,35.58622810907564],[-120.16001139674857,35.585879740637644],[-120.15980746480604,35.5854509060893],[-120.15972887479508,35.585394735994534],[-120.15943998378624,35.58518824899033],[-120.15889530558506,35.584657937363396],[-120.1585293543962,35.58443413850414],[-120.15826432264127,35.58428581218497],[-120.1581641721652,35.58422976327722],[-120.15803670212472,35.58430691233841],[-120.15786183157994,35.58441274542842],[-120.15771136915974,35.58482514137879],[-120.15755326836467,35.58504323860665],[-120.15711050043925,35.58528825108614],[-120.15666086040187,35.58535838872727],[-120.15630101955355,35.585290019759995],[-120.15605858042807,35.585179675184605],[-120.15577086082234,35.58512886572374],[-120.15541559868701,35.58517707732715],[-120.15500895201916,35.585129383688326],[-120.15443198746836,35.58498889827328],[-120.1540430268318,35.584785135210204],[-120.15369858131083,35.58450240665407],[-120.15354824375648,35.58431184510668],[-120.15296213884766,35.58393818851174],[-120.15266604065529,35.58367364085016],[-120.15230788953801,35.58304116360353],[-120.15217371986213,35.582655672273944],[-120.15206638466042,35.58234728108874],[-120.15213163828265,35.58218997276578],[-120.15258127203181,35.58211984988347],[-120.15302327638926,35.58185542479809],[-120.1533908705968,35.58151514541943],[-120.15365951268083,35.581080206767965],[-120.15389826961199,35.580490454928004],[-120.15403730725839,35.579786608967126],[-120.15426599946511,35.57954721629138],[-120.15441729282693,35.579525498250966],[-120.15459745085548,35.57949963473556],[-120.15485297573973,35.57933733879379],[-120.1547203260133,35.57899070992192],[-120.15466225442177,35.57881329362096],[-120.15453095845646,35.57841216717775],[-120.15461617983087,35.57815708471146],[-120.15485949571207,35.57768390740548],[-120.15513846213366,35.57742870645018],[-120.15531915016822,35.57726341146669],[-120.1555048409206,35.57714184651583],[-120.15528844036191,35.57697604315187],[-120.15505461877491,35.57658959106923],[-120.15482073969578,35.576090013096106],[-120.15453701220316,35.57553339502823],[-120.1542317871275,35.575035684581486],[-120.15395721795925,35.57471222286289],[-120.15355610850678,35.57419757435683],[-120.15334755473211,35.57373623228066],[-120.15293639223329,35.57357194529751],[-120.15252827951488,35.57348538007407],[-120.15190993496886,35.57350156571385],[-120.15141126398495,35.57353406704144],[-120.15065555625219,35.57368999095817],[-120.1502512532889,35.5737005701965],[-120.1499820308932,35.57351310945156],[-120.14964164216406,35.57272455340589],[-120.14936405106316,35.57232336066796],[-120.14923600699919,35.57209330636999],[-120.1493257208483,35.571943453462175],[-120.1494371029604,35.57175739589236],[-120.14956000416935,35.57124847814918],[-120.14941884560055,35.571051561718264],[-120.14893044864858,35.57037023309538],[-120.14812130463115,35.569768982340825],[-120.14726080842047,35.56907181432361],[-120.14681677566709,35.568674965612345],[-120.14630140410375,35.568279977515886],[-120.14570785216124,35.567711973978504],[-120.14505664544548,35.5674955781624],[-120.14446484342115,35.567362288623805],[-120.14436016094446,35.56733871344606],[-120.14426617380956,35.567374875250714],[-120.14349242521092,35.56767256721732],[-120.14325841497772,35.56777592616593],[-120.14281440558055,35.567379060806125],[-120.14215257718487,35.56689062226153],[-120.1415190960263,35.56651814416437],[-120.14134195993037,35.56633747845954],[-120.1409984486573,35.56598711702585],[-120.14094409159947,35.565960652131665],[-120.14039179478637,35.56569173230077],[-120.1400543148021,35.56558383133909],[-120.13967155254103,35.56553545887158],[-120.13918759955473,35.56533412205491],[-120.13899794094372,35.56523581885578],[-120.13858019559054,35.56501929724192],[-120.13839902605898,35.5649397824635],[-120.13765986349712,35.564615370206624],[-120.13681694551997,35.56436502288628],[-120.13631908122318,35.564416889754476],[-120.13566081195266,35.56462853162941],[-120.135162942266,35.564680393211866],[-120.13463702448124,35.564704846063115],[-120.1342124905594,35.56472458050171],[-120.13387502045666,35.56461666069986],[-120.13372779646303,35.56450378995773],[-120.13335292230845,35.56404673417028],[-120.13291049753944,35.563688689093304],[-120.1325265450106,35.562998465183874],[-120.13217393470202,35.562460514854195],[-120.13221669001797,35.56238754518226],[-120.13248491977528,35.56192978163372],[-120.13258565235965,35.56146035672818],[-120.13251690249433,35.56091753640448],[-120.13252510321456,35.55990590759758],[-120.13251223754307,35.55957558845277],[-120.13240660105555,35.55937824066886],[-120.13235821330277,35.55928783952854],[-120.13210039142632,35.55907220145184],[-120.13181692175023,35.55883510661675],[-120.13139604127669,35.55841814309273],[-120.13093517499321,35.55819672056954],[-120.13100046005647,35.55803941963102],[-120.13127018640706,35.557853738295485],[-120.13130485868209,35.55782986653663],[-120.13144090134533,35.55773621667729],[-120.13141808593375,35.55753623930142],[-120.1313459251653,35.55690365214982],[-120.13133249984335,35.55678596982093],[-120.13119621104171,35.55634215484907],[-120.13092557918934,35.55611578624029],[-120.13065452962034,35.55571818419923],[-120.13011780959428,35.5549308598778],[-120.12989624282442,35.554558249455724],[-120.12970799816166,35.554241672881425],[-120.1292281064588,35.55429795617603],[-120.1288722810798,35.55422238313468],[-120.12830332500978,35.554101538181065],[-120.12782618574494,35.554072251974695],[-120.12754623207482,35.55405506773705],[-120.12709475138945,35.55389044148676],[-120.12701476449823,35.55379883630671],[-120.12681244143839,35.553567117312696],[-120.12616099397411,35.5534627833618],[-120.12582001595014,35.55344876647781],[-120.12517485130297,35.55342224043721],[-120.1250601427294,35.553398101330735],[-120.12484848707204,35.55335355845156],[-120.1242118043178,35.553281896743904],[-120.12369339465216,35.55313001490251],[-120.12304623574506,35.5531357717949],[-120.12274853226329,35.553110423047826],[-120.12253124596575,35.55307196871125],[-120.12226798119698,35.5528914254422],[-120.12193350428075,35.55261352415595],[-120.12150898832525,35.55244817651531],[-120.12112916714837,35.55239188534438],[-120.12075361746071,35.552445705495956],[-120.12035795179887,35.55267639211327],[-120.12000996332243,35.55309321302431],[-120.11980398232272,35.553258222413966],[-120.119682942423,35.553355182392096],[-120.11953959555817,35.553343827232034],[-120.11926354955959,35.55332195884237],[-120.11894682874323,35.553153808398555],[-120.11852596893095,35.552734856638274],[-120.11821127920543,35.55227353131277],[-120.11808268267757,35.55208501697148],[-120.11731756688884,35.55113490045868],[-120.11690980631002,35.550604117094714],[-120.1159589045475,35.54989211509604],[-120.11497889826805,35.549421597918666],[-120.11383818967249,35.54859923431001],[-120.11319262527505,35.54796343963236],[-120.11274620390134,35.54731831068897],[-120.11240411915294,35.546842184786975],[-120.1120253624797,35.54645303868973],[-120.11187043812748,35.54629386038716],[-120.11160273478292,35.545813570957485],[-120.11146467989343,35.54556587588468],[-120.11118400846942,35.54493385649362],[-120.11079471186294,35.54428259480282],[-120.11049349776502,35.54381643469427],[-120.11025000222077,35.54344797915817],[-120.10997402718907,35.54293707621846],[-120.10959780376491,35.542274449624585],[-120.10937629269058,35.542125864707984],[-120.10885542613264,35.541907845811686],[-120.10801620202791,35.54147760124919],[-120.1073572275799,35.54117496574416],[-120.10669540367579,35.540881988734384],[-120.10638084151107,35.54074273853804],[-120.1053006694842,35.54024153217074],[-120.1046438357215,35.53999393318802],[-120.10425756733584,35.539768752298876],[-120.10399534461283,35.53949628636419],[-120.10383748995616,35.53913295705146],[-120.10394737188172,35.538718644658914],[-120.10413630375562,35.53802306984111],[-120.10410475132961,35.53767118334102],[-120.1039822660406,35.537292244184876],[-120.10384391291045,35.537090008943856],[-120.10371551940182,35.53690232879219],[-120.10333760983988,35.536427099392185],[-120.10281059161892,35.535876376991894],[-120.1021332223688,35.535489022752245],[-120.10181140540985,35.53516038009796],[-120.10157925019772,35.53492329861664],[-120.10113953744255,35.5344452525739],[-120.10093249912575,35.53425120781905],[-120.10035779114294,35.533722260884936],[-120.09995890861408,35.533152537250245],[-120.09962036592285,35.532998124463695],[-120.09907897645392,35.532758306911234],[-120.09875771016225,35.53247657686201],[-120.09837904781209,35.53243194048519],[-120.09804678434473,35.53244048192127],[-120.09783976309592,35.532246433048414],[-120.09780506926131,35.53192108215013],[-120.09778695473362,35.53145030674651],[-120.09796680553832,35.5309381935266],[-120.09809747178461,35.530300472136524],[-120.0984337659927,35.52982058551728],[-120.0988607451287,35.529392737617],[-120.0993327145891,35.528981856267066],[-120.09987670917232,35.52871411808341],[-120.10036733484453,35.52821212961003],[-120.10043920186389,35.52777528889843],[-120.10025154739431,35.527508247065335],[-120.10019679058617,35.52723778725538],[-120.10071513467477,35.526880082973555],[-120.10117678788242,35.52677758003996],[-120.10179348401991,35.526671083033555],[-120.10205230302631,35.52648317380247],[-120.10238646283727,35.52594895782352],[-120.10265486776609,35.52543455770151],[-120.10291838855467,35.524793409740184],[-120.1038268251571,35.52362816283303],[-120.10417771070036,35.52352850271979],[-120.10417352544944,35.52341986214711],[-120.10416545678156,35.523385598242065],[-120.10410751095417,35.523139479666696],[-120.1040674829234,35.522969477611795],[-120.10389709407357,35.522575127783576],[-120.10399806560982,35.522318782613354],[-120.10451565780855,35.52194295356516],[-120.10468458689603,35.52185185146971],[-120.10479800369224,35.52179068116984],[-120.1046774902053,35.5215400436684],[-120.10442339274402,35.52127472192783],[-120.10410825655585,35.5205759762442],[-120.10413580249572,35.52014027696442],[-120.10401599688123,35.51990774273103],[-120.10374255240369,35.51971541612381],[-120.10335767191513,35.519507833513174],[-120.10291594334046,35.518975466999606],[-120.1024590503055,35.518624738473875],[-120.10225205420953,35.51843069494281],[-120.10195368417779,35.51816650500689],[-120.1019376438601,35.517750050957495],[-120.10207663659074,35.517329607652556],[-120.10201839701423,35.516968613510485],[-120.10215877943865,35.51658438299739],[-120.10214832215043,35.51631278228639],[-120.10200916592639,35.516153242927395],[-120.10193243991965,35.516103463815696],[-120.10141802236713,35.51576971630242],[-120.10081503362258,35.51507837211336],[-120.10014840552834,35.514461158446686],[-120.09994824112009,35.51386819268334],[-120.09994492813333,35.51378207995392],[-120.09994336506472,35.513741446775526],[-120.0998864334353,35.51373135318956],[-120.09967552517624,35.513693959966965],[-120.09916964880546,35.51379759250706],[-120.09867060232578,35.51350230727142],[-120.09780608166265,35.512926416334686],[-120.09741776871141,35.51262827614709],[-120.09687026710532,35.51222547890228],[-120.09644323856197,35.512073329198884],[-120.0961982446278,35.512043373933395],[-120.09592345447393,35.511814812389126],[-120.09567287391704,35.511308327182846],[-120.09558698239947,35.5111347155763],[-120.09532947044178,35.51077883854242],[-120.09498338190217,35.51042523188613],[-120.09487356016373,35.51033388418521],[-120.09443382135744,35.50996809966565],[-120.09317562569912,35.509529158236404],[-120.09272508465153,35.509341347810526],[-120.09218318583787,35.50908338087949],[-120.09160116556863,35.50893518933405],[-120.09120255882257,35.50894541149188],[-120.09084477152301,35.50886396544988],[-120.09017001277712,35.508609395853966],[-120.08964332693277,35.50816978082144],[-120.0892350049069,35.50792650333993],[-120.08848549644789,35.50745634038693],[-120.08813875752803,35.507084606326565],[-120.08799409732623,35.50678019281475],[-120.08774218816102,35.506569148551286],[-120.08758875321554,35.50653165180876],[-120.08740655511298,35.50648712166196],[-120.08719477279317,35.50616630189775],[-120.08720026868609,35.5057311672077],[-120.0875579823238,35.50523263657093],[-120.08800219204527,35.50467751345897],[-120.08816685323686,35.50434705095189],[-120.0881953738488,35.50427669835665],[-120.08861237449865,35.50324815163269],[-120.0886663147382,35.50292052363612],[-120.08880050148207,35.50237334120477],[-120.0888600525989,35.50181621573225],[-120.08830547945487,35.50170914809125],[-120.08811097802618,35.50173188180367],[-120.088015329008,35.501754059709185],[-120.08785277346743,35.5017917502872],[-120.08768931242508,35.50173006886967],[-120.08763251194968,35.50170863763205],[-120.08751660682012,35.50151634202237],[-120.08729900880715,35.5009361183256],[-120.08700146702212,35.500535457876474],[-120.08655076068452,35.50010321581076],[-120.08624307781824,35.500004585462364],[-120.08596994146284,35.499674304845776],[-120.08578423543912,35.49935953236276],[-120.08535183407204,35.49883805871104],[-120.08530046391253,35.498798600552895],[-120.08494926934883,35.49852883752275],[-120.08460411685373,35.49837101147979],[-120.08426966958187,35.498287465252595],[-120.08392370770468,35.49820104400641],[-120.083781067814,35.49834797842641],[-120.08356001488046,35.49852888067217],[-120.08323065386976,35.49843079909479],[-120.08249806607746,35.49800574731312],[-120.08213278952338,35.49753580346572],[-120.08191998671738,35.49707970588445],[-120.0818643818996,35.496512235849615],[-120.08197588169098,35.49625587621024],[-120.08206255294624,35.49605526359144],[-120.08227208768122,35.49554289090584],[-120.08240683587215,35.495012867539046],[-120.08242439074944,35.494943808621834],[-120.0821210197965,35.49476419211428],[-120.08180339078339,35.49459748994246],[-120.08124703538186,35.494238934433874],[-120.08096174482066,35.494157466895594],[-120.08050297610339,35.49408043659555],[-120.08032136819396,35.49387206071024],[-120.0798856394671,35.49382993858991],[-120.07965117109308,35.493942436314974],[-120.07911447082996,35.4940981595465],[-120.078589293257,35.493987309854816],[-120.07841040005636,35.49384986892639],[-120.07822270516259,35.4934818839049],[-120.07805737023455,35.4931310740102],[-120.07772397758484,35.492926571334465],[-120.07721442620623,35.4920875107292],[-120.07661815416502,35.491250657540284],[-120.07630510566156,35.491010127934615],[-120.07604692625564,35.49106997222657],[-120.07562541965635,35.49140025237902],[-120.07524863388683,35.491764892700125],[-120.07491318229847,35.492075223133504],[-120.07445167821115,35.49249527718147],[-120.07426395546962,35.49269533258685],[-120.07393192736082,35.492526287103814],[-120.07344743089381,35.492343370956526],[-120.07317437448845,35.49201305591627],[-120.0731784851792,35.49155141215524],[-120.0731622634018,35.49112579004433],[-120.07281469713354,35.490548852166306],[-120.072125604869,35.49012262863567],[-120.07152527513766,35.48974739274351],[-120.07110382603052,35.48950960953842],[-120.07045676683641,35.48904680012035],[-120.07030708145895,35.488535817088014],[-120.07034234662206,35.48832190372979],[-120.07010383133772,35.48832797759674],[-120.06961050892302,35.48848255311297],[-120.06926019740325,35.48840271523353],[-120.06852979700868,35.48803077669367],[-120.06804601649893,35.48786557463846],[-120.06758526789477,35.48773528334484],[-120.06719722623474,35.48754749729719],[-120.0665487881267,35.48711556204839],[-120.06573873501418,35.4868499180952],[-120.06520743182926,35.48670075950904],[-120.06480380709401,35.48658744411935],[-120.06468851910708,35.48647993193785],[-120.06444097216087,35.486249082791566],[-120.06418822217253,35.48626702471275],[-120.06399220798092,35.48628093483739],[-120.06326950165673,35.486340193097156],[-120.06261085868704,35.48611157376749],[-120.06229953584725,35.48581278983095],[-120.0623365904544,35.48561489558825],[-120.06220881588501,35.48508907996851],[-120.06196649713375,35.48494206936605],[-120.06168402728255,35.48474477936902],[-120.06135006060937,35.48450790667549],[-120.06138372766958,35.484077685765506],[-120.0615929830285,35.48366344834271],[-120.06188491303797,35.48345157455678],[-120.06237988655613,35.48266204883872],[-120.06218723745356,35.4821966821822],[-120.06169241036078,35.481524942151836],[-120.06158106687626,35.48137378472927],[-120.06115967166805,35.48112832082576],[-120.0609420152646,35.48100153422464],[-120.0604355864299,35.48083037861608],[-120.05957333850445,35.480504675970344],[-120.05900224983392,35.47994667611202],[-120.05869328507175,35.479709160904946],[-120.05807071574891,35.47911156699716],[-120.05780860621367,35.4787910782845],[-120.05791410885217,35.478277248037514],[-120.05800609274402,35.4782495486441],[-120.05843310152443,35.47812096159251],[-120.05926104817908,35.478202187158175],[-120.05957638918316,35.477948832032276],[-120.059669649581,35.47772722181326],[-120.05968845131991,35.477682544755105],[-120.05982861365705,35.47734949275513],[-120.06016272046743,35.476932090388814],[-120.0602525331312,35.476664013311435],[-120.06021903944584,35.47643995398955],[-120.05997511360856,35.476494931180035],[-120.05940117907518,35.4766242787133],[-120.05869655134612,35.4764990329604],[-120.05818783360408,35.47626658231863],[-120.05754574389016,35.47581260695178],[-120.05725325602691,35.4753497625539],[-120.05704652134068,35.47517098524185],[-120.05671338560914,35.474954523403184],[-120.05657846853494,35.4746921459214],[-120.0563490873204,35.47457528380662],[-120.05614080573525,35.47435565195265],[-120.05606380664067,35.47422181772686],[-120.05579297985388,35.473751084416726],[-120.05565652037231,35.47344784899513],[-120.05545985041053,35.47353461875536],[-120.05524516832898,35.47380586006925],[-120.05494459562817,35.47433820117967],[-120.05491723563958,35.474386661558725],[-120.05422810205253,35.47466991738392],[-120.05395883474104,35.47481986277805],[-120.0537886740633,35.47494685006607],[-120.05306040986245,35.4755173378952],[-120.05287609892235,35.47593092817646],[-120.05279682529348,35.4760660573275],[-120.05271591942575,35.47620397711085],[-120.05254736313907,35.47649129832079],[-120.0522250521067,35.476560797392295],[-120.05160255464911,35.475963164717825],[-120.05093321274438,35.47544850510059],[-120.05042837841934,35.47531815344253],[-120.05001494048793,35.474960581454425],[-120.04989497587162,35.47443201495148],[-120.04973279942013,35.47410897635815],[-120.04943160418682,35.474075702440956],[-120.04898830176379,35.474250481249896],[-120.04856379568974,35.474261214065336],[-120.04818691469882,35.47420940449637],[-120.0478888042802,35.474257833495635],[-120.04754846585672,35.474511790625826],[-120.04712704190243,35.47460422446625],[-120.04665644776273,35.47471834830052],[-120.046167823537,35.475016942304606],[-120.04577136556108,35.475108739107924],[-120.04507216814788,35.475126398207955],[-120.04483355225221,35.47476439136925],[-120.04460341196126,35.47462708070324],[-120.04444097499834,35.47457412062013],[-120.04402136743755,35.47443731294597],[-120.04372171101834,35.47444487879164],[-120.04345704757269,35.47471736215422],[-120.0433262097482,35.47499641400229],[-120.0431563050903,35.47535878411154],[-120.04298843870978,35.47554703830134],[-120.04278866776366,35.475552080178105],[-120.04229803220997,35.475135086199906],[-120.04206026342564,35.47489637676914],[-120.04196030968059,35.4747960248399],[-120.04184330860639,35.47483124002322],[-120.04151544418896,35.47492992248722],[-120.04118927668908,35.474897256105294],[-120.04065332831586,35.474604078885086],[-120.04020726806488,35.47404283306745],[-120.0401393554294,35.47361950608585],[-120.04008944593055,35.473308365496685],[-120.04007659732703,35.47322827551378],[-120.04023369290726,35.472754049674826],[-120.04054984419174,35.47252116754564],[-120.04063586955829,35.47215096838412],[-120.04069462027621,35.4717201143571],[-120.04083827885643,35.471552923234526],[-120.04089548626865,35.471081213714335],[-120.0407083797714,35.47075879302829],[-120.04026773097172,35.470340530466785],[-120.04002145154838,35.46977424484085],[-120.0398462414404,35.46910393593559],[-120.03945476911431,35.46866398474508],[-120.03901109119548,35.46825839540725],[-120.03849705902026,35.46778848391924],[-120.03839461245028,35.46767220512005],[-120.03779213484714,35.466988391774855],[-120.03730234730307,35.466591804089944],[-120.03695432109738,35.466641462435824],[-120.03634815052008,35.46647270675608],[-120.03595504415848,35.466053133481516],[-120.03574927785613,35.4658335054209],[-120.03556795471266,35.46593688802378],[-120.03518651926322,35.46615436404758],[-120.0344631922032,35.46619301367597],[-120.03391541122103,35.466247689852594],[-120.03373141469129,35.46600696177716],[-120.03346790917405,35.46564555846137],[-120.03303803746283,35.46517708256716],[-120.03297277845068,35.46510596183129],[-120.03255162399098,35.46503098962358],[-120.0322682845706,35.46498055326984],[-120.0322592205694,35.464943168084154],[-120.03220914218723,35.46473668260901],[-120.03219456073356,35.46434857250413],[-120.03218535210357,35.464103445863394],[-120.03194375739443,35.46365970144779],[-120.03189961238472,35.46355648639552],[-120.03177937198564,35.463275353497615],[-120.03154622054184,35.46305630464998],[-120.03106569373007,35.462904811788256],[-120.0308809435138,35.462643652002534],[-120.0308298805781,35.462413535590734],[-120.03079070415026,35.46223699405541],[-120.0310749751236,35.46182092172325],[-120.03134230656562,35.46162543345699],[-120.03168305192594,35.461376263280776],[-120.03198998380061,35.46089828130443],[-120.03230381204177,35.460604143554434],[-120.03236720704966,35.460295855236886],[-120.03229849760856,35.46017181476212],[-120.03209912461608,35.459811880086875],[-120.03160465505276,35.45946618856289],[-120.03125220194937,35.45921978192797],[-120.03087310211967,35.45910662902175],[-120.03054998080692,35.45908837079622],[-120.0303722338566,35.45907832375818],[-120.02975386415773,35.458582699789055],[-120.02944555606402,35.45851369079108],[-120.028984434659,35.458534269398704],[-120.02888069271843,35.45853889965786],[-120.02857526552181,35.45865679263962],[-120.02772437948808,35.45931744892218],[-120.02749788096727,35.459025529044304],[-120.0273922525646,35.458821123255674],[-120.02732357186954,35.45868821878767],[-120.02714199899445,35.45851641787395],[-120.02692004954223,35.45834563440402],[-120.02674863032478,35.45808540006866],[-120.0266260992217,35.457691677794514],[-120.02649670858311,35.45747447816289],[-120.02626758518508,35.456911843986404],[-120.02579292706704,35.456249021783215],[-120.02563088266788,35.45592594381034],[-120.02520617357459,35.45526186879601],[-120.02429899281695,35.455059707939974],[-120.0238442530437,35.4549279856081],[-120.02379040443232,35.454840652819236],[-120.02370515341356,35.45454519187665],[-120.02339839132043,35.45425635510169],[-120.02289706850982,35.45405181572535],[-120.02262881180305,35.45383389866277],[-120.02246219857236,35.45338825210751],[-120.02215955794975,35.45331405195893],[-120.02193563849215,35.45334010836605],[-120.0214740328952,35.45302453022785],[-120.02106695054442,35.45283026311761],[-120.02093295693832,35.45258826113456],[-120.02101370829584,35.45207507791684],[-120.0209039144052,35.451812023544],[-120.02081756025525,35.45150749065935],[-120.02027114830557,35.45092822898902],[-120.02008570279327,35.45064662094041],[-120.01997470695676,35.45058370307565],[-120.01966641323608,35.45062448966995],[-120.01923383130764,35.450943945403395],[-120.01883462448696,35.4510751825028],[-120.0185791579932,35.45102966153336],[-120.01850916306289,35.451017192767026],[-120.01838063211203,35.450822006085744],[-120.01836664354646,35.450447601011284],[-120.01825295456071,35.45042525820066],[-120.01821737229231,35.450418269667935],[-120.01798571923841,35.450534411684785],[-120.0178471406311,35.4506038885493],[-120.0173864908416,35.45063239071641],[-120.01667527307163,35.45032303603084],[-120.01621974098431,35.44995019246544],[-120.01592191353501,35.44954981571911],[-120.01576099921648,35.4493235227967],[-120.01563627532579,35.44926535616811],[-120.01463084672383,35.44910646888839],[-120.0139907377951,35.448693091922586],[-120.01355568100806,35.44841771173542],[-120.01326583509005,35.44801602401943],[-120.01300476849882,35.44771584566429],[-120.01238963722655,35.44730183292916],[-120.01222385942906,35.44687659786577],[-120.01185837536413,35.446456347906285],[-120.01181284425397,35.44590542930875],[-120.01172048845962,35.44568476339952],[-120.01169392707328,35.44562128619868],[-120.01191284111813,35.44535128615808],[-120.01213700042591,35.44486070486313],[-120.0121831307124,35.4444444819275],[-120.01190532491415,35.443694895684864],[-120.01174896146084,35.443301273517115],[-120.01171230840065,35.4432089983747],[-120.01159055793353,35.44248756170591],[-120.01151426581309,35.44206779600872],[-120.01101684438575,35.441979125328096],[-120.01026722453568,35.441977385696156],[-120.00976570140075,35.44192855962074],[-120.00941623429733,35.44193727974115],[-120.0089131930096,35.44184759528855],[-120.0082112144123,35.44178331733192],[-120.00764498203421,35.441787335986504],[-120.0074818596567,35.44174731556474],[-120.00720627988373,35.441930259001424],[-120.00641319684527,35.44234711335701],[-120.00624712889194,35.44226237671935],[-120.00620724998153,35.442242024485516],[-120.00572683815413,35.4420004832042],[-120.00543196436547,35.441677159204325],[-120.00532916565595,35.44144825188041],[-120.00517495995595,35.441274755016124],[-120.00511830860087,35.441211010133316],[-120.00497753810428,35.440685445743355],[-120.00497797468549,35.44016683953422],[-120.00491361848023,35.43977995976123],[-120.0046285902271,35.43946609301994],[-120.00431443949077,35.43912014648538],[-120.00384918673377,35.438702352506226],[-120.00342768642268,35.43848650392515],[-120.00327353013003,35.438325006659845],[-120.00315677878751,35.438036928465706],[-120.00301924402258,35.43770040557973],[-120.00283833679906,35.43748711596633],[-120.00258958521206,35.437316952432894],[-120.00246048203435,35.43712137316156],[-120.0023293289012,35.43692269013266],[-120.00216297258868,35.43694965575055],[-120.0018319550846,35.43704920881365],[-120.00138776422773,35.437105913142226],[-120.00102548535172,35.43711492874259],[-120.00001558493629,35.43705978996514],[-119.99934240453035,35.4370969765866],[-119.9978734632081,35.43656098490471],[-119.99664054614189,35.436325808848196],[-119.99459297928388,35.43500673142788],[-119.99360741153451,35.434029305831025],[-119.99266649095311,35.43290763844571],[-119.9920651937362,35.43218647397355],[-119.99165677109902,35.43195124049109],[-119.99053813949989,35.43210165637418],[-119.98988768108077,35.43207688351975],[-119.98947397455309,35.43169864877216],[-119.9890285134784,35.43113717900116],[-119.98888434465509,35.430937819513545],[-119.98860726289895,35.43055465915306],[-119.98829868980224,35.430316942466064],[-119.98804532356961,35.43022098382186],[-119.98747127225529,35.43023520155112],[-119.98708249936664,35.430531080388555],[-119.98685631705281,35.43117052923543],[-119.98654272506859,35.43226489718079],[-119.98650226135493,35.43240609506594],[-119.98622916991532,35.43312849162344],[-119.9855626963313,35.434698934974755],[-119.98503621081126,35.43532536498813],[-119.98399836919721,35.436312034269044],[-119.98263675678847,35.43732715003225],[-119.98194086158225,35.43742614052804],[-119.9812109570577,35.43728060613769],[-119.98063845084566,35.43666090367074],[-119.98049880054823,35.43639844665906],[-119.98031631498478,35.43605546217391],[-119.98022118788778,35.434831008071505],[-119.98018718575594,35.43458648537187],[-119.98002567765103,35.43440528187696],[-119.97950959372366,35.43382624625566],[-119.97863911184031,35.43325478497342],[-119.9776331873683,35.43307515361924],[-119.97683822864751,35.43319700271262],[-119.97574303589079,35.43319686144813],[-119.97518936735025,35.43319678313057],[-119.97432328361855,35.433422608302706],[-119.97327052008929,35.43394708853604],[-119.97324382844727,35.43396038556739],[-119.97246087840519,35.434409061558995],[-119.97199038577513,35.43452288450671],[-119.97153884041106,35.43447266910141],[-119.97065997005959,35.43435118790332],[-119.97011158810449,35.434385134792755],[-119.96974168612502,35.43451692222039],[-119.96889377620978,35.43455823808896],[-119.96871454883588,35.434505864981325],[-119.96831292914034,35.43438850971886],[-119.96811399632233,35.43441385057101],[-119.96771027367075,35.434731365898514],[-119.96760407843111,35.43481488595185],[-119.96708515492914,35.43497077420529],[-119.96644988522482,35.43467969774884],[-119.96630072266684,35.43457628815733],[-119.96568082403536,35.43414654084833],[-119.96537604721902,35.43401090284844],[-119.96512794331734,35.4340578973077],[-119.96506710850798,35.434106362922535],[-119.96454537866907,35.43452204425328],[-119.96407538909554,35.435331015416374],[-119.96359265242819,35.435792706030576],[-119.9631296283914,35.43611078388564],[-119.96239094373327,35.43624672355569],[-119.96236032555512,35.43625235635341],[-119.96133616887612,35.43625705376673],[-119.96108118028607,35.4362763938154],[-119.96093465158853,35.4362951395469],[-119.96085754739106,35.43650523826257],[-119.96084666699633,35.43653487695486],[-119.96085415355591,35.43673916442811],[-119.96088216212816,35.436843964792736],[-119.9609410161523,35.43706418139513],[-119.96117240689813,35.437242522287505],[-119.96141746730763,35.43736770547625],[-119.96147793829931,35.43739859906291],[-119.96183705330884,35.43757425021269],[-119.96218775559579,35.43799674077086],[-119.96229852236188,35.43840552808028],[-119.96209398046328,35.438704484502004],[-119.96200263617192,35.438776965738185],[-119.96155882620074,35.43912913038903],[-119.96106577507729,35.43939597492503],[-119.96001420990062,35.43976746070871],[-119.95969473484963,35.43988032024689],[-119.95952654238067,35.4399191449746],[-119.95874498382895,35.44009957271214],[-119.95801339406495,35.44039184741409],[-119.95752060165627,35.440542262167035],[-119.95678156306192,35.44075517555512],[-119.9565507598143,35.44081281333642],[-119.95652055486117,35.44082035672939],[-119.95628920903111,35.440347531655426],[-119.95542807411827,35.43934628951564],[-119.95521949249583,35.43890171545889],[-119.9550487164721,35.43853770341697],[-119.95483631700971,35.43819531209703],[-119.9542567320732,35.437766477752206],[-119.95419433689021,35.43772030811197],[-119.95381169410504,35.4375047606369],[-119.95342980141315,35.4373096451162],[-119.95308887279653,35.4368681587062],[-119.95278891005181,35.43618030686879],[-119.952540694759,35.43574289763113],[-119.9522281493121,35.43519213187396],[-119.95168966409652,35.43473930802908],[-119.95109404602886,35.43423842747622],[-119.95016263950461,35.433361544881414],[-119.94921115204049,35.43330301904698],[-119.94850927135955,35.433238386596905],[-119.947852845432,35.43304995800211],[-119.94722994642748,35.43241087321792],[-119.94721538294007,35.43236700980164],[-119.94706156171904,35.43190381514663],[-119.94608700731506,35.43121197418171],[-119.94479741104601,35.43026163580484],[-119.94434303598878,35.42992402418956],[-119.9441553159422,35.42979418068007],[-119.94377809359143,35.429550786759705],[-119.94359221509114,35.42924861737888],[-119.94357079835649,35.42919352957695],[-119.94315120786366,35.42811434521064],[-119.94292389457092,35.427768408461745],[-119.94280739834994,35.42759111309692],[-119.94228144732749,35.426867846297206],[-119.9417208815222,35.425879611924216],[-119.94116361882222,35.42566828133105],[-119.9404852829849,35.42556213343226],[-119.93966506543494,35.4249891553332],[-119.93913277140827,35.42477720750978],[-119.93857923402177,35.424668009583236],[-119.93726866658241,35.42314302084785],[-119.93696920599592,35.42276140459957],[-119.93674601776696,35.42246858568559],[-119.93651255820103,35.42198767798223],[-119.93585797561641,35.421102203891174],[-119.93552468447636,35.42060938043282],[-119.93474283756545,35.41998218441671],[-119.93309718594868,35.418978317879834],[-119.93152034707933,35.41819644571779],[-119.9302594870179,35.41775483768798],[-119.92842317157535,35.417352036490776],[-119.92772545817904,35.41736896813073],[-119.92732120821633,35.41710537647234],[-119.9277132779221,35.416102274270834],[-119.92860456568575,35.41461729860847],[-119.92848683877281,35.41444388523321],[-119.92814134581623,35.41429543650437],[-119.92809433068918,35.41420358715735],[-119.92803146119572,35.41408076783154],[-119.92792068005654,35.413536656785126],[-119.92796516552775,35.41308820202755],[-119.92768676684143,35.41294582962835],[-119.9270987440295,35.412636987584136],[-119.92668733269734,35.41217473227346],[-119.92639186691893,35.41156053850827],[-119.92607326413206,35.41114574024221],[-119.9254093220005,35.410416202845745],[-119.92533345747812,35.410341050835136],[-119.92516670051701,35.40997339464472],[-119.92502584917202,35.40933771799609],[-119.92476699782627,35.40883678271487],[-119.9244375146447,35.40823950146187],[-119.9234762939345,35.40775316617431],[-119.9232747056965,35.40763452650833],[-119.92249667123568,35.40710657575389],[-119.92248317764178,35.40707335467061],[-119.92219677316963,35.40636820387366],[-119.92105119750188,35.405749720622545],[-119.92020715303735,35.405074222426826],[-119.91917769090827,35.40514883459536],[-119.91847201304863,35.40494221329717],[-119.91788587400383,35.404682987365604],[-119.9172649270384,35.40430032596399],[-119.91653240751808,35.40334870359121],[-119.91603650693853,35.402754653947184],[-119.9157392427329,35.4023985439434],[-119.91533689540199,35.402184574339124],[-119.91441804732541,35.40195821859934],[-119.91376681096524,35.401576271365215],[-119.9135144777952,35.401474900270095],[-119.9127012689011,35.401148202744494],[-119.91265795303642,35.401130799800576],[-119.912170888286,35.401092844572524],[-119.91151221297696,35.40135951710676],[-119.9114528055906,35.401383568642586],[-119.91094970411574,35.40174366717119],[-119.91004427237793,35.40188977393453],[-119.9086116149083,35.40172547208721],[-119.90809064953568,35.401588896429786],[-119.90721374829131,35.400839532233555],[-119.90642963313431,35.40013763516698],[-119.90637259191041,35.400113457314035],[-119.90612946287875,35.39990536448226],[-119.90565814649358,35.39978940792255],[-119.90554035400365,35.39973153136209],[-119.90534541958698,35.3995383350898],[-119.90528069507245,35.39941965990126],[-119.90491446899911,35.39895991143581],[-119.90458135662375,35.39854172681468],[-119.903615319147,35.397844188666625],[-119.90237006012711,35.39782442785976],[-119.90175190512558,35.39751618105309],[-119.90085456990346,35.3970406603852],[-119.89960405663744,35.39602681344218],[-119.89837492327523,35.395608951190304],[-119.89765692771641,35.3950545308026],[-119.89720290030719,35.39509028395908],[-119.89569005741868,35.39522600872542],[-119.89479367171579,35.39477527060021],[-119.8934253695531,35.39470865861729],[-119.8917466895783,35.394450630763274],[-119.89096408448931,35.39437252005041],[-119.8906574274991,35.39428993641269],[-119.88807367062104,35.39359409117543],[-119.88730130812289,35.39321489000019],[-119.88632197378331,35.39298976717881],[-119.88545687101187,35.39256306266573],[-119.88371671393224,35.39228153685027],[-119.88325118988405,35.391994399791116],[-119.88336188568324,35.3916934985415],[-119.88403462591468,35.390981493418],[-119.88465226797818,35.38928069480127],[-119.88480854339657,35.38885034483352],[-119.88503344920437,35.388347876139534],[-119.88497437958453,35.387994169063866],[-119.88491769050023,35.387654709115175],[-119.88510076176524,35.38683012791136],[-119.88541044068808,35.38615165012305],[-119.88556377142896,35.38564002388116],[-119.8857630599798,35.3849750447996],[-119.8862146062422,35.3840197682384],[-119.88614198284138,35.3833304251975],[-119.88571171676976,35.383534696705226],[-119.8854120235196,35.383641278606746],[-119.88495716427043,35.383652149475274],[-119.88437658489894,35.38354174890044],[-119.88403329101817,35.38327655034129],[-119.88357489600004,35.383188080806256],[-119.88302818760633,35.38317628266374],[-119.88257374068388,35.383168538323645],[-119.88206380123309,35.382876034772785],[-119.88192166439893,35.38271925766517],[-119.88172895510924,35.382486514946784],[-119.88124758747435,35.381752356720625],[-119.88120047532928,35.381281240111676],[-119.88108829910648,35.38068740508921],[-119.8805925323759,35.38040097675339],[-119.8799148325458,35.380118887735286],[-119.87899190342287,35.37976807794106],[-119.87853000228019,35.379580252339174],[-119.87827771222929,35.37931286617433],[-119.87832903926967,35.37902612899946],[-119.87835367466803,35.37888852171779],[-119.87854209719717,35.37821294937686],[-119.87849676820795,35.37779149594941],[-119.87833633179315,35.37754677671443],[-119.8781238056683,35.37750860530147],[-119.87809199183249,35.3775028907578],[-119.87727330411347,35.377522403850016],[-119.87660181164198,35.37741412996973],[-119.87569304086625,35.37746063520301],[-119.8752694151412,35.37749557948124],[-119.87484138407798,35.37740635358133],[-119.87423053776965,35.37729662343893],[-119.8737677805325,35.377083944459635],[-119.8732755819102,35.37689681942521],[-119.87275306694374,35.376710415423204],[-119.87241776447574,35.37666868315777],[-119.87175069081711,35.3766845524959],[-119.8715402020713,35.37673926748287],[-119.87104234226612,35.37724820788584],[-119.87072640478068,35.37775281853364],[-119.87045614932241,35.377833808461475],[-119.86982026337381,35.37787378152955],[-119.86914965664118,35.377790299136905],[-119.86877875124352,35.377600271595576],[-119.86873347435657,35.37717881643286],[-119.8689554606397,35.37655127149296],[-119.86898173636175,35.37647698004709],[-119.86905070900926,35.375853971639756],[-119.86927568488564,35.37535152234273],[-119.86951689960742,35.3744510124463],[-119.86968603171418,35.373229103707125],[-119.86988595627224,35.37287638146427],[-119.86986219583297,35.37220586720268],[-119.8695725987483,35.37174050576318],[-119.86943285861932,35.3714426398954],[-119.86836550465327,35.37107324830175],[-119.86785313166635,35.37031491517922],[-119.86718390384766,35.369411176540524],[-119.86647514117332,35.36910488979109],[-119.86598827764554,35.36906673782575],[-119.86550141860931,35.36902858364482],[-119.86501016860798,35.3688662578627],[-119.86499629143347,35.368473899251775],[-119.86499172260196,35.368344739083184],[-119.86497152218615,35.36777355771451],[-119.8649555797848,35.36774346300096],[-119.86477643954747,35.36740535874845],[-119.86440822819733,35.36728982209142],[-119.86314626949633,35.36764286469352],[-119.86281013069679,35.367576269129614],[-119.86230836591507,35.36711592233941],[-119.861901943826,35.36677758397464],[-119.86119497868057,35.366520931869125],[-119.86117551757826,35.36648652126016],[-119.86083530042735,35.36638430685283],[-119.860293567802,35.366268081604346],[-119.86001070089542,35.366322767026084],[-119.85953449138691,35.36675911069385],[-119.85890306557368,35.366923189291356],[-119.85832438883396,35.36686232381468],[-119.8578045948645,35.36675035240282],[-119.85729969586075,35.36706056351739],[-119.8568668094034,35.36769218116711],[-119.85666421595064,35.36797038212412],[-119.85595757599533,35.3685836164849],[-119.85557830907902,35.369015124999656],[-119.8551357729189,35.36937355726186],[-119.8545355087646,35.36956173478934],[-119.85399851205743,35.36982297815791],[-119.85331865537229,35.37033614628302],[-119.85257115734292,35.370652070366305],[-119.85121987017003,35.37105681090165],[-119.85075895088598,35.370893710544706],[-119.85020183011979,35.37058374856433],[-119.84971059628815,35.37042135705386],[-119.84878877299137,35.37009514098933],[-119.84819435776785,35.369587204439775],[-119.84771861179,35.36900190588736],[-119.84709606582341,35.368261462196564],[-119.84683573495238,35.36811909634929],[-119.84660048414578,35.367926172307776],[-119.84650668745368,35.36769491938316],[-119.84657798314454,35.367386845321725],[-119.8466222332571,35.36732878288645],[-119.84662666554472,35.36728779735437],[-119.84691239807702,35.3667839585668],[-119.84719289343123,35.366131111861925],[-119.84717543826694,35.36563441997497],[-119.84691369614261,35.365093781048074],[-119.84686973708419,35.36505824095736],[-119.8462266349689,35.36453830921504],[-119.84573195699647,35.364276562318935],[-119.84462046161394,35.36373108519036],[-119.84383986066635,35.363103237888026],[-119.84339886242203,35.362641374787394],[-119.84296919373004,35.362502359382844],[-119.84224332353945,35.36256915839476],[-119.84133729262535,35.36268990019933],[-119.84062361167483,35.36310437631224],[-119.83998274187303,35.3638651023533],[-119.83967884181241,35.364717324140486],[-119.83947531411177,35.36497066275213],[-119.83881789105425,35.36525952740044],[-119.83840213277443,35.36551785081114],[-119.83776196725184,35.36543347876776],[-119.83727165598998,35.36529586808716],[-119.83615074536496,35.36534705621101],[-119.83575226258638,35.36523213928176],[-119.8349145503463,35.36470499438742],[-119.83238157792617,35.36342225390403],[-119.83074870664099,35.36271488411955],[-119.82966764797693,35.36216855176852],[-119.82892962627548,35.36188758288012],[-119.82828516231424,35.361678980448445],[-119.82760865185354,35.36142141544065],[-119.82759738428494,35.36109856151243],[-119.8282253749405,35.360835303104864],[-119.8285449901287,35.360430131097566],[-119.82889925423572,35.3601484257537],[-119.82938518621057,35.3601618983314],[-119.82969442316228,35.36032863796089],[-119.83009027387708,35.360369071714196],[-119.83035372998697,35.36033881966128],[-119.83110455357955,35.3598730462129],[-119.83116118786663,35.35975740793242],[-119.8313877618459,35.35929474033239],[-119.83161207027403,35.35876751784129],[-119.8319023375019,35.358622461197726],[-119.83202954882759,35.35855888683518],[-119.83240803420965,35.358102614752255],[-119.83280640919034,35.35734761559081],[-119.8329484400233,35.357070876990726],[-119.83242786990942,35.35693395611618],[-119.83222908261851,35.35678016904196],[-119.83205367398287,35.35664446897762],[-119.83192026518003,35.356299621194154],[-119.83180391358779,35.355841772153354],[-119.83179416417201,35.355562753529604],[-119.8317859535703,35.35532778730101],[-119.83161436367294,35.35503786360647],[-119.83144636344345,35.35485073654827],[-119.83096234937176,35.354347675153576],[-119.83051880440358,35.3539759377539],[-119.83027859220165,35.353775804962694],[-119.82988934590084,35.353417493941144],[-119.82939254161613,35.353061695845874],[-119.82900586539533,35.35277680625394],[-119.82828323542797,35.35206004187497],[-119.8282506301764,35.351986936805545],[-119.82795410797922,35.35132208925484],[-119.8277976097786,35.350668533571955],[-119.82777655326836,35.35058058660184],[-119.82729846897584,35.349920687096194],[-119.82683251912616,35.34960847580156],[-119.82596558289323,35.34910680173351],[-119.82494017396272,35.34840998652301],[-119.82474791383068,35.34811621982931],[-119.82476351487222,35.34769331308254],[-119.82487264939945,35.34734278806748],[-119.8249282173863,35.3473382254218],[-119.825296151157,35.3473080271049],[-119.82617519308671,35.34728746111699],[-119.82715816470488,35.34676734973339],[-119.82773754752041,35.345983272382995],[-119.82811167427666,35.34540284101843],[-119.82863908056987,35.344868529416146],[-119.82926261019173,35.34448109621053],[-119.82983330989173,35.3443185928455],[-119.8303416593245,35.344107839842074],[-119.83097384690907,35.34396874710171],[-119.83126654407977,35.343663622706046],[-119.83128211008702,35.343240719028664],[-119.83100379943559,35.34259523675683],[-119.83098817324121,35.342549825237725],[-119.83128207325609,35.34237078315222],[-119.83209610231205,35.34222742492107],[-119.83323139137148,35.3417285510957],[-119.83405575734142,35.34101326121938],[-119.8343847464496,35.34001133180396],[-119.83434829281539,35.33896826914719],[-119.83395241694777,35.33718797453282],[-119.83382567544095,35.33705210964625],[-119.8333851874397,35.33657989894132],[-119.8326421854783,35.336149928233866],[-119.83186888963058,35.33572066461338],[-119.83109647053863,35.335316232817874],[-119.83053967226763,35.335006159913334],[-119.82992919426853,35.3348961889332],[-119.82910224115058,35.3346670054796],[-119.8286476334297,35.33467765063512],[-119.82800165940047,35.334419367079356],[-119.82763053481388,35.334232622433326],[-119.82737300578822,35.33465778202209],[-119.82678071058878,35.3350693277723],[-119.82617716219379,35.33515801419919],[-119.82557643361048,35.33519078709205],[-119.82517960373202,35.335126583838566],[-119.82449246350659,35.33496628287311],[-119.82421647859344,35.334766970660205],[-119.82385655240516,35.334216884723],[-119.82326821967447,35.334318821794106],[-119.82281044988375,35.33456467604781],[-119.82260101216684,35.33473124354139],[-119.82235727228081,35.33494270400195],[-119.8221283806481,35.33506562917414],[-119.82156697581635,35.335166368463064],[-119.8206880605491,35.33518689283383],[-119.81987666355693,35.33540468153758],[-119.81903150518143,35.33552383048303],[-119.81796297082906,35.33532506047272],[-119.81718100983211,35.33551728853715],[-119.81674191960947,35.33597492814152],[-119.81577465144076,35.33607204322555],[-119.81543609347816,35.33593080340334],[-119.81520928054702,35.33551354745551],[-119.81467078095838,35.33485499933491],[-119.81397041753195,35.333901953258035],[-119.81372967891727,35.33355174362501],[-119.81362733295865,35.33318669303508],[-119.81360695826966,35.33259926553111],[-119.81370642692445,35.33184737715985],[-119.81373004902318,35.331494084995086],[-119.81349606214616,35.33147014087771],[-119.81303012038134,35.33148099092319],[-119.81276345009935,35.331031577228785],[-119.81238925147787,35.33058467038819],[-119.81214945070437,35.33041466157081],[-119.81186650294943,35.330508653238425],[-119.81154953599467,35.33067770326312],[-119.81132554287521,35.3307866085275],[-119.81123205340697,35.330832063300754],[-119.81080602558683,35.33095955829586],[-119.81043223929207,35.33104174356774],[-119.81020040657512,35.33056212212235],[-119.80975403460876,35.330102181418304],[-119.80941112880019,35.329522257455125],[-119.8091085241102,35.32926771785044],[-119.8087994174142,35.3289485757233],[-119.80815645094455,35.328507900127576],[-119.8075549228606,35.32822793547199],[-119.80743495554937,35.328127503412155],[-119.80721393226024,35.327942471663974],[-119.80723433389866,35.32769567674709],[-119.8073411956882,35.327616196133434],[-119.807648290158,35.327387788699994],[-119.80836271491354,35.32699835293719],[-119.80935988170984,35.32646292361403],[-119.80959580086304,35.32637804683945],[-119.80973522568333,35.326327886476534],[-119.80988280720639,35.326390943119414],[-119.81007116146361,35.32641180392527],[-119.81041416968013,35.32580729350967],[-119.81077522415238,35.32543099722447],[-119.81088113821932,35.3253206101109],[-119.81099960624235,35.32519714094946],[-119.81166045188112,35.32413783372879],[-119.81176148001124,35.32377655334321],[-119.81184950053604,35.323458988804894],[-119.81186673920632,35.32308910360695],[-119.8117291756953,35.32262004800524],[-119.8112471010863,35.32183589100304],[-119.8101460854499,35.32069329809938],[-119.80979986036634,35.32032851780859],[-119.80938615922855,35.3197664587722],[-119.80913371376907,35.319459393708435],[-119.80907810715469,35.3193917593732],[-119.8087846356362,35.31903478234161],[-119.80841413807367,35.31884454982707],[-119.80825973743927,35.318894671587024],[-119.8080842560401,35.3189516385896],[-119.8077812390234,35.31895868103356],[-119.80725408425847,35.31862295558417],[-119.8067563708787,35.31826168354108],[-119.80623094177741,35.3179756216101],[-119.80571066541266,35.31783857070805],[-119.80530043895837,35.31737584041697],[-119.80507418118606,35.316971381340934],[-119.8050525075332,35.31642607807564],[-119.80491820580497,35.31596795029888],[-119.80493649011427,35.315619546067744],[-119.80543100100007,35.31501153106021],[-119.80553747022586,35.31490524119624],[-119.80601726311406,35.314426241644604],[-119.80633596920721,35.313996294572185],[-119.80642171789263,35.313845170208396],[-119.80616643824845,35.313478267701335],[-119.80602090218929,35.313409929055766],[-119.80561160099975,35.31321773931667],[-119.80468373204108,35.31269245775484],[-119.80431241701166,35.312477376538006],[-119.80354721228971,35.31227143279743],[-119.80317418596968,35.31200667454955],[-119.80259335327327,35.31187101657346],[-119.80198651075611,35.31186023426821],[-119.80165065043434,35.31179345636803],[-119.80098406456088,35.311808910358195],[-119.80064734634799,35.311717290335466],[-119.80027004764047,35.31132834647468],[-119.79992390789687,35.31096353420379],[-119.79973611867999,35.310793895369336],[-119.79894577999471,35.31073764027792],[-119.79782985142626,35.31091261583451],[-119.79740395565848,35.310872763561946],[-119.79699894392445,35.3105590174033],[-119.79582021772775,35.30979091768744],[-119.795260305896,35.30938132148805],[-119.79479043939168,35.30894479030742],[-119.79436027842293,35.30878074862218],[-119.79381490582405,35.3087933596125],[-119.79357422919313,35.30884863447707],[-119.79311719332603,35.308784632423276],[-119.7924698197216,35.30847647077256],[-119.79197650718838,35.30823931354765],[-119.79154379590254,35.30800075325236],[-119.79116997187853,35.307711123054126],[-119.79073726688087,35.30747255973512],[-119.79036942204338,35.30735677534708],[-119.79006217755497,35.30723959060436],[-119.78967939553094,35.307571553488714],[-119.78906020028035,35.30808295746326],[-119.78852933098172,35.30851775884697],[-119.78788749908426,35.309253384881686],[-119.78706897485863,35.310142214012075],[-119.78639578636785,35.3104808672976],[-119.78598332221021,35.310316385228795],[-119.78521051145275,35.30988679530133],[-119.78470633918604,35.309898416489396],[-119.78442273925423,35.309904952444775],[-119.78387139196037,35.309743662416864],[-119.78310790930882,35.309459197757405],[-119.78248921352153,35.30922867472204],[-119.78220120645493,35.30878790191219],[-119.78206213826577,35.30826913500122],[-119.78204001276033,35.3076233954424],[-119.781973137679,35.30643912641882],[-119.7819629157494,35.30625810343911],[-119.78187594445684,35.30548957654284],[-119.7817430935078,35.305394571971235],[-119.78147187056393,35.30520060960873],[-119.78103271925583,35.305658120989484],[-119.78038658083491,35.30626952794669],[-119.78012325498072,35.30654899755407],[-119.77933891165165,35.3066664655362],[-119.77878504997334,35.30643064456098],[-119.77815792619202,35.30594461942488],[-119.77803750972312,35.3058512941771],[-119.77769913591517,35.3057099370447],[-119.77737577475223,35.30512083270377],[-119.77718040016107,35.30472763003728],[-119.77703475091418,35.304600656705254],[-119.7766803601447,35.30429171301715],[-119.77616275806452,35.30422903942013],[-119.77570830485388,35.3042394767144],[-119.77488348972629,35.30405957340699],[-119.77432626475554,35.30372438726726],[-119.7742798470082,35.30325319154301],[-119.77427809349675,35.30320177566406],[-119.77426542545463,35.302830976717495],[-119.77452281973298,35.302377661166645],[-119.77502597870003,35.30201812519511],[-119.77525392081348,35.301590340900844],[-119.77548760136497,35.301387736006006],[-119.77553242639932,35.3013104861305],[-119.77575151112408,35.30093246148292],[-119.7760822357774,35.300910564774966],[-119.77632165836017,35.30089470987436],[-119.77655468673477,35.30061594508171],[-119.77689870286103,35.300036358777106],[-119.77731604666731,35.29982791851306],[-119.77747743709291,35.299227672099875],[-119.77748480058332,35.298556395468474],[-119.77745253130169,35.297612617714165],[-119.77756011803169,35.297212450066326],[-119.77740015682568,35.29696756880479],[-119.77732849282557,35.2969402227889],[-119.77672433986437,35.29670968314628],[-119.77637582407685,35.2962702850378],[-119.77604826688324,35.295556992679],[-119.77595796553594,35.29524126616329],[-119.7757728182643,35.29459393937114],[-119.7760452018315,35.29369287379466],[-119.77614770409699,35.29314369109912],[-119.77591783060566,35.29262699933573],[-119.77558775363768,35.29183919339798],[-119.77528361821847,35.29146050639895],[-119.77517613479469,35.291326673437354],[-119.77453236253625,35.291117748073404],[-119.77407627978162,35.29107850562983],[-119.77317090553602,35.2911987060835],[-119.77222760621574,35.29109606941194],[-119.77107480180489,35.291072793037145],[-119.76953835927554,35.2913565656482],[-119.76860183235421,35.29145259048818],[-119.76799767220649,35.2915161406533],[-119.76658998880008,35.292020632109505],[-119.76574940015443,35.29226357504338],[-119.76456966514966,35.29234027484238],[-119.76411442681147,35.292325832640984],[-119.76350844757529,35.29144487621386],[-119.76348192661315,35.2913180330847],[-119.7634360370752,35.29109854919421],[-119.7632104745989,35.29070601162502],[-119.76282053479872,35.290486854564385],[-119.76253052808228,35.29032385918167],[-119.76206094814056,35.289887183390064],[-119.76206395659842,35.289143151322136],[-119.7622446212768,35.28809672305095],[-119.76161049692448,35.2873373141234],[-119.76157884478543,35.28728304453461],[-119.76122421506408,35.28667502921845],[-119.76147187699466,35.28638042149869],[-119.76188769366496,35.285904871787324],[-119.76255649298726,35.28484563734886],[-119.76346059162518,35.2833522555475],[-119.76375519502089,35.28265577039354],[-119.76375769503234,35.28236669112888],[-119.76367264793114,35.282159196063276],[-119.76354269943877,35.2818424889171],[-119.7635406216355,35.281781378226746],[-119.76352571139843,35.28146063636054],[-119.76352114975342,35.28117071024532],[-119.76351978431417,35.28108436183702],[-119.76347339621124,35.28102133734071],[-119.76344882908484,35.28098760604459],[-119.763293321726,35.28080664933208],[-119.7630967919014,35.280676129515676],[-119.76247648633311,35.280485245812024],[-119.76192369185334,35.2802741731537],[-119.76113551810789,35.27982613005191],[-119.76078654507789,35.27959175546656],[-119.76035493692322,35.279601610737885],[-119.75988169275345,35.27972426802851],[-119.75916804953218,35.280132041684524],[-119.75858437456621,35.280350424515746],[-119.757867560292,35.28066505265737],[-119.75715516303401,35.281110068372804],[-119.75593290178371,35.28193954947942],[-119.75512266721152,35.28218172482449],[-119.7544878484615,35.28223347451365],[-119.75360567141144,35.282365424704956],[-119.75275314415566,35.28270175966474],[-119.75225525740103,35.28276902062264],[-119.75188494489144,35.28271701021902],[-119.75168416962883,35.28268881168746],[-119.75107584848472,35.282851793843186],[-119.750461220269,35.282828496765376],[-119.74979863639018,35.282731719591155],[-119.7492572029038,35.28285588568051],[-119.74867851897757,35.28322324603411],[-119.74800411686287,35.28349014436644],[-119.74743627380545,35.28350172461426],[-119.74732575856764,35.283492573050744],[-119.74689163872343,35.28345663922142],[-119.74708345957929,35.28324242038211],[-119.74713346070634,35.28318658538376],[-119.74716324614619,35.28316076731213],[-119.74753399433871,35.28283942960012],[-119.74829681672851,35.28202018961073],[-119.74859028375543,35.28128648003339],[-119.7488054850632,35.28092738642819],[-119.74884095324555,35.280838581130375],[-119.74920371092357,35.27993030487203],[-119.74919014815943,35.27952931207599],[-119.74918354913537,35.27933421558692],[-119.74883083641882,35.2789880369623],[-119.74797017940973,35.27841106123272],[-119.74733796038414,35.27786616983294],[-119.74671254609679,35.27782542053282],[-119.74628084541565,35.27779407495977],[-119.74570340655441,35.277798250654556],[-119.74531266096538,35.27794551892693],[-119.74472811822685,35.2781270166426],[-119.74409630703639,35.278287513871625],[-119.74339951890478,35.27826873875712],[-119.74285084230227,35.278155331164804],[-119.74239985748696,35.27800510641457],[-119.74229003934178,35.27792101994554],[-119.74215303907441,35.27781611579103],[-119.74198658125226,35.27692507108],[-119.74195481772216,35.27683494501446],[-119.74181060398304,35.27642572690045],[-119.74121947210193,35.27574937474409],[-119.74117802832627,35.27570657607957],[-119.74079552028843,35.27531157675829],[-119.74052869459791,35.274814287087246],[-119.74033235521613,35.27447819878684],[-119.74000070889134,35.273987359982975],[-119.73996609141354,35.27394603742447],[-119.7397401714078,35.27367634863363],[-119.73916915909408,35.27359607788867],[-119.73882278489019,35.2734361456068],[-119.73844491575247,35.27301593949165],[-119.73830123112107,35.27212437039499],[-119.73823948991159,35.27164107360712],[-119.73777140117323,35.27124154765982],[-119.73725914317069,35.27088030608906],[-119.73647369221885,35.27050660363767],[-119.7354813179346,35.27006300676679],[-119.73484156204377,35.269965626867865],[-119.73416452606864,35.27011143594175],[-119.7335506192001,35.27010667678206],[-119.73332222343744,35.270074555930734],[-119.73311153796058,35.26989289788697],[-119.73281956034042,35.26932159056352],[-119.73273076007796,35.26870840830764],[-119.7327876342152,35.2683715612383],[-119.7330893459798,35.26788004660593],[-119.73344479316806,35.2669585454483],[-119.7335209146086,35.26683529673518],[-119.73372504058722,35.2665047965082],[-119.73430179852552,35.26608162721588],[-119.73461288870166,35.26586952758687],[-119.73465939448393,35.26578767950462],[-119.7347228263228,35.26567604407927],[-119.7347845711255,35.265567370947906],[-119.73474276802376,35.26505611055576],[-119.73453443164139,35.264212147951],[-119.73454086268049,35.26372730620109],[-119.73456624457884,35.26313018522154],[-119.73464331104707,35.262718313801656],[-119.73481192662254,35.26252292230127],[-119.73484020738431,35.262490154440314],[-119.73507562887082,35.26205605934915],[-119.73506936671498,35.261869779917454],[-119.73483114967131,35.26184272938154],[-119.73465867313674,35.26182314287788],[-119.73307448245511,35.26202674164936],[-119.73211933345792,35.26201104270258],[-119.7316161430498,35.26198122401067],[-119.73098061013916,35.261943562062186],[-119.7301479796686,35.26151495060355],[-119.73000762419366,35.261476848339726],[-119.72960157041386,35.26091440326699],[-119.72953371616887,35.260820415829315],[-119.72927972650545,35.26002453330423],[-119.72939286751885,35.25933221858277],[-119.72943287488836,35.25849241633137],[-119.72934974119867,35.258046878783574],[-119.72877447446379,35.25783615843379],[-119.72794376369302,35.25746341323016],[-119.72781509260497,35.257406454291214],[-119.72718244867623,35.25712638884334],[-119.72687721641407,35.25683499290731],[-119.72638195992656,35.2569766576452],[-119.72563937388516,35.2571984617655],[-119.72475365567628,35.257218424957465],[-119.72456097962423,35.25739389104372],[-119.72442739115833,35.257609784682835],[-119.72413945236369,35.258114175619006],[-119.72399207745312,35.25824513963086],[-119.72378787691432,35.25842660006415],[-119.72310783697289,35.25892036160148],[-119.72229110668286,35.25926407041111],[-119.72141559603055,35.259737888485716],[-119.7208757570538,35.260293977805],[-119.72046597526561,35.26072188495548],[-119.72012851863754,35.26068346031013],[-119.71972390934873,35.26054077074175],[-119.71926819220846,35.260338159206256],[-119.71892176769892,35.2600799749708],[-119.7184345385568,35.25977406609517],[-119.71801506125175,35.25955779899404],[-119.71747980008969,35.2595578980186],[-119.71658407914012,35.260089667576224],[-119.71606969931686,35.26045618202947],[-119.71586715886471,35.26061165454909],[-119.71565328796184,35.26060584298441],[-119.71542073659266,35.260486809606945],[-119.71532115744512,35.26043584041185],[-119.71475733614525,35.26025954471147],[-119.7139998012392,35.26016690397138],[-119.71383411147661,35.260146642967165],[-119.7132281529017,35.26013016393517],[-119.712812921933,35.26025058050059],[-119.71264897310543,35.26033392613129],[-119.71216244914079,35.260452399334],[-119.71167001156668,35.260717053360835],[-119.710840124551,35.26094325119409],[-119.71017004782439,35.26118843138686],[-119.70972811084057,35.26152761956931],[-119.70852696718597,35.26210954853718],[-119.70799050856965,35.26213883906786],[-119.70764116004388,35.26195371434507],[-119.70731200025578,35.261710603458326],[-119.70701552746594,35.26154155381564],[-119.70655273249956,35.26151431099383],[-119.70594676583978,35.26149779629855],[-119.7056669361372,35.261358460987054],[-119.7049949612704,35.260769415303386],[-119.70466936869231,35.26043859033008],[-119.7037591103065,35.259125969439175],[-119.70362300925272,35.25852226198035],[-119.70368354312647,35.257909279672724],[-119.7037651640532,35.25783004078774],[-119.70396212596742,35.25763883183999],[-119.70503906855086,35.25703892550011],[-119.70572694629315,35.25679426163612],[-119.7061617686199,35.25663050304337],[-119.70635780437108,35.25663584469301],[-119.70665005148584,35.25646819800207],[-119.70718166818278,35.256116830116405],[-119.70718581121288,35.25601450255248],[-119.70708421085592,35.25588002637445],[-119.70678564049989,35.25550819278216],[-119.70659166368732,35.25526660962539],[-119.70621262224813,35.25493433322086],[-119.70586863396964,35.25461764286803],[-119.70519256278513,35.25413092594383],[-119.70479867399094,35.25372506659156],[-119.7043352825432,35.25327341125638],[-119.70377508953877,35.25300935719463],[-119.70348161891859,35.252767209072225],[-119.70293806630647,35.25253287504045],[-119.70228226470802,35.25242718095671],[-119.70151835715338,35.252347803200706],[-119.70010280540336,35.252060387379125],[-119.6996792659166,35.2519463899763],[-119.69940778335963,35.251602392646085],[-119.69906500151858,35.25081742645043],[-119.69893072134988,35.250169860462165],[-119.6988445648293,35.24965531762051],[-119.6988248989111,35.24917092578699],[-119.69881779952543,35.24899604859649],[-119.69878987269986,35.24880504769697],[-119.69867919486697,35.24876812277542],[-119.69845545237747,35.24869347617779],[-119.69802897000982,35.24865255961298],[-119.69769810971088,35.24845327611832],[-119.69710826960714,35.248042043924],[-119.69607235847263,35.24763324894044],[-119.69469671168417,35.24724443148287],[-119.69346065590437,35.2469325816538],[-119.69284054976207,35.24682781344646],[-119.69217412378875,35.246546164951134],[-119.69104085593871,35.24590051999403],[-119.69070705545387,35.245774312766606],[-119.69060549641941,35.245639826204005],[-119.69055265481944,35.24518472684598],[-119.69032043672524,35.244753981352446],[-119.68995043323613,35.24420239056786],[-119.68977286325394,35.243743873098985],[-119.68960717169469,35.24343202081161],[-119.68950264103331,35.2433706228987],[-119.68936009366907,35.24336672055273],[-119.68898055815647,35.243488032142686],[-119.68871387889136,35.24346609495679],[-119.68791979243468,35.24325409901554],[-119.68710194014888,35.24318778982649],[-119.6866107691993,35.242984084307096],[-119.68586598138714,35.242875866435966],[-119.68533262824674,35.24283197705368],[-119.68488062743681,35.24298055757902],[-119.68455811158859,35.24301561355738],[-119.68428721293655,35.24292263983414],[-119.68429327386977,35.242510794121436],[-119.68446257306314,35.24229592702817],[-119.68461652094666,35.24196850720923],[-119.68465986286249,35.24139403015936],[-119.68462606464824,35.24091018032095],[-119.68448181497655,35.24035039816726],[-119.68434882478861,35.23983429334173],[-119.68385594883662,35.23923541449053],[-119.68348953052381,35.23903512102379],[-119.68276736588376,35.23881043291439],[-119.68252037050314,35.2383061001633],[-119.68221283585888,35.23753669352442],[-119.68200797505833,35.23731156030041],[-119.6813867675815,35.23723597500409],[-119.68087187122694,35.23717793869667],[-119.68059097522409,35.23706779073511],[-119.68041228324611,35.23663849598631],[-119.68022233537758,35.23604791988143],[-119.68003291302352,35.235881745768594],[-119.67961068597536,35.235738446838],[-119.67918965099159,35.235565906231024],[-119.6786314594336,35.235257895883656],[-119.67823242239452,35.234983522566885],[-119.67743137309608,35.23450785532783],[-119.67710002860524,35.23432314076834],[-119.676550210244,35.233810474821944],[-119.67589529348612,35.23325101347907],[-119.67458777492884,35.23251262701888],[-119.67387237190793,35.23168808227029],[-119.6734651107924,35.23117932168185],[-119.67281778569695,35.23130785052582],[-119.67242525066389,35.23131168301004],[-119.6721491687327,35.23108457553695],[-119.67178131131878,35.23088155064614],[-119.67173056728501,35.230853542466754],[-119.67121930641242,35.23070776402962],[-119.67053874275318,35.2307768277425],[-119.66971924385545,35.23075426047396],[-119.66916817234438,35.23070981126496],[-119.6684371530106,35.23070430647649],[-119.66768054157266,35.230888329988915],[-119.66761216540648,35.23092944189552],[-119.66716854947141,35.23119616761438],[-119.66661029413305,35.23132711714061],[-119.66587972395686,35.2317459911613],[-119.66505288223,35.23233781296161],[-119.66421060744659,35.23287066505512],[-119.66403529223574,35.233231679815894],[-119.66364858008234,35.23352832032088],[-119.66304808056941,35.2338190611413],[-119.66245656600597,35.233890536234235],[-119.66174033922994,35.23395856925843],[-119.6615758029042,35.23405646201769],[-119.66141565395027,35.234201965153225],[-119.66128770420941,35.23431821881732],[-119.66107558951295,35.234510934841865],[-119.66045227908002,35.23535711953596],[-119.66025968746963,35.23574341566162],[-119.6601924880965,35.236072754363114],[-119.66030370491856,35.23624966763268],[-119.66029793863274,35.23639025821594],[-119.66025958865494,35.23642267636881],[-119.66008083109992,35.23654918870476],[-119.65955052055341,35.236840215854755],[-119.65908983662796,35.23701355203742],[-119.65856551335281,35.23715854360341],[-119.65791174643847,35.23729995950981],[-119.6571694388748,35.23762498572656],[-119.6568154640253,35.237960748494956],[-119.65640312473347,35.23853411995839],[-119.65587151522305,35.23925038414956],[-119.65558170793264,35.23960120809867],[-119.65533571686849,35.239674145486646],[-119.6548977369635,35.239688606614116],[-119.65408540931668,35.239745872947005],[-119.65319688836414,35.24008011626493],[-119.65210654112002,35.24059483139098],[-119.6512599930508,35.24108970742046],[-119.65031907516432,35.24151551051168],[-119.64990470478165,35.241743254225455],[-119.64938690058052,35.24172890645052],[-119.64876708549237,35.24183133641913],[-119.64823943665402,35.24205593252048],[-119.64761884631979,35.24257034090527],[-119.64618095885855,35.24326142243562],[-119.64553345679504,35.243642167466746],[-119.64528720521946,35.244113784185416],[-119.64504290388636,35.244931002606705],[-119.64490140126283,35.24521946126865],[-119.6444606563434,35.245300261203575],[-119.64328101117016,35.24522764067463],[-119.64275826084507,35.24533273668749],[-119.64242366085965,35.24558924897472],[-119.64170426931886,35.24614074815803],[-119.64146098757361,35.246147280457244],[-119.64121990220924,35.2461007106692],[-119.64091737567269,35.2459726909338],[-119.64052159322986,35.24574904914162],[-119.64010086097834,35.2457373563856],[-119.63943794651948,35.24570563744705],[-119.63901940615725,35.24564084156317],[-119.63832412809363,35.245608218007106],[-119.6372432284314,35.245498414568715],[-119.63680247632546,35.24557918488001],[-119.63643769204813,35.24578167851013],[-119.63541545506891,35.24660380793033],[-119.63424700470074,35.24743514554349],[-119.63362054297778,35.24769679680755],[-119.63262682571217,35.247828601507315],[-119.63176971615013,35.24779143404594],[-119.63065258473755,35.247773591633674],[-119.63026036052158,35.247855690467],[-119.6293261027446,35.248507440406236],[-119.62871712493204,35.249128390387014],[-119.62745720630504,35.25020962304255],[-119.62673657598747,35.25078757209562],[-119.62581920114796,35.25181189531185],[-119.62558513791417,35.25237683683843],[-119.62512395722034,35.2529487287184],[-119.62491412244808,35.25292958094389],[-119.62475945501404,35.252752490591014],[-119.62444295158997,35.25257087954169],[-119.62417445143977,35.252403897869584],[-119.6238417729507,35.2522218348867],[-119.62367686112917,35.2520666287026],[-119.6236234778451,35.252016386328464],[-119.62372718385305,35.25185980061167],[-119.62394693153449,35.25164000511468],[-119.6241861663694,35.25134101074281],[-119.6243047502751,35.250826004366864],[-119.62413775795535,35.25055553876896],[-119.62392056508257,35.25032354145812],[-119.6233885396522,35.24987010285652],[-119.62288282228323,35.24956359350461],[-119.62217906232671,35.24934457527489],[-119.62181918913905,35.249427550644796],[-119.62093099876651,35.249748270419204],[-119.62072577774153,35.25000833697507],[-119.6206187542552,35.25024456512203],[-119.62018973324855,35.250431922518565],[-119.61977909716252,35.250566632949024],[-119.61932727242237,35.25091283178638],[-119.6190394737649,35.25121045518938],[-119.61882523724775,35.25129749567179],[-119.61823989590694,35.25134757196664],[-119.61768747243137,35.251385274784916],[-119.61699123227211,35.251764496891404],[-119.6167162920996,35.25214221704829],[-119.61637937985061,35.252451749268275],[-119.61572322521428,35.25264601993486],[-119.61551632074647,35.252945900053504],[-119.61536475878835,35.253473263890086],[-119.61529930753676,35.253775120113346],[-119.61526450770097,35.25393561057009],[-119.615116969297,35.25475546690105],[-119.6148791196643,35.25579872569966],[-119.61434205468517,35.25663425510851],[-119.61414468942735,35.25709388067318],[-119.61356710144575,35.25851302984087],[-119.6133272566548,35.25882527523623],[-119.61306277736378,35.25895076530205],[-119.61250477175706,35.25912118836218],[-119.61191439715572,35.25929070223577],[-119.6117421173522,35.25933249585225],[-119.61161975962399,35.25936218128516],[-119.61113423368764,35.25934856867804],[-119.61069559711417,35.259376140109865],[-119.61004103339422,35.2595305533048],[-119.60902155603951,35.25988736885613],[-119.6084954711681,35.260114736753174],[-119.60786649955224,35.2603865597192],[-119.60721370820832,35.26088655362736],[-119.6065296438144,35.261359078593046],[-119.60567873711939,35.26194652904335],[-119.60441987401285,35.26260225121778],[-119.60376028152392,35.26287610126115],[-119.60316033447488,35.26288581847062],[-119.60246327864533,35.26289280491467],[-119.60157935437208,35.2629759446528],[-119.60120584565671,35.263121836720345],[-119.60083122303041,35.26323328936041],[-119.60058038016544,35.263358171146315],[-119.60036100528482,35.26317923173185],[-119.6000690357495,35.26279889458707],[-119.59992995408562,35.26225009061644],[-119.59989305758198,35.26196996122245],[-119.59979872279905,35.261900859526364],[-119.5996340166917,35.261577261181934],[-119.5993096871449,35.26119601577998],[-119.59886541094808,35.26097086976104],[-119.59793267222227,35.25996983831427],[-119.59754156730715,35.259564675697746],[-119.59690785617985,35.25918236015992],[-119.59638551997811,35.259053742724944],[-119.59588270865908,35.2590661626788],[-119.59542177590026,35.25923923936436],[-119.59528704387901,35.25929264605716],[-119.59510872200691,35.259363324104434],[-119.59340106148272,35.25951455533369],[-119.59288150826175,35.25953977946026],[-119.59247801827378,35.259501822970854],[-119.59199639282241,35.25939521374341],[-119.59147350056352,35.259500077203725],[-119.5910532740635,35.25947493595207],[-119.59077925825744,35.25944062720824],[-119.59049407279915,35.25928639282029],[-119.59010005105426,35.25902276471691],[-119.58977355297435,35.25869459310111],[-119.58941917927287,35.25864472673156],[-119.58899561553156,35.25869922016348],[-119.58869873939815,35.25882374437636],[-119.58842863036526,35.258696509796486],[-119.58829300182533,35.258453461023834],[-119.58815601054114,35.25811474116924],[-119.58814462708987,35.258089625161304],[-119.5878135862296,35.257908328284245],[-119.58747595981994,35.25784563491605],[-119.58693071118857,35.25732521896509],[-119.58677444654997,35.25718790544182],[-119.58673314021655,35.257013969803644],[-119.58660030364054,35.25670454963153],[-119.58637872968414,35.25619326926596],[-119.58597354816851,35.25542429715923],[-119.58580387168267,35.25483474400263],[-119.58578095925304,35.25422275419304],[-119.58573015952375,35.25388907093054],[-119.58574130492147,35.25362358474729],[-119.58561685861021,35.25350045953208],[-119.58525636199174,35.25321118525662],[-119.58510345435734,35.252994225754904],[-119.58503758808409,35.25263353664307],[-119.58486627127456,35.252469213591276],[-119.58467542688742,35.252384080941404],[-119.58419329927779,35.25229071889248],[-119.58346676433388,35.252230316555384],[-119.58288531539317,35.252187297129446],[-119.58228545098916,35.25219692025492],[-119.5819054483526,35.2523722336233],[-119.58161249067048,35.25240381790939],[-119.58101485947827,35.25236033348561],[-119.58041890184741,35.25227702660457],[-119.57983466453608,35.25230036474668],[-119.57947418768056,35.25239648577858],[-119.57890891110993,35.25273931628628],[-119.57845690940167,35.253085351794674],[-119.57757130797376,35.253724779032936],[-119.57697030001441,35.25414632859008],[-119.57643568923262,35.25452988486044],[-119.57603612578077,35.25478436543528],[-119.57535197964016,35.25487130158291],[-119.57484528041257,35.25497655528011],[-119.57351318754239,35.25582922593259],[-119.57237750232589,35.25663428665078],[-119.57189476026862,35.256939557462275],[-119.56860113129686,35.257430847245985],[-119.5681312611993,35.257430799566194],[-119.56777852871983,35.25772644711044],[-119.56782981533604,35.25804686337949],[-119.56805127340976,35.258558170195606],[-119.56794352767797,35.25880761863289],[-119.56784491960921,35.259131213366366],[-119.56772747386897,35.25951660404239],[-119.56758617156972,35.25998027031223],[-119.56718585712629,35.26101880412239],[-119.56650377890746,35.26185440074379],[-119.56542583829577,35.26317492399008],[-119.56435855170334,35.26427422761209],[-119.56430900602217,35.264302715675186],[-119.56357453715765,35.264725050769684],[-119.56334548742144,35.26485675883581],[-119.5631121679927,35.26500960370652],[-119.56302282694443,35.26520640919699],[-119.56341229153587,35.26557631109988],[-119.5637241919924,35.265823109953],[-119.563882681758,35.2659485143698],[-119.56391608651015,35.266308290486826],[-119.56365198900315,35.26680579740219],[-119.56320592695556,35.267391159122596],[-119.56303973862799,35.26769071037703],[-119.56299543281986,35.26777057478002],[-119.56299346730601,35.267816960493725],[-119.56297746920912,35.2681953414779],[-119.56303603487406,35.26834319855637],[-119.56325477284912,35.268535475796966],[-119.563198919198,35.26870665833824],[-119.5629465986044,35.26892540715371],[-119.56276126358485,35.26909290192466],[-119.56255289665977,35.269020389255395],[-119.56240911141707,35.26898985731555],[-119.56229188756069,35.269079554253175],[-119.56218129866102,35.269395363722595],[-119.56210747870422,35.2699913061291],[-119.56204058296164,35.27009810604011],[-119.56182941778445,35.270435253965715],[-119.56155201712639,35.27048052116085],[-119.56129978726258,35.27031386462159],[-119.56129033788412,35.27015411654842],[-119.5612981999395,35.26996828038458],[-119.56117489359032,35.269818583181966],[-119.56076586548863,35.269527856295646],[-119.56033166928763,35.269449049024395],[-119.55999233518065,35.26942610013543],[-119.55966862996296,35.2694168831733],[-119.55927287357129,35.269578387784804],[-119.55897535693906,35.269716102031445],[-119.5584852981038,35.26980846562195],[-119.55804379320966,35.269902210873134],[-119.55762240698459,35.26990349729439],[-119.55754243446643,35.26985976996265],[-119.55723106850748,35.269689530840125],[-119.55708390829426,35.26960906912139],[-119.55666377611738,35.269198406319674],[-119.5560656077326,35.2687826638896],[-119.55596303629683,35.2686639146272],[-119.5558643123454,35.268549619333704],[-119.55581845514678,35.26849653338503],[-119.55578539894096,35.26843274512234],[-119.55550388040565,35.26788952411397],[-119.55528685461955,35.2676574113938],[-119.55525326750939,35.267644613567185],[-119.55487223270859,35.267499403677284],[-119.5543878099034,35.267459012949764],[-119.55382246685743,35.26741631258709],[-119.55343121372029,35.26747160324117],[-119.5524633544601,35.26774966218113],[-119.55226407129919,35.26786358674913],[-119.55190518625834,35.267919793897235],[-119.5517699323159,35.26790851433188],[-119.55166297530494,35.26789959350668],[-119.55154404644614,35.26802909756411],[-119.55125369567494,35.26837963782756],[-119.55106214341535,35.26869312431124],[-119.55078710981806,35.269828200546876],[-119.5501922975392,35.270861115612696],[-119.54995299353405,35.27191747101302],[-119.54986226458864,35.27216488934193],[-119.54949481141662,35.273166920088755],[-119.54910079506165,35.274431489066195],[-119.54865127719516,35.276239351434576],[-119.5484046025131,35.27746826009919],[-119.54827618744491,35.278105644708596],[-119.54826084332156,35.27818179984402],[-119.54766023870575,35.27930229126218],[-119.54725752755714,35.28005357252833],[-119.5465579510549,35.2816416473436],[-119.54567763711074,35.282905589754805],[-119.54550446887343,35.28316643279853],[-119.54541488348342,35.28374862138059],[-119.54515851328446,35.28406024521571],[-119.54484190565584,35.28426383063316],[-119.54434948784464,35.28440922532409],[-119.54411958201399,35.28451809536486],[-119.5439525052526,35.284597216487875],[-119.5429960806477,35.28498183413619],[-119.54187098477179,35.285521096662826],[-119.54105571514242,35.28601605916757],[-119.54016946153762,35.286655171542655],[-119.53918436809874,35.28733131016099],[-119.53884871528778,35.28760078263045],[-119.53848839024754,35.28806889008838],[-119.53831801397409,35.28826335326445],[-119.53787016966899,35.28850302763387],[-119.53656827366707,35.288625188227904],[-119.53603850839795,35.288583587169974],[-119.53579290989758,35.28856308689988],[-119.53564890636429,35.28851909100617],[-119.53509000783215,35.288437191018346],[-119.53353951116019,35.288192791353566],[-119.53329668216585,35.288185823223124],[-119.53299622085615,35.2883898367528],[-119.53268645928829,35.28867625774098],[-119.53227686884124,35.288914069168065],[-119.53185256039657,35.288981627797],[-119.53118314932156,35.28909530692687],[-119.53056740719491,35.28909091404003],[-119.52969775176159,35.28895962080126],[-119.52901241086167,35.288687426626275],[-119.52856763789653,35.28847530479901],[-119.5282316464207,35.28837262067925],[-119.52776671705722,35.28825294250661],[-119.52754461668803,35.28814024182427],[-119.52740455765715,35.28806917165901],[-119.52732251631888,35.28802753951857],[-119.5267184334263,35.28812978192241],[-119.52612656223168,35.28832539909503],[-119.52608967830443,35.288336688282484],[-119.52565027995959,35.288471179516044],[-119.52527794174905,35.288460473283784],[-119.52482806904804,35.28836779513326],[-119.52385022142025,35.288113737537586],[-119.5234020573149,35.287981234305256],[-119.5231419052086,35.28800032833464],[-119.52273605983797,35.28801522592735],[-119.52231516139813,35.288003111780355],[-119.52183291700752,35.287909490869175],[-119.52089399068603,35.28788245636093],[-119.52035863340427,35.28789362022295],[-119.51969434272637,35.287887773219175],[-119.51935324971805,35.287904525243185],[-119.51923708497542,35.287967628706625],[-119.519232311328,35.288253106755775],[-119.51924512489718,35.28866641090666],[-119.51919042827616,35.288954474127145],[-119.51913672519184,35.289237338339355],[-119.51900505103585,35.28941690064342],[-119.51874832600235,35.28959007013552],[-119.51856196420846,35.289680118212985],[-119.51831152019545,35.28973702953173],[-119.51773909213684,35.28963882125966],[-119.51733665317776,35.28957406343548],[-119.51700181424044,35.289444802800766],[-119.51623671821463,35.28914366019569],[-119.51589960564134,35.289067494105325],[-119.51500980638613,35.289028537367955],[-119.51435827537853,35.289102769187906],[-119.51407965301168,35.289174468304864],[-119.51377435068092,35.28911250011599],[-119.51357197641707,35.28904352789396],[-119.51351875123649,35.28902538733337],[-119.5131018404182,35.28892032891704],[-119.51225866911611,35.28855045809152],[-119.51174976272786,35.288323131138455],[-119.51128828379339,35.28812375162158],[-119.51101707432427,35.28802289360004],[-119.51080377564824,35.288083181998324],[-119.51039336593765,35.288204222077866],[-119.51023663058182,35.28818565530753],[-119.5096515596339,35.288116345731034],[-119.50918666260978,35.28799659678681],[-119.5084088500328,35.2876152997342],[-119.50808088051245,35.28732673972865],[-119.50799746744674,35.28721162824917],[-119.50780547411433,35.28694667214323],[-119.50770585544089,35.28662484056684],[-119.50759004732943,35.28630254501587],[-119.5073742558285,35.28616649783832],[-119.507258664211,35.28609362208432],[-119.50689833288257,35.28580412172641],[-119.50648772464427,35.28555303760121],[-119.50607712179591,35.285301951230736],[-119.50582032938878,35.28520537279932],[-119.50569433078871,35.28515798291239],[-119.50534269515221,35.28514781373875],[-119.5052896388549,35.28514628044313],[-119.5047404043986,35.285103813789256],[-119.50470374235525,35.285090540618036],[-119.50462206213972,35.28506096947175],[-119.50450101864676,35.28501714912976],[-119.50434313973558,35.28491955549152],[-119.50425173076553,35.2847840126912],[-119.50414345143443,35.284725359266545],[-119.5039666378337,35.284629579431375],[-119.50361508304557,35.2845130906665],[-119.5030016738437,35.284455466584355],[-119.50280799617013,35.28443657190703],[-119.50242045936331,35.284026664777386],[-119.50134962801874,35.2836767121353],[-119.50005562191997,35.283240546798865],[-119.49925370125574,35.28304454775603],[-119.49882866337904,35.282753149702046],[-119.49865959235774,35.28216351159529],[-119.49848840131236,35.28199907462998],[-119.49813744120894,35.28186929884838],[-119.49782931726986,35.281873657661336],[-119.49763507725095,35.28186802728346],[-119.49761942949698,35.28177986246693],[-119.49760900005654,35.28172108660254],[-119.49756696159619,35.28156836639321],[-119.49754096435187,35.28147391672672],[-119.497398979333,35.28132960134237],[-119.49710990776279,35.28126806347359],[-119.4968549281559,35.28116764057015],[-119.49667273544327,35.28113891644208],[-119.49640183050302,35.28121343929024],[-119.4962154561327,35.281303451952105],[-119.49612933105315,35.281236299774676],[-119.49612034340873,35.28094353416882],[-119.49607516264153,35.28084107369329],[-119.49578530594373,35.28079109555567],[-119.49549108792525,35.28084901044133],[-119.49530158382449,35.28110930645333],[-119.49510562443011,35.28114348795707],[-119.494944905046,35.28111224706641],[-119.49493444416453,35.28097904818708],[-119.49479187164745,35.28067637004594],[-119.4946411945299,35.2805944320584],[-119.49460957922179,35.280577237793665],[-119.49458170719348,35.280589827512806],[-119.49413220010676,35.28079286873035],[-119.49390698258357,35.2810473958903],[-119.49368446000621,35.28139006265441],[-119.49328719085159,35.28129536051844],[-119.49292665740222,35.28122930097949],[-119.49249626107488,35.281223475494],[-119.49212051106288,35.28124592238381],[-119.49176807951902,35.28144427092791],[-119.49170723213327,35.281385714081864],[-119.49145407790304,35.28114206898346],[-119.49123055460248,35.28086739923021],[-119.49083014134438,35.280669861796035],[-119.49043018263377,35.28048701459343],[-119.49015719450041,35.28046992003818],[-119.489987447946,35.28064772127603],[-119.48997235984247,35.28067441427108],[-119.48963647706283,35.28126877552593],[-119.48943717054567,35.28166167051154],[-119.48918791859705,35.2818039342257],[-119.48877751427635,35.281924901561645],[-119.48852021611772,35.28178453074315],[-119.48761832823372,35.28155897115034],[-119.48683569260201,35.28138671139362],[-119.48637104890275,35.28135658597313],[-119.48595059423064,35.281709818492054],[-119.48557539578427,35.28195515730034],[-119.48536683841631,35.28209152467798],[-119.4851306524635,35.282287603025125],[-119.48488352503051,35.28249275997759],[-119.48450742198064,35.28259579694212],[-119.48418841046032,35.28263865209704],[-119.48387629530642,35.28257430372518],[-119.48370616966297,35.28250886854078],[-119.4834284042889,35.28235948637166],[-119.48302562576666,35.281963119605116],[-119.48248007170808,35.28164217313056],[-119.4822124914327,35.281484758079756],[-119.48126070752458,35.28100852182581],[-119.48014922651511,35.280477790823326],[-119.47886717519611,35.27967629046736],[-119.47833600136863,35.27931196030133],[-119.47749564089504,35.2786190433083],[-119.47710380025968,35.278295941478056],[-119.47642229965761,35.27766143236973],[-119.47540054507367,35.27739906675191],[-119.47501685485288,35.27737126164627],[-119.47451466067645,35.27727354658963],[-119.47437047478513,35.277123291602834],[-119.47430146889997,35.27705137500739],[-119.47393873727306,35.277007565731445],[-119.47325739836774,35.2771066502851],[-119.47308252063641,35.277132083074974],[-119.47180575680122,35.27714464252878],[-119.47111931815999,35.27709137300676],[-119.47105654298961,35.27707372111711],[-119.46999859438456,35.27677623229679],[-119.46956359149642,35.276530960668424],[-119.46905419822133,35.27659913391904],[-119.46862789012684,35.276619899028034],[-119.46803193608925,35.27702839893794],[-119.46780407931574,35.2774204990074],[-119.46736224473986,35.27846652551845],[-119.46694408077177,35.278968038800144],[-119.46678355632207,35.27913109884506],[-119.46604936324036,35.28013711338657],[-119.46567861145459,35.28072389162072],[-119.46515840156513,35.28135722835947],[-119.46477279793281,35.28109341027456],[-119.4643085566788,35.28085730724981],[-119.46365231490589,35.28057023820818],[-119.46340666430322,35.28043272281329],[-119.46317800353754,35.280304725773355],[-119.46259880308003,35.28009904481375],[-119.46214920885672,35.279952713253856],[-119.46167847547818,35.279799497643786],[-119.46074583916031,35.279489098946996],[-119.45998514218445,35.27934099894518],[-119.4588655332183,35.27921382811737],[-119.45838759265622,35.27903206590194],[-119.45759637272364,35.27841125410228],[-119.45697251701331,35.278057453517675],[-119.45615256177145,35.277802749756454],[-119.45545025618736,35.27778214702111],[-119.45509225868203,35.27778212795401],[-119.45470098129036,35.27766580314279],[-119.45440868746323,35.27733220614525],[-119.45419894970901,35.27686473330543],[-119.45402932263053,35.276650064345326],[-119.453277350991,35.27630297074342],[-119.45253266828175,35.27608190461408],[-119.45184771904725,35.275956947102706],[-119.45158135958238,35.27596406809244],[-119.45141037425121,35.27601749382952],[-119.45102162561706,35.27621775165944],[-119.45049587132564,35.27642227496357],[-119.45028381681634,35.27644596109964],[-119.45009730590209,35.27641768778148],[-119.45005819415294,35.276411760745816],[-119.44992825015214,35.2764143920505],[-119.44955834547771,35.276560703602804],[-119.4491569746155,35.27696828931449],[-119.44899504699734,35.27716273808315],[-119.44879893578766,35.27726181584676],[-119.44869586938017,35.27727975443701],[-119.44849797411632,35.27712715785596],[-119.44835435596028,35.276902760130454],[-119.44800826831899,35.27663047482101],[-119.44768176754411,35.27649506408479],[-119.44737668799556,35.27645463677408],[-119.44716414749762,35.27663711100024],[-119.44683668013555,35.27681620036426],[-119.44663965084766,35.276936220318944],[-119.44643671962831,35.276898799263456],[-119.44619004494625,35.276692338158924],[-119.44593603911315,35.27665341433542],[-119.44571896841126,35.27664702970013],[-119.44525195765125,35.27680104036859],[-119.44485337246473,35.27685222074319],[-119.4446435691335,35.276971857831875],[-119.44452727503347,35.2769998926155],[-119.44420667619,35.27702191092888],[-119.44401331202849,35.27705815782349],[-119.44383723055469,35.27728363314974],[-119.44364792228667,35.27751920611268],[-119.44346869850601,35.27752441364855],[-119.4433077437633,35.277404347630856],[-119.44304967934174,35.27716609171878],[-119.44272960421611,35.27688407196456],[-119.44254455575917,35.27643827546333],[-119.44228015013002,35.2760530488764],[-119.44199655558808,35.275814038020386],[-119.4411606974707,35.27563215596918],[-119.44029158821311,35.27533395634975],[-119.43975125246803,35.275118832307236],[-119.43937783178757,35.2748876526206],[-119.43915671507365,35.27468193223503],[-119.43897390791331,35.27447734073221],[-119.43882397549915,35.27410596429926],[-119.43883170280722,35.273952429606524],[-119.43858262513176,35.27392154530056],[-119.4382180384838,35.27385134858525],[-119.43781570013604,35.27378551839116],[-119.43739577367334,35.27366125258831],[-119.43716327260982,35.273618534226486],[-119.43701079796337,35.273545761588316],[-119.43692764810406,35.27347158811154],[-119.43690056569486,35.273339401945194],[-119.4368137228614,35.273142052965895],[-119.43677587594017,35.27299713528614],[-119.43659895813485,35.27294997880795],[-119.43624236559461,35.27291849640352],[-119.43595329043113,35.27280512458999],[-119.43571528449156,35.272693258280135],[-119.43550144413143,35.272613559343974],[-119.43528208991209,35.272659510314206],[-119.43497151986048,35.27274470820644],[-119.4346381712282,35.27276632210883],[-119.43438654054073,35.27273949962989],[-119.43431851381919,35.27257285507198],[-119.43421627655671,35.2723164230418],[-119.43410817239712,35.271733693894774],[-119.43418120093813,35.27152616205178],[-119.43433405287699,35.27124759021906],[-119.43439773175254,35.27108692282326],[-119.43442030821225,35.27102996025869],[-119.43442499741803,35.270631689103915],[-119.43449710428759,35.27044509934995],[-119.43434698592213,35.27030221721381],[-119.4341397050602,35.270140985410464],[-119.43400706970684,35.269958836857036],[-119.43390594455866,35.26964131923985],[-119.43383944766808,35.269408697407],[-119.4335403760521,35.26923212052299],[-119.433272716725,35.26921373422638],[-119.43264342890217,35.269279032734],[-119.43237209097398,35.26934441406616],[-119.43197491614247,35.269364139569646],[-119.43156635606303,35.26935207690591],[-119.43133654096222,35.26934528904398],[-119.43097087992918,35.269229643738264],[-119.43041911402042,35.26927625157842],[-119.4301003845711,35.26925635223129],[-119.42962384897412,35.269336632410585],[-119.42954125966352,35.269470489250864],[-119.42926670217335,35.26960915713224],[-119.42910290875436,35.2698454601679],[-119.42881960526657,35.270183076332785],[-119.42810633754107,35.270413618905664],[-119.42703603530421,35.27062311695065],[-119.4265828594979,35.27054410538848],[-119.4261241770189,35.27048868554981],[-119.42592057924963,35.2705315427109],[-119.42546304930913,35.27051487436929],[-119.42495827876446,35.27049914626359],[-119.42448295768973,35.27053710860292],[-119.42409808708267,35.27056765829501],[-119.42320790245022,35.27075099801035],[-119.42245737530166,35.27066587356289],[-119.4219535803274,35.2704936889146],[-119.42175990534876,35.270246811878046],[-119.42173266753106,35.26999438062843],[-119.4216506684136,35.269824200462494],[-119.42139315825256,35.269575435018176],[-119.42114703244113,35.26935845698224],[-119.42077230920353,35.26915863545256],[-119.42043496845812,35.26898089553736],[-119.42005932534566,35.26880201841351],[-119.41985196812695,35.26857569949845],[-119.41972444418752,35.268278357692076],[-119.41948524438692,35.26790431612402],[-119.4193217267507,35.26755348482759],[-119.41910160716675,35.26732678983479],[-119.41862337824546,35.26715535060558],[-119.41804855258336,35.2668552333494],[-119.41748188272574,35.266660199480285],[-119.41711625942193,35.26654451586951],[-119.41679586000448,35.26627290572479],[-119.41660728206679,35.26591084399682],[-119.41640670892512,35.26582102033002],[-119.41595433172104,35.265933418351324],[-119.41567924152993,35.266086644055044],[-119.41556116607066,35.266152410827246],[-119.41549086840811,35.26629710677965],[-119.41544685634906,35.26643567667575],[-119.41540179505779,35.266577543933124],[-119.41511014083112,35.26710359568274],[-119.41490295608895,35.267252574724786],[-119.41464805194055,35.26743586840102],[-119.41433731749724,35.26781457021162],[-119.41422951337493,35.268030376680706],[-119.41399352864477,35.26844221449797],[-119.41380162963544,35.2687465350414],[-119.41354635538116,35.268906726681884],[-119.41336747565526,35.26899401439505],[-119.41315928749492,35.26901676464705],[-119.41299059107106,35.26889843231633],[-119.41269752918436,35.26876191730755],[-119.41226504876553,35.26860013969809],[-119.41184415391893,35.268401077603606],[-119.41138823375944,35.26830366343581],[-119.41101845035759,35.26828219869712],[-119.41092931682013,35.268283031147114],[-119.41074987744383,35.26828470411488],[-119.41044698439464,35.26848539691968],[-119.41024898043464,35.268516909650884],[-119.41003692951857,35.268540519621276],[-119.40974649250911,35.26871109927054],[-119.40954912635297,35.26883134979738],[-119.40925782696087,35.26897286594759],[-119.40891497954279,35.26896999897017],[-119.40847849084118,35.268998080529116],[-119.40823042197378,35.26900302164443],[-119.40787719362432,35.26904882797687],[-119.40779565264764,35.269089227446415],[-119.40778699648155,35.26919602634638],[-119.40775528774866,35.2693226738348],[-119.40753901564905,35.26948934634818],[-119.4073055012859,35.26956627748044],[-119.40707430367785,35.26959085453156],[-119.40670822133497,35.26948561174701],[-119.40635629374597,35.269349332424184],[-119.40592194123812,35.269053335632506],[-119.405548188181,35.2688325306215],[-119.40488893076368,35.26870807606282],[-119.40449176042372,35.268727712975874],[-119.4042450165714,35.26881472731208],[-119.4040150047395,35.2691014434358],[-119.40379775796784,35.269388539926396],[-119.40341546193238,35.26964975581361],[-119.40322605934125,35.26988525856788],[-119.40310559526164,35.27000748171988],[-119.40298141754664,35.27021347214048],[-119.4027989724074,35.270291914892866],[-119.40253651432577,35.27030858108012],[-119.40224376774772,35.270401634873885],[-119.40214059803398,35.27051031398906],[-119.40207315701402,35.270627975824425],[-119.40198186931653,35.270746922429886],[-119.401927629938,35.2706775069835],[-119.40163816041411,35.2703070379691],[-119.40143248573992,35.270146337170864],[-119.40095952364113,35.26968147051678],[-119.40066269871168,35.26927065259556],[-119.40063681555343,35.269221780661134],[-119.40054049459539,35.26903992854671],[-119.40025309748485,35.2686015090179],[-119.39985754051918,35.268296164053105],[-119.3994961141444,35.268086193524084],[-119.39895409405815,35.26791277781559],[-119.39832038742243,35.26778904574983],[-119.39795061390205,35.26776753906867],[-119.3977988040089,35.267731560856646],[-119.39766161509537,35.267654080101124],[-119.39763074179567,35.26748541031312],[-119.397461755216,35.26726020182362],[-119.3970924470229,35.26722822066526],[-119.39678256238588,35.2670092956405],[-119.39607110835894,35.266621125612694],[-119.39572153615265,35.26643246855298],[-119.39530534488489,35.26630472443347],[-119.39496626410279,35.26623376859335],[-119.39482738006829,35.266082178041394],[-119.39480843190401,35.2658951362676],[-119.39470857877029,35.26563689125682],[-119.39429223478894,35.265254917555275],[-119.3938664728701,35.26502464562061],[-119.39372883030734,35.26495762957355],[-119.39355069528482,35.2649389716578],[-119.39344889729851,35.2649283077893],[-119.39285724529283,35.26472192839502],[-119.39228973281547,35.264547722873274],[-119.39190628154653,35.26454675982723],[-119.39182623716314,35.26454609456999],[-119.39142069721969,35.26454274261228],[-119.3912317788205,35.26464005201513],[-119.39109363859106,35.26471120728742],[-119.39080348095764,35.26491223020239],[-119.3905690377365,35.26501006872379],[-119.3902623933227,35.26529446883276],[-119.39002283329768,35.26550748092599],[-119.38974011551146,35.265540972959634],[-119.38919069420558,35.26553504072738],[-119.38866540973306,35.26556127882311],[-119.3885070960373,35.265671873627234],[-119.38828122903215,35.265864325169396],[-119.3881254440939,35.26620565013697],[-119.38794365921635,35.266556682367955],[-119.38754510457258,35.266607673383874],[-119.38734084205001,35.26660156666831],[-119.38708038990642,35.26670910816554],[-119.38667046528609,35.26672830329271],[-119.38645389853906,35.26671134152186],[-119.38621133544606,35.2667040869642],[-119.38598359545354,35.26693841596256],[-119.38573105926423,35.266867955755444],[-119.38551057316764,35.266651673847676],[-119.38499692816627,35.2664161411571],[-119.38428107419111,35.26641569008351],[-119.38322304473768,35.26663564794436],[-119.38283166224309,35.266812648553525],[-119.382170784265,35.26701303255614],[-119.38188730740238,35.2673505248375],[-119.38159898233214,35.26750964254379],[-119.38134737949242,35.26741823054303],[-119.38115150992955,35.26722364983176],[-119.38090456934617,35.26702753574793],[-119.38045849741711,35.26671012986188],[-119.38011753286784,35.26661604426291],[-119.37986220651126,35.26660839436651],[-119.37942161700042,35.2667419711358],[-119.37926888902903,35.26672691193768],[-119.37916192123829,35.26654547375766],[-119.37895981826566,35.26620392211714],[-119.37881455259938,35.266021334906426],[-119.37859222226149,35.265846924609704],[-119.37839095921369,35.2656172954018],[-119.3784273194231,35.26524438061757],[-119.37835755086827,35.26480195268638],[-119.37841031161983,35.26447852215643],[-119.3784187081728,35.26429005741192],[-119.37832171347831,35.264171823064295],[-119.37806249023004,35.26396485349611],[-119.37794734327862,35.26388860431198],[-119.37751355401443,35.26394839871171],[-119.37725916729565,35.2639198034366],[-119.37706767971474,35.263914063256266],[-119.3768761903372,35.26390832014162],[-119.37670353413958,35.26376684722212],[-119.37629548789651,35.26374412850244],[-119.37599953972278,35.26378767356527],[-119.37578828112076,35.263938601680856],[-119.37548906487606,35.26405543836657],[-119.3748017288179,35.264275955673014],[-119.37430930471848,35.26471200383415],[-119.37425279170395,35.26511919221648],[-119.37413135834215,35.26526232993733],[-119.37377530838437,35.265220192450634],[-119.37334608705339,35.26538554143621],[-119.37305012809989,35.26542908341651],[-119.37279901035042,35.26532718348382],[-119.37243673506768,35.26513807599788],[-119.37204472644738,35.26504243289322],[-119.3716684356496,35.26516743217903],[-119.37128653307623,35.26541806755078],[-119.37117271742802,35.2656767570021],[-119.37113269388887,35.266000563413165],[-119.37101078531829,35.26615416745292],[-119.37043022840469,35.266273023077495],[-119.37009456481394,35.26634681368162],[-119.36982895364567,35.26656948770089],[-119.3694512480013,35.26672588657432],[-119.36928060941983,35.266825601269346],[-119.36871515049121,35.266892483750645],[-119.36833216275298,35.26688097227246],[-119.36795806204783,35.26667052940075],[-119.36742128183465,35.266381804546945],[-119.36708501816929,35.266182979775714],[-119.36668351884799,35.26601364314679],[-119.36663912859824,35.26598788781215],[-119.36635955850876,35.26582566972271],[-119.36620334417582,35.26591940417987],[-119.36610998047172,35.26597542857902],[-119.36574784712278,35.26606937776562],[-119.36560935026216,35.26608405275499],[-119.36544171564701,35.26602998822676],[-119.36536252466314,35.266110209992796],[-119.36516987376393,35.26670201496678],[-119.36497241508134,35.267115440114104],[-119.36469929130236,35.26750562547578],[-119.36420089789789,35.267799089484605],[-119.36395490234216,35.26801069339193],[-119.36370402174794,35.26805437038098],[-119.36348351409177,35.26805868079709],[-119.36326113344826,35.26799840389417],[-119.36305037161459,35.26779572665982],[-119.36260467877459,35.26746355589915],[-119.36237242744271,35.26722591177827],[-119.36215247943699,35.26699912272101],[-119.36193346657744,35.26675139230136],[-119.36178156505615,35.26643229325774],[-119.36143442369102,35.26619118933846],[-119.36107264607497,35.26599157856717],[-119.36027025738848,35.26592547354055],[-119.35968349401456,35.2658973153705],[-119.35912225806608,35.26586991925344],[-119.3586588288891,35.26565675702032],[-119.35851241068431,35.26553980895714],[-119.35839965504815,35.265449747970834],[-119.35833525482542,35.26517521863585],[-119.35835740368707,35.26496620159278],[-119.35826794495951,35.26468043314589],[-119.35811555475472,35.26446151443948],[-119.35805176448808,35.26436987749128],[-119.35782854841133,35.26421637128824],[-119.35762711109035,35.26414739253096],[-119.35730458805556,35.26392798902398],[-119.35671492312329,35.263679559011706],[-119.35648411179082,35.263410496175254],[-119.35627169705705,35.263016175515226],[-119.35614066070485,35.26280254147816],[-119.35577374921697,35.26271808715433],[-119.3554546128308,35.262708460877086],[-119.35507831125324,35.26283340581811],[-119.35482262107897,35.26311924972634],[-119.35465432081216,35.26316659456404],[-119.35450301397562,35.2631200910312],[-119.35436869787434,35.262979744834134],[-119.35422631130854,35.26273431774175],[-119.35399268914752,35.262528068454706],[-119.35373832309001,35.26249942280112],[-119.35322629775109,35.262515424583945],[-119.35288828955744,35.262641516263095],[-119.35264339982785,35.262686545762186],[-119.35237054464514,35.26250007780631],[-119.3519880554719,35.262478046743865],[-119.35170157733789,35.262595206803155],[-119.35159522489307,35.26268635578912],[-119.35131297602746,35.262709286049464],[-119.35078395635999,35.262819121921254],[-119.35040858723369,35.26292310957145],[-119.35017834004323,35.26292663836595],[-119.34974102668818,35.262986817821194],[-119.34939548881584,35.263280418487895],[-119.34927025108881,35.263507288367926],[-119.3491918452325,35.263829924752244],[-119.3491597313594,35.263975734599995],[-119.34887748159544,35.26399866082814],[-119.34817067096022,35.264082140497116],[-119.34795365505559,35.26407558250459],[-119.34777876295122,35.26426949524795],[-119.34760198977466,35.264505284292106],[-119.3473472104921,35.26477017226142],[-119.34717796429933,35.264838442692586],[-119.346729284561,35.264866816869976],[-119.34646926360874,35.264963794356895],[-119.34630236830705,35.26497971570529],[-119.346124590814,35.26495337253553],[-119.34562196634454,35.26475994185026],[-119.34538836125154,35.26455367864886],[-119.34486021115328,35.26435947539727],[-119.34431124080169,35.26405979813821],[-119.34395945694318,35.263923343189795],[-119.34339584225583,35.26366515570717],[-119.34304453540273,35.26351823041209],[-119.34281617467433,35.263479865770975],[-119.34254385848078,35.26356598209736],[-119.34211176254091,35.26379403354242],[-119.34181438963917,35.263868904614014],[-119.3415983205588,35.26384139778967],[-119.34139548456093,35.263803801985176],[-119.3412233673525,35.2636518122758],[-119.34093070701269,35.26362198391894],[-119.34045980385257,35.263368288044894],[-119.34022924764162,35.26321331444736],[-119.34019593361933,35.2631908515578],[-119.3401635250988,35.2631518420306],[-119.34002617718345,35.26298651195829],[-119.3399103070882,35.26272089934148],[-119.33992633213458,35.26236496325098],[-119.33971498639598,35.262232712752336],[-119.33943911556887,35.2621887487639],[-119.33930885715772,35.2621679902245],[-119.33873900726398,35.26205436498146],[-119.33823184001415,35.26195712802333],[-119.33767583675218,35.261814469303864],[-119.33756245319363,35.26181103361481],[-119.33726263867095,35.261906786156736],[-119.33640360312093,35.26196461552334],[-119.3359341273838,35.26188747766279],[-119.33567086261503,35.26179031458735],[-119.33553178095117,35.26173898386543],[-119.33527486996645,35.261512087029736],[-119.33505235637226,35.26131556303214],[-119.33484341452535,35.26115099132064],[-119.33460384282225,35.26103929742859],[-119.33435147821116,35.26103124137917],[-119.33405297972035,35.261062850897744],[-119.33378597885833,35.261093855265536],[-119.33339717542698,35.261454067364234],[-119.33317212768536,35.26165518491219],[-119.33309620297584,35.26172304354285],[-119.33264406921526,35.26199735058967],[-119.33232588953487,35.261966725783594],[-119.3321298142578,35.26194963978908],[-119.33195664961374,35.26193455109403],[-119.3316910321573,35.26201011996848],[-119.33149049225325,35.26206717616041],[-119.33114905788513,35.262111727008424],[-119.33072843163481,35.262637339786984],[-119.3306341453609,35.263035137535944],[-119.33049525234325,35.26340653318154],[-119.33029481574548,35.26378858454347],[-119.32938238074173,35.26438690063041],[-119.32878443334253,35.264781912881446],[-119.32845298913865,35.26502225452271],[-119.32822600103606,35.2653158514817],[-119.32819099009616,35.26575300670395],[-119.32818363738558,35.26625360560579],[-119.32769634356474,35.266564330802325],[-119.3272779379498,35.266701860942206],[-119.32705885322507,35.26682040698118],[-119.3266749060861,35.266940003878126],[-119.32624836981951,35.26706954027418],[-119.32587325761139,35.26707313489836],[-119.32569094452448,35.26706009274156],[-119.3254612731541,35.267083109044385],[-119.3252620394005,35.26724205638306],[-119.32506551316915,35.267341082471745],[-119.32471508666505,35.26740542681111],[-119.32436331628124,35.26729722247037],[-119.32407683006242,35.26716100327618],[-119.32389351625227,35.26696791744763],[-119.32383805785987,35.26677872357674],[-119.3238149540891,35.26675720635914],[-119.32351336719033,35.266476334156685],[-119.32330975774299,35.266327630199385],[-119.32315960344494,35.266265564580316],[-119.3230943040086,35.26623856978746],[-119.32279698051418,35.2663420278965],[-119.32240055757256,35.26641246582393],[-119.32220741798983,35.26643659055797],[-119.32198417047206,35.266519797071474],[-119.32155831153521,35.2666343365339],[-119.32123223117195,35.26676691650212],[-119.32086354191809,35.266830692874294],[-119.32055235562217,35.266836217947365],[-119.32030541503879,35.2670387039519],[-119.32023097614277,35.26726894595887],[-119.32017174841944,35.267567153264935],[-119.3200015688771,35.267891983337215],[-119.31991765365314,35.26812943774431],[-119.31984015509525,35.26842708887333],[-119.31966627179897,35.268631800538124],[-119.31957424119472,35.26884650248351],[-119.31938174929734,35.26905814912782],[-119.31929107245423,35.26924289310572],[-119.31929832724849,35.26950610804582],[-119.31938313180456,35.26975063598604],[-119.31943296135339,35.27044169629711],[-119.3193529942251,35.270741690989055],[-119.31930273797651,35.27119985406211],[-119.31919686702871,35.27142042453099],[-119.31911803716758,35.2713696338309],[-119.31890035650963,35.27129041764232],[-119.318534576899,35.271061527005934],[-119.31822498601105,35.27089482912407],[-119.31765049452221,35.270877318166086],[-119.31741671964764,35.27082785606997],[-119.31714831382052,35.27072894352184],[-119.31685534266363,35.270683720470366],[-119.31658994798937,35.27051836836257],[-119.31645822173104,35.27033289314235],[-119.31613308549711,35.27018386329126],[-119.3158665948782,35.27004266756082],[-119.31576624856936,35.26981581011252],[-119.31556525771109,35.269531445676755],[-119.31523553378098,35.26915847116466],[-119.31513192838433,35.26902330097022],[-119.31492266404224,35.269064251991075],[-119.31447582854523,35.269159497230724],[-119.31427255416945,35.26941338546532],[-119.31421277937214,35.26959302033341],[-119.31401279552527,35.26977442381853],[-119.31392358922429,35.26978985062829],[-119.31364426257826,35.2697692311863],[-119.31332296843881,35.26953563133203],[-119.31319293191156,35.26915060001299],[-119.31311523841924,35.2689123337576],[-119.31296122226378,35.268405599963955],[-119.31274715732485,35.26808454108849],[-119.31240597089175,35.26780194256806],[-119.31202412311558,35.267602780964594],[-119.31137501576265,35.267541641193716],[-119.3105039697373,35.26745959383707],[-119.30949868935734,35.26763117471027],[-119.30939612780304,35.267657142220635],[-119.30900144669477,35.267753174629725],[-119.30880138918603,35.267805267253635],[-119.30872806689591,35.26785707086867],[-119.30874473244106,35.26793656838802],[-119.3087767088719,35.26799102183343],[-119.30889282780048,35.2681515479483],[-119.30891270212783,35.26817902617224],[-119.30903598512079,35.268581941750405],[-119.30903615490239,35.2687730552018],[-119.3089543947368,35.268949568544464],[-119.3087986834604,35.26906576798893],[-119.30873744979905,35.26918001121429],[-119.30874974863362,35.26929892327441],[-119.30884082432871,35.269371858147935],[-119.30918235571487,35.269580656999814],[-119.30951733748434,35.26980376951876],[-119.30967053527458,35.2699037679269],[-119.30984429550168,35.27001761905746],[-119.30986300740904,35.270051398194255],[-119.30958494020103,35.27039367216581],[-119.30947908093134,35.27051623265553],[-119.30941078112195,35.2705262393814],[-119.30918451616314,35.27050723144171],[-119.30826536625264,35.27048156994603],[-119.30724157967951,35.2704865703776],[-119.30708337647653,35.27052769741198],[-119.30699301224715,35.27063379473789],[-119.30698099009369,35.27070358059594],[-119.30696772646851,35.27093056830575],[-119.30693637616342,35.27119383276817],[-119.30684426471085,35.27149184300888],[-119.30682759736904,35.27162581583321],[-119.30685197225597,35.27190419714723],[-119.30676735275283,35.27225299861971],[-119.3065782268428,35.272689704975555],[-119.30648129862364,35.27296004317128],[-119.30643798635224,35.27321466535403],[-119.30644851820061,35.27333211644527],[-119.30648757784748,35.273438958888754],[-119.30626276726112,35.273578046809],[-119.306042803984,35.2737622003705],[-119.30568531762006,35.27423384646117],[-119.30536600426582,35.27465511919089],[-119.30493031057321,35.27514095893793],[-119.30482655605623,35.275256652274514],[-119.30382476113957,35.27667600183041],[-119.30242003588539,35.27845541389075],[-119.30127161165987,35.279909868410726],[-119.2999768833156,35.281605455299115],[-119.29891990129778,35.2829596782186],[-119.29755571431745,35.28469272651153],[-119.29727145412387,35.284993026996275],[-119.29623395925954,35.285706025274585],[-119.29250923057953,35.28834119339816],[-119.28878245463899,35.29101578880395],[-119.28489776744793,35.29375671474994],[-119.28443753986663,35.29409911362978],[-119.28390114772566,35.29568313776926],[-119.28381693066777,35.29604502095045],[-119.28379111039156,35.296186848807984],[-119.28375599973869,35.29632046404352],[-119.28375804250761,35.29648691676229],[-119.28383584828933,35.296687396710865],[-119.28389843930506,35.29722018945205],[-119.28385608373944,35.29751205305322],[-119.28375980859546,35.2977150994886],[-119.28374255016224,35.297880957672334],[-119.28375833356178,35.29838061603426],[-119.28376041046673,35.2994942266062],[-119.28376400372784,35.30142337228732],[-119.2837676329216,35.30160919051879],[-119.28377266887708,35.30186734868507],[-119.28375686122301,35.30200156010783],[-119.28356165551516,35.302043093419684],[-119.28306760816004,35.30206750665698],[-119.28053234773088,35.30216025196521],[-119.27989208429192,35.30218366371281],[-119.27898119978036,35.302234837573145],[-119.27857111975145,35.30232520442302],[-119.27798498070669,35.302671619032125],[-119.27740355602049,35.30291516707824],[-119.27702242150669,35.303006421711736],[-119.27659883620584,35.302969596270636],[-119.27604593662318,35.302802002216374],[-119.27485088983443,35.302305593984975],[-119.27439378928861,35.302156798926134],[-119.27395236075125,35.30208771465358],[-119.27308044874998,35.30213212105594],[-119.27233894158522,35.30228355028984],[-119.27146449004661,35.302606246279325],[-119.27025979625,35.303467976913],[-119.26948247594983,35.30397770600538],[-119.26791164501307,35.30460337066802],[-119.26711039808531,35.30488761267701],[-119.2659734399561,35.3065098615599],[-119.26568547870355,35.30680996307805],[-119.26048800613268,35.30358716779331],[-119.25992567603618,35.30314838252689],[-119.25979605183562,35.30295656575976],[-119.25977253663642,35.30284835026975],[-119.25978802089699,35.30276110344618],[-119.25980333537595,35.30267482938497],[-119.25981802372915,35.30252106074513],[-119.25978150900949,35.302406209872935],[-119.25955509133709,35.30237115832701],[-119.2595240132215,35.30238577322013],[-119.25933172075011,35.30265242949174],[-119.25804235983964,35.30311813397576],[-119.25658893781223,35.304168654547475],[-119.2553459739879,35.30511331913615],[-119.25476165762483,35.30515138107805],[-119.25328634185729,35.30518989239349],[-119.25290734174061,35.30523431835329],[-119.25268259493461,35.30564871681288],[-119.25235648402861,35.306031876011296],[-119.25139704198264,35.3060301884284],[-119.25040726562621,35.30594327712791],[-119.249509269244,35.305353563813405],[-119.2489617604514,35.30533655954867],[-119.24847167556497,35.30546030608847],[-119.24843590285373,35.30546656675708],[-119.24836226705158,35.305487933667656],[-119.24826424737937,35.305516372044806],[-119.24811449642485,35.30555982427049],[-119.2479373756003,35.30579703553543],[-119.24787328709297,35.30597078431462],[-119.24779751240214,35.306058856806416],[-119.24759917606549,35.306642613033226],[-119.24726704285379,35.30789639829663],[-119.24523601757343,35.30957492122444],[-119.24447973042732,35.3103660563139],[-119.2437312190983,35.31098887278984],[-119.24303250318208,35.311276137439755],[-119.24227313750949,35.31139296593945],[-119.24177324481681,35.311826869881905],[-119.24164806009041,35.31242943891403],[-119.24187177742705,35.313137234355814],[-119.24223004891856,35.31370905204426],[-119.24225977506964,35.31399030944697],[-119.24168697331187,35.31435793971787],[-119.24081857821493,35.31464628459661],[-119.2402593967135,35.314809722110915],[-119.24016849259664,35.314836293155345],[-119.23955460549102,35.31516759300872],[-119.23902397873752,35.31550998412072],[-119.23898490202268,35.31566548728916],[-119.23892124650334,35.31591878329601],[-119.23891151235891,35.31612873093948],[-119.23879195647606,35.316440824568765],[-119.23876559451573,35.316509643699874],[-119.23849071992025,35.316718439736626],[-119.23836677037735,35.31681259172819],[-119.23782201581939,35.31749645333102],[-119.23782043208953,35.3175306304634],[-119.23779604911782,35.31805630866613],[-119.23777981745891,35.31840622113833],[-119.23749769525575,35.31895809465191],[-119.23671404362945,35.31967528461434],[-119.23618114952818,35.320080043143726],[-119.2361919436846,35.32058601887428],[-119.23626505846391,35.32196476200728],[-119.23597210347671,35.323107368460334],[-119.23519438701948,35.3236168528626],[-119.23457440574299,35.32368179013052],[-119.23352902456877,35.323312090652145],[-119.23254037829294,35.323196971725494],[-119.2315465181952,35.32319404656726],[-119.22919176344263,35.3237104353948],[-119.22829145210196,35.32390704396628],[-119.22764667283204,35.324504902621776],[-119.22705568917291,35.32468307179771],[-119.22679101135424,35.3244781639822],[-119.22682103125437,35.32383300971693],[-119.22598887778925,35.32330136191076],[-119.22544126119881,35.323284241950134],[-119.22423840715192,35.32408936211385],[-119.22340287332638,35.32510259634653],[-119.2230859458975,35.32601968393079],[-119.22272930574655,35.32631752678932],[-119.22176311016631,35.32645583931494],[-119.22123794157649,35.32669222267677],[-119.22021266829157,35.327362400284414],[-119.21937290070609,35.3277293790483],[-119.2187081932099,35.328017561183344],[-119.21864911011535,35.328549439617554],[-119.21847425843522,35.329358599031494],[-119.21775436832947,35.33009450234271],[-119.21737413123262,35.330897228558214],[-119.21720711376005,35.33153808610313],[-119.21666881090246,35.332054944161015],[-119.2155906843395,35.33238633102983],[-119.21427425808785,35.33268214754434],[-119.2137767055065,35.33305981568068],[-119.21347666460832,35.33361222161679],[-119.213250324191,35.33405457616954],[-119.21261714756133,35.33439989413488],[-119.21185098164202,35.334656761916165],[-119.20960767008695,35.33497961601632],[-119.20739190537009,35.334713386571565],[-119.20600432715806,35.33506305766997],[-119.20438370350342,35.335264928925234],[-119.20362144795055,35.33543759430047],[-119.20312120221999,35.33587131352732],[-119.20247746140254,35.33644096838526],[-119.19979442092263,35.33809815829642],[-119.19902555017602,35.338411039887276],[-119.19837779299094,35.33833445997909],[-119.19773266607304,35.33820177518506],[-119.19694271995154,35.338233073178074],[-119.19576043732461,35.33858908681238],[-119.19483356639424,35.338616056012775],[-119.19285997490155,35.33976172245827],[-119.19172367344078,35.34132704162832],[-119.19094288205032,35.34189230977451],[-119.18934709411839,35.34229138878072],[-119.1880752225082,35.34236359106546],[-119.18564991407321,35.34290496545448],[-119.18317317529159,35.34380983831898],[-119.17996193979766,35.3459549918527],[-119.17971152363242,35.34621713446214],[-119.17914007024591,35.34681532854664],[-119.17899301603389,35.34712290005279],[-119.17898585376614,35.34725095625573],[-119.17883536529479,35.34766260639293],[-119.17884409512273,35.347725686689934],[-119.17890606360596,35.34799096909382],[-119.17902347970181,35.348220452537205],[-119.17912016627415,35.34840942013813],[-119.17921228670991,35.34852645362694],[-119.17929354831053,35.34867353602423],[-119.17924714583451,35.34879435062881],[-119.17856127582688,35.349384033622336],[-119.17741155533241,35.35031474779661],[-119.17727525485266,35.35047161935759],[-119.17693300481425,35.35111108416187],[-119.17659284515548,35.35170614789659],[-119.17635129715876,35.351792982166614],[-119.17497753234083,35.3518370689351],[-119.17029736630445,35.35292462310526],[-119.16709721961439,35.353890466381124],[-119.16373409427729,35.353952149028274],[-119.16316869014588,35.35438763567558],[-119.16295216921294,35.35452251895923],[-119.16266590936955,35.35456405020532],[-119.16256042110405,35.35456239147625],[-119.16203599003107,35.354554146185414],[-119.16050558418044,35.354505465689776],[-119.15657557518666,35.35449176064939],[-119.15106102337167,35.35452866446554],[-119.14984014283196,35.35446946742466],[-119.14900378525131,35.35438202353207],[-119.14782891462382,35.35439515931754],[-119.1460991465605,35.354380436599484],[-119.14141171315343,35.35418002640074],[-119.13852281474303,35.35410787863674],[-119.13637847327777,35.35371520652047],[-119.13450973494167,35.35298703402994],[-119.13400856574299,35.35286971833238],[-119.13370995945432,35.35291078298549],[-119.13314543118032,35.35308509432194],[-119.13160212103065,35.353825478653654],[-119.13059645617174,35.35417803503713],[-119.1304488423093,35.35416317453984],[-119.1301690692006,35.35380991546952],[-119.13007758477207,35.35365508646133],[-119.12989439672609,35.35360870818315],[-119.12970492496466,35.35369376883072],[-119.12967444692369,35.35381430484165],[-119.12974972754114,35.354049622754054],[-119.1299820606197,35.35436085856733],[-119.12998715766062,35.35451291458998],[-119.12972073980522,35.35465626274168],[-119.12942818636495,35.35482915336224],[-119.12902139417002,35.354987825801345],[-119.12723514183826,35.355684552027256],[-119.12338469034098,35.3568883694995],[-119.12291071853585,35.35701080265502],[-119.12235473863008,35.35709126978448],[-119.11629832483233,35.357987958581774],[-119.11594317498644,35.35805685736171],[-119.11460158422872,35.35817400141677],[-119.11219553747007,35.360062432706286],[-119.11083551507937,35.36113254658281],[-119.11066016663085,35.36138296314398],[-119.11046660214501,35.361659396859885],[-119.11038986266355,35.36189417177405],[-119.11035232296612,35.36244000489517],[-119.11031604091012,35.36250281358378],[-119.10949208457197,35.36392911134672],[-119.10756689790004,35.36617037356126],[-119.10520541296937,35.36749865176244],[-119.10363358490264,35.36809396466512],[-119.10192801026656,35.36794826842856],[-119.10000539906457,35.36804821440204],[-119.0986162973098,35.368304829420275],[-119.0972581326351,35.36855571086476],[-119.09713357044119,35.36857871880935],[-119.09665449890018,35.36888818378049],[-119.09482065112971,35.37007275025334],[-119.09432142498697,35.37039521082693],[-119.09343970248446,35.371431853816944],[-119.09330774266417,35.3715622989779],[-119.09284276389332,35.37201794781858],[-119.08802841650294,35.37714804038628],[-119.08786787498526,35.377120698783685],[-119.08771833423653,35.376979234829],[-119.08767453148496,35.376807044256395],[-119.08765196221178,35.37662700653726],[-119.08764391959501,35.37636205259541],[-119.08744656332038,35.376347111948725],[-119.08730877163725,35.37639387562157],[-119.0872825965265,35.37650402742084],[-119.08723488430682,35.376844018442185],[-119.08743286131732,35.3772773622542],[-119.08803473615096,35.37776649691965],[-119.08893694832679,35.37851297804457],[-119.08897240303442,35.37864220470562],[-119.08876391393844,35.378857446757934],[-119.08864817409889,35.37887930843693],[-119.08844287671714,35.378812881082844],[-119.08801145990363,35.378679355299845],[-119.0876345744211,35.37862624126825],[-119.08702588406946,35.378579085570934],[-119.086804412521,35.37859317617843],[-119.08649254260717,35.37861301640587],[-119.08576096901282,35.378707699077886],[-119.08375756782574,35.379527853017606],[-119.08001386672694,35.381076866951936],[-119.0758694101119,35.38272492569832],[-119.07332065069902,35.38411311162286],[-119.06970557577247,35.38613972791148],[-119.06931106534411,35.38642608094513],[-119.06906673616324,35.386754732007425],[-119.06872523442145,35.387516565087466],[-119.06838629377654,35.388851966973284],[-119.06803018003835,35.38960085011805],[-119.06703274644244,35.39101451461723],[-119.06659993274863,35.39146168393359],[-119.06619079056091,35.39173508462715],[-119.06538945020836,35.391933355499305],[-119.06489009919976,35.39213525156664],[-119.06432049634276,35.392483816508715],[-119.06374006698991,35.392840564937444],[-119.06303073298703,35.393276321442464],[-119.06269744184698,35.393481065727656],[-119.0625906636007,35.39355440709998],[-119.06246010155901,35.39364408600868],[-119.06205992725275,35.39372494354747],[-119.06176355507422,35.39374493090689],[-119.06159899718891,35.39375602889087],[-119.06095098398399,35.393799730254415],[-119.0582544400287,35.39371164060735],[-119.05733844500149,35.39368169983035],[-119.05707760837899,35.39369599357594],[-119.05675295274371,35.39371378990448],[-119.05633310982432,35.39392712804828],[-119.05615976461891,35.39419841869861],[-119.05614366591068,35.39550011722326],[-119.05615041854668,35.397056348506865],[-119.05596000535084,35.39730109203657],[-119.05565017101947,35.39736003359153],[-119.05483089580224,35.39736056082284],[-119.05363422575778,35.39734066808964],[-119.05325785590823,35.3973604853995],[-119.05288157229697,35.39740379524443],[-119.05259170931099,35.397489992347886],[-119.05254006516527,35.397505351595406],[-119.05241599255321,35.39754224892626],[-119.05194624462649,35.397765947969376],[-119.05094469494993,35.398202763797386],[-119.05049382062737,35.398411372870655],[-119.04982444548499,35.39872107051022],[-119.04941298923707,35.398818591955404],[-119.04890180921285,35.398853989765115],[-119.0480736802002,35.398911327286086],[-119.04708293815479,35.39891301512609],[-119.04653489306796,35.39881820459383],[-119.04596769320432,35.398688614837425],[-119.04496240114626,35.39834827213366],[-119.04384843809166,35.397884825499226],[-119.04299392555912,35.39744695129046],[-119.04178463957477,35.39680105367716],[-119.0409601361626,35.396389768334146],[-119.0406095039443,35.39630995110152],[-119.04000483984171,35.39630717870728],[-119.03926358330692,35.39632553098865],[-119.039129912196,35.39634118702935],[-119.03886504752774,35.396372209120905],[-119.03862684845038,35.396338772718686],[-119.03843129150125,35.39630335256877],[-119.03838526541932,35.39629501707825],[-119.03822374922957,35.39626576267051],[-119.03718893493802,35.39610369452379],[-119.03597801401986,35.396033306549505],[-119.03583720309908,35.39602512041577],[-119.03580014489867,35.39603043821739],[-119.0349655848469,35.3961501582274],[-119.03444742311629,35.39625532041877],[-119.03438630354098,35.39626772590156],[-119.03390239097891,35.39635427131778],[-119.03385335194753,35.39637149368853],[-119.03343553562743,35.396518223832565],[-119.0333248272518,35.39660807079694],[-119.03320868137378,35.396702331062905],[-119.03314231563724,35.39675618962898],[-119.0327837018876,35.39705177256095],[-119.03267369689284,35.39714526123035],[-119.03252254815976,35.39727371259614],[-119.03215937725669,35.39744960794766],[-119.03146300504508,35.39782799470552],[-119.03097986593245,35.39811093418829],[-119.03078318698752,35.3982339887404],[-119.03066259624548,35.39830943322585],[-119.03047422851355,35.39842728626048],[-119.02923102483902,35.3988986564026],[-119.02804974113873,35.399227501210355],[-119.02733854941984,35.39942547467471],[-119.02692749112562,35.39951439210815],[-119.02686831191133,35.39965759443502],[-119.02693239413044,35.39983900789676],[-119.0269277830781,35.399932777444434],[-119.02675911360372,35.39996990871413],[-119.02671034766018,35.40011345365283],[-119.02669903517584,35.400343611961844],[-119.02673810470417,35.400609586224284],[-119.02667599069383,35.40081246006865],[-119.02654764389763,35.40108999033281],[-119.02599027339981,35.40160953425431],[-119.02555537741121,35.4019708875375],[-119.02476481684205,35.40235466564962],[-119.0229291778309,35.4032077344793],[-119.02044622899572,35.40428702623308],[-119.01993471839147,35.40450921360454],[-119.01846432359505,35.405143734857056],[-119.01706468639865,35.4058232631701],[-119.01608612371189,35.406422768397064],[-119.01541117362484,35.40699814023646],[-119.014927415573,35.40750298650199],[-119.01417526427045,35.40837463666416],[-119.01388427389877,35.40898830778588],[-119.01378205819584,35.40936914363013],[-119.0136919356133,35.409716233459264],[-119.01341985477835,35.409946307243544],[-119.01294573564947,35.41025508345594],[-119.0128336232071,35.41041360225905],[-119.01277525157822,35.41053974599199],[-119.01275096203129,35.41082070287667],[-119.01279195215768,35.41117002021442],[-119.01282438672933,35.411446417344294],[-119.01280315235266,35.41167450503001],[-119.01274745770334,35.41554219878125],[-119.01274202918405,35.4155799700372],[-119.01273157638745,35.415652670485464],[-119.01247929621799,35.41578256753917],[-119.0113288804275,35.41626206859343],[-119.01091256159896,35.41645326863261],[-119.01076480939597,35.41649393268879],[-119.01056353556835,35.41654933152983],[-119.01033141988208,35.41657423874029],[-119.01001603306393,35.41660807745241],[-119.00951329540675,35.41664780728297],[-119.0091950052336,35.41675513387892],[-119.00865065671414,35.41700357833426],[-119.00845517881673,35.417108376562176],[-119.00811052668325,35.41729315274666],[-119.00745992633033,35.41753807569077],[-119.00635227124565,35.4179113329134],[-119.00567700135835,35.4181324373196],[-119.00492604751007,35.41876002182445],[-119.0045608500077,35.419199669724954],[-119.00433841816023,35.41952024869568],[-119.00413809654681,35.41964684156919],[-119.0038705486108,35.41974045996272],[-119.00332024066776,35.41985545297847],[-119.0031509908817,35.41986008839097],[-119.00265810325162,35.41970026972553],[-119.00189756887083,35.41938297039338],[-119.0016803490486,35.41934502302818],[-119.00144260811203,35.419342262407135],[-119.00122707981748,35.41939660804363],[-119.00093875295062,35.41953052614749],[-119.00075810623856,35.41976537204318],[-119.0005324485409,35.42002434595045],[-119.00039690084935,35.42010696325402],[-119.0001766402299,35.42013040231875],[-118.99995865953461,35.42010779780138],[-118.9982562909858,35.4195952508574],[-118.99760168504497,35.419414673223166],[-118.99727222521959,35.41936786714503],[-118.99664396596775,35.41941362197729],[-118.99631121561346,35.41943332039052],[-118.99602626461547,35.419372616055796],[-118.99581783660491,35.419283704423044],[-118.9955566190967,35.41924941002497],[-118.99513291162498,35.4192097166165],[-118.99469324648051,35.419113122481406],[-118.99445610472023,35.41897201622662],[-118.99414355568007,35.41871054330401],[-118.99380668026198,35.418560997005386],[-118.99336448276675,35.41851555794469],[-118.99306272878133,35.418541400137],[-118.99202146728102,35.41896284925297],[-118.99144758395164,35.41917435995686],[-118.99112108048186,35.41919425169437],[-118.99077811628278,35.419167474861084],[-118.99021727469473,35.41898997535131],[-118.98645384838892,35.4178809077025],[-118.98362974995153,35.41701823691682],[-118.98328156743896,35.41697076983552],[-118.98261161198492,35.416974070818426],[-118.9819153933852,35.41700211269549],[-118.98095949878632,35.416965131296685],[-118.9793572357978,35.416834851070696],[-118.97904426275281,35.41683466072759],[-118.97879098275844,35.41689283102071],[-118.97846411996254,35.41704590102166],[-118.97817365330869,35.41721534309074],[-118.97809019712383,35.41726402089642],[-118.97775199040252,35.41751919601458],[-118.97756492163451,35.41788190113415],[-118.97754364683364,35.418183517978626],[-118.97750675032997,35.41914812631121],[-118.97750214915908,35.419268465723796],[-118.97751644135525,35.42111878043082],[-118.97753891450871,35.42330756745374],[-118.9775073108787,35.4236908259783],[-118.97743105558916,35.423964988479035],[-118.97729294680076,35.42434982137996],[-118.9770253728136,35.42469446103657],[-118.97658981117337,35.425018124078896],[-118.97583181004168,35.425530867835484],[-118.97562538617255,35.42564301751574],[-118.9754913368709,35.425715842841],[-118.9754586058552,35.4257336262444],[-118.97522557209072,35.42576171704507],[-118.97472633696485,35.425729677061355],[-118.97416492404827,35.42567155780127],[-118.97374685979312,35.42580492598449],[-118.97299350295145,35.4264743131484],[-118.97205153313777,35.426800640832475],[-118.9714836280966,35.42684480593575],[-118.97048559801932,35.42674831318746],[-118.96968665167701,35.42678475061253],[-118.96670301154683,35.4273163714876],[-118.9663764344152,35.427331178252345],[-118.96595895945488,35.42729158837723],[-118.9653423926748,35.42710185901969],[-118.9640997360743,35.42663661888603],[-118.96403799845805,35.42661683000217],[-118.96368926617656,35.42648286438635],[-118.9635053810379,35.42642206434753],[-118.96299949748061,35.426254801051925],[-118.96261916516237,35.426098588483825],[-118.9623464725747,35.426043340414196],[-118.96196230355189,35.42596385705994],[-118.961648162697,35.42586109874224],[-118.96130533144863,35.425706139340726],[-118.96073279379556,35.42551273741456],[-118.9605466996996,35.42556286544178],[-118.96042563554539,35.42564592285854],[-118.9602937341156,35.42577985619404],[-118.96031755923356,35.425929255135],[-118.96043375092566,35.425984387625995],[-118.96057391595777,35.42606082508727],[-118.96070265621607,35.42618584924646],[-118.96093541958764,35.42656852604383],[-118.96125401788296,35.42706653949568],[-118.96180819756489,35.427891089803616],[-118.96193455369443,35.42857010203155],[-118.96194378747725,35.42930142284347],[-118.96188724122506,35.42997430977258],[-118.961979102946,35.430427240197524],[-118.96210598638662,35.43063767262811],[-118.96208727268262,35.43101192464103],[-118.9620018428991,35.43134645162079],[-118.96200973639552,35.431646617091175],[-118.96198166404287,35.43220799254855],[-118.9620525312373,35.4326227328822],[-118.96214626235239,35.4330382381545],[-118.96224654757575,35.433322753588335],[-118.96235846688037,35.43383258700317],[-118.96242840162355,35.434266040287696],[-118.96238963033589,35.43458338639077],[-118.96208999637454,35.43507943556993],[-118.96190748386167,35.435523175119805],[-118.96172444044443,35.43643549232727],[-118.96170853038241,35.43675360643411],[-118.96125444009114,35.43713201285593],[-118.96084233436127,35.43758680083872],[-118.96050389856958,35.43840019111794],[-118.96032082640625,35.439312505732495],[-118.9600925626959,35.4397547084236],[-118.95945271338027,35.440183115008224],[-118.95888482540711,35.44008909954617],[-118.95807196865262,35.439855663958845],[-118.95752132024809,35.43987468697116],[-118.9570070338496,35.44008236334558],[-118.9567680738992,35.440280532118976],[-118.95658551916546,35.44072425837285],[-118.9564065945238,35.441034310099525],[-118.95603372810386,35.44168042697276],[-118.955523543413,35.44226311004081],[-118.9551781016604,35.442757602090545],[-118.95508324495627,35.44327924707661],[-118.95503318633705,35.443821137332016],[-118.95539472500127,35.44437683885573],[-118.95563230424108,35.44499935144485],[-118.95572877611606,35.445252133427196],[-118.95608312915631,35.44618059708187],[-118.95632659595448,35.44680731171476],[-118.95705192356267,35.44709853239966],[-118.95780810650422,35.447869173958516],[-118.95852300916353,35.448230537120004],[-118.95901204841091,35.448528090049784],[-118.95962330974095,35.44912964118916],[-118.95977252709616,35.4498094219789],[-118.95976354394332,35.45044641186341],[-118.95983998698073,35.45073599336341],[-118.95989832896518,35.45095701277601],[-118.9601868076473,35.451296630536035],[-118.96043913363083,35.45159368842736],[-118.96078536679923,35.451998910293554],[-118.96104386959864,35.45232622120375],[-118.96127482735652,35.452746324893],[-118.96145911044886,35.45318360807824],[-118.9616490134016,35.453508617189144],[-118.96188328953612,35.45386244359093],[-118.96185843225389,35.45435910937775],[-118.96197317676008,35.45481280485804],[-118.96216027696913,35.45519394870582],[-118.96281133097129,35.455459428709176],[-118.96325469178484,35.455755439486204],[-118.96357340147122,35.45625345314321],[-118.96412737633726,35.45662814072414],[-118.96460577863338,35.456681646786066],[-118.96498990094385,35.456788227085084],[-118.96525217756577,35.457040680812206],[-118.96545281358954,35.45760971369496],[-118.96561893095019,35.457952661216225],[-118.9656685835309,35.45807271434495],[-118.96572112509351,35.45819975515197],[-118.96562888518184,35.45829676630724],[-118.96535840514473,35.458581231980176],[-118.96525475842557,35.458821431304365],[-118.96531401040339,35.45901085542529],[-118.96548985741688,35.459265478262914],[-118.96574616832702,35.45953140433929],[-118.96583806598059,35.45998433456585],[-118.96582978890353,35.460149815621584],[-118.96582590099501,35.46022759769515],[-118.96589773477672,35.46062362335951],[-118.96592195425508,35.461055543637514],[-118.96584532796133,35.461671526459945],[-118.9659283915824,35.46184300308656],[-118.96606281907476,35.46190373247501],[-118.96629247337717,35.46189267826633],[-118.96661081026272,35.461940819816746],[-118.96664280376154,35.46196171363284],[-118.96694359834625,35.462158139091585],[-118.96720309378404,35.46246672318503],[-118.96746820369238,35.46266303839136],[-118.96740655680601,35.46297961915725],[-118.96729541993402,35.463369518937185],[-118.96721641849464,35.46355259321093],[-118.96708811481756,35.46384992558819],[-118.96704933454676,35.464167272119084],[-118.96706739248059,35.46461403473572],[-118.9670698197285,35.46467404281623],[-118.96705391415809,35.46499215798735],[-118.96680272454338,35.46543360280178],[-118.96633029334893,35.465717689121014],[-118.96570096061033,35.46639014361223],[-118.96542813147877,35.4666439009786],[-118.96529245442983,35.4667700890641],[-118.9650478099403,35.467080540147776],[-118.96500302263519,35.46733946576272],[-118.96498333785237,35.467453258968995],[-118.96494642248409,35.46773318105502],[-118.96502761581272,35.467942084171256],[-118.96495244029816,35.46807077310212],[-118.96471433823885,35.4682502370978],[-118.96440175236773,35.46836154882237],[-118.9639445251595,35.4685243575988],[-118.96354255781594,35.46877330516819],[-118.96337775738549,35.46886150516034],[-118.96328759078548,35.46928959291557],[-118.96328892208874,35.46972074529274],[-118.9635334381192,35.47032873630441],[-118.96360890468789,35.47068175859077],[-118.96362626642737,35.47076295655551],[-118.96384377191386,35.470995167050205],[-118.9638222267201,35.471425553084536],[-118.9636685150935,35.472207647248666],[-118.96328323485466,35.47303821182389],[-118.96307868576953,35.47346246584396],[-118.96286945197018,35.47398028392208],[-118.96269245601142,35.47431174116536],[-118.96267028648855,35.47433095062894],[-118.96221339614851,35.474726796384054],[-118.96131319619893,35.475315172347386],[-118.96085324889198,35.47580583643252],[-118.96086206046662,35.47608728983935],[-118.96111219635748,35.476583012239225],[-118.96113363016015,35.476626493832065],[-118.9614034005282,35.477173830398684],[-118.96143415525025,35.47747476425001],[-118.96130852675607,35.47769547903411],[-118.96109326526118,35.47787570136396],[-118.96041765940397,35.47809671863293],[-118.96027353549641,35.47815782272782],[-118.96008988930963,35.47823567955828],[-118.95987462332316,35.47841589848254],[-118.95978348654262,35.47886269532681],[-118.95990064122871,35.479174337459185],[-118.95986410674614,35.47954017661802],[-118.95971906116709,35.4797293558952],[-118.95947181335987,35.48005184448394],[-118.95908796323896,35.480395104495614],[-118.95895950415331,35.480671950157735],[-118.95883985394737,35.481230250749796],[-118.95873521189488,35.48148915494083],[-118.95858668803908,35.48170909867563],[-118.95858106099212,35.481821372706946],[-118.95875469545508,35.48201463275288],[-118.95895308748725,35.48217123933755],[-118.95912297597546,35.48243934852279],[-118.95920322786971,35.482666965184436],[-118.95933204987469,35.48283998071539],[-118.95953138513792,35.482977872784495],[-118.95979653906373,35.483174203020695],[-118.95982235664498,35.48319712484939],[-118.96001593370723,35.4833689973929],[-118.9602058914572,35.483694011081084],[-118.96039809589372,35.484431465470706],[-118.96045418041184,35.48494710407034],[-118.96046073362184,35.48500733836162],[-118.96049222316582,35.48529683420875],[-118.96042395569582,35.48574439814603],[-118.96040331959709,35.486156066933496],[-118.96012632767248,35.48665286245817],[-118.95985404022504,35.486753026231725],[-118.95967286799853,35.48701252997733],[-118.9594243787196,35.48739781555817],[-118.95951050559577,35.487860575226264],[-118.95955075371378,35.488076830423594],[-118.95946804402894,35.488355213442325],[-118.95936463087173,35.4885411682793],[-118.95914058834492,35.48894402945255],[-118.95906479838273,35.489541284749336],[-118.95862739968773,35.490951137890605],[-118.95844940929396,35.491301300495635],[-118.95810468170201,35.49177707282633],[-118.95795554878843,35.49246558596317],[-118.95796059462536,35.49282188936673],[-118.9580819183927,35.493144604084186],[-118.95820793765402,35.49337375633814],[-118.95859444588984,35.49389280580253],[-118.95863204397774,35.493930997412676],[-118.95874710289429,35.494047876002085],[-118.95917618318975,35.49434024580103],[-118.9596438066008,35.49461298499151],[-118.96002871673373,35.49488706679931],[-118.96024599943804,35.49502143709247],[-118.96042474082337,35.49513196867126],[-118.96056770859917,35.49517798029964],[-118.96064641988266,35.49501236435109],[-118.9607218532137,35.49471146544424],[-118.96080839511154,35.49438138686847],[-118.96089634017784,35.49410928831729],[-118.96110737869259,35.49403818805456],[-118.96150535212641,35.49387704877765],[-118.96204346364286,35.49364596489467],[-118.96264064657574,35.493413912714985],[-118.96302727069423,35.49327228284567],[-118.9632959657789,35.49314224021605],[-118.96351411266245,35.49287768695116],[-118.96373475686256,35.492453660468875],[-118.96386415648428,35.49220498370559],[-118.964172347797,35.49175529005203],[-118.96443798501643,35.49149962762686],[-118.96494768192211,35.49121696869357],[-118.96521995589485,35.49109055347428],[-118.96540958216649,35.491042882121064],[-118.96571336634443,35.49096651076521],[-118.96598323373048,35.490884779524954],[-118.96630176644878,35.49086025004316],[-118.9665283781573,35.49094356043304],[-118.96682934791346,35.491105659356286],[-118.9669116398817,35.491149977143834],[-118.96726963109883,35.49128914589672],[-118.96748583941806,35.491430617620026],[-118.96772779524994,35.49165867326132],[-118.96794919493315,35.49201273117241],[-118.9680732396975,35.49225237789904],[-118.96817553984205,35.492569712531086],[-118.9681786057921,35.49269533331826],[-118.96829911478746,35.49279003259955],[-118.96855195640399,35.49297923993276],[-118.96876981941993,35.49318835318505],[-118.96882179594228,35.49338084499624],[-118.96887377695617,35.49357333049515],[-118.96910628700287,35.493898201983114],[-118.96926720491464,35.49419524880418],[-118.96938842807064,35.49431893473296],[-118.96970744677752,35.49431372654638],[-118.97006096977444,35.49426928543709],[-118.97029799116046,35.494294414344765],[-118.97060590938534,35.494318388389026],[-118.97080677268286,35.49431510081724],[-118.97097171953871,35.494293077374124],[-118.97110878178981,35.49409750129901],[-118.97126735060715,35.493814572845665],[-118.97147602026449,35.49364682281547],[-118.97170973315532,35.49353667171107],[-118.97206017762576,35.49336660477965],[-118.97234965433618,35.49312020328638],[-118.97245410684415,35.49304116357913],[-118.97257438497249,35.49312619706856],[-118.972895528195,35.493207947970696],[-118.97303873402431,35.493263599739656],[-118.97318052051548,35.49326128341566],[-118.97354490863579,35.49317798493695],[-118.97377908775225,35.493087153731636],[-118.97436370684757,35.492826247765876],[-118.97466735897316,35.492676279642865],[-118.9748145730853,35.492585883784734],[-118.97495847870225,35.49249751087928],[-118.97517044787163,35.49246503741239],[-118.9753965924562,35.492528998405255],[-118.97560147571464,35.49268998386639],[-118.97580872693214,35.492947590944624],[-118.97611358010529,35.493329267168384],[-118.97646474861783,35.493671517472094],[-118.97686128834042,35.49393568707024],[-118.97711320199724,35.49408622551796],[-118.97711580980652,35.49419251634882],[-118.97695417863238,35.49434983131834],[-118.97675686817182,35.494498071717636],[-118.9766179248485,35.49461634788336],[-118.97661344674681,35.494916092299505],[-118.97660565925162,35.49508055579605],[-118.9768511769036,35.49497019675181],[-118.97707472895027,35.49492786676427],[-118.97746464449595,35.49492147378377],[-118.97793537607788,35.494836421715746],[-118.97839429032224,35.49475156117933],[-118.97886857114786,35.494811446567375],[-118.97926251563761,35.494969313246905],[-118.97960165570849,35.4953020859876],[-118.97979426079362,35.49544392876543],[-118.97999963812548,35.495624229049106],[-118.98020263582009,35.49570789140864],[-118.9804734509288,35.49566478070469],[-118.98088391364001,35.49553236937328],[-118.98117954291182,35.49553718180804],[-118.98147541203377,35.495551657141995],[-118.98157397159349,35.495714369165675],[-118.9816621457302,35.495935254735834],[-118.98188170925701,35.49621198470048],[-118.98200652028426,35.49648060288047],[-118.98213488953836,35.496894163548575],[-118.98220441195483,35.49731835894212],[-118.98236632789491,35.49765403420346],[-118.98261096699454,35.49798834628715],[-118.98279438141601,35.49823666946086],[-118.98299976773097,35.498416962014005],[-118.98322902767296,35.498606526887606],[-118.98342283560224,35.49879666980643],[-118.98354076733106,35.498930153755886],[-118.98364170742627,35.49904440687124],[-118.9838104568507,35.49917696526403],[-118.98399052235278,35.49918948068287],[-118.98403544710014,35.49919259692167],[-118.98428382139475,35.499198177775206],[-118.98446153959897,35.49921458903672],[-118.98464021091571,35.49926965084226],[-118.9848782006856,35.49933340164306],[-118.98510627485142,35.49947465150199],[-118.98523030793764,35.49960235311362],[-118.98530032622415,35.4996744562322],[-118.9854085795041,35.499750006797804],[-118.98553832228227,35.499738205249024],[-118.98564042389916,35.499663672691334],[-118.98578217984759,35.49956018792358],[-118.98588425002345,35.49938450902261],[-118.98603357158325,35.499208047204036],[-118.98619971409673,35.49923431399366],[-118.98652422689985,35.499451301364594],[-118.98667855207576,35.499477758953645],[-118.98690353513868,35.499493388358765],[-118.98718783395978,35.49951770238581],[-118.98739132932111,35.49962068258656],[-118.98763356273241,35.499681695720774],[-118.98784011416231,35.4996036212503],[-118.98814209542151,35.499385976818],[-118.98838618475217,35.49921761824514],[-118.98871513163955,35.49913486055187],[-118.98900958591497,35.4990913414048],[-118.98925843541834,35.49911623184983],[-118.98958809736466,35.499062460755916],[-118.99000094689957,35.49902665063837],[-118.99038897149161,35.49894291055606],[-118.9908133994122,35.498897244083594],[-118.99115326711846,35.49884277294787],[-118.99152988759798,35.498711415602],[-118.99167001220589,35.49864143251893],[-118.99191671473572,35.49857935960659],[-118.9921596452397,35.498493936961886],[-118.99229172363762,35.49844749720088],[-118.99250179107355,35.49833769056113],[-118.9927456252827,35.49815966281845],[-118.9929901862289,35.49801061957045],[-118.993208240586,35.49774601578333],[-118.99354469379588,35.49748912180357],[-118.99409191602595,35.497151407557446],[-118.99440520887119,35.49691422403841],[-118.9945794703582,35.496712171548495],[-118.99464330643893,35.49650428518937],[-118.99473305711896,35.496309465609926],[-118.9949995549244,35.49609239076462],[-118.99523396131464,35.496011178159335],[-118.99547003497807,35.49599760834284],[-118.99567353123768,35.49610057404058],[-118.99591414768148,35.4962705927656],[-118.99609496776839,35.49641259985333],[-118.99624154317833,35.49660351223984],[-118.99636376256599,35.49676582280957],[-118.99642786364974,35.49696776107242],[-118.99647120556557,35.497286046859635],[-118.99647957247412,35.49762424177068],[-118.99661839901646,35.49797961249627],[-118.99666054527462,35.498249583611056],[-118.99667035577585,35.49864575549783],[-118.99663767955738,35.49923596682063],[-118.9966103968239,35.49955229680322],[-118.99660093936058,35.49966191236678],[-118.99657003551818,35.49984608876044],[-118.99657242773179,35.49994271910792],[-118.99668397064231,35.500146697111745],[-118.99670862760021,35.50019179828661],[-118.99679828036389,35.50047064467863],[-118.99694270969863,35.50057458754688],[-118.99698150344419,35.50070927961769],[-118.99706532075176,35.501229892788984],[-118.9971062767422,35.50145154936164],[-118.99700351845685,35.50159825112725],[-118.99674455482169,35.50174255244413],[-118.99638370696196,35.501869517672226],[-118.99615000395258,35.501979718781705],[-118.99621721680045,35.50230727455959],[-118.99634399423988,35.502653177527876],[-118.99642063670328,35.502883910801806],[-118.99647244883391,35.50306672031256],[-118.99658334136417,35.503248553849254],[-118.9966427352758,35.50324323362096],[-118.99686495781587,35.50322334437396],[-118.99735222019564,35.503208027229824],[-118.99751048448408,35.50315465524166],[-118.99767833828818,35.50313012877471],[-118.9977488039357,35.50314915656901],[-118.99798182063219,35.50321209693207],[-118.99827356109711,35.503178266109096],[-118.99859806312045,35.50303514111583],[-118.99890483689165,35.50289230107686],[-118.99910526270965,35.502751228353794],[-118.99929682395242,35.502610306763835],[-118.99950430603697,35.50239661443646],[-118.99964779932718,35.502210745052565],[-118.99974357949941,35.502086674171096],[-118.99978778559453,35.50202941450427],[-118.99989107927581,35.50190444894432],[-118.9998867646675,35.501730520823386],[-118.99982086425825,35.50150606480134],[-118.99980981587856,35.50113004178479],[-118.99985364378294,35.500752317407276],[-119.00000597200399,35.50045978299252],[-119.00016734536165,35.500174361167616],[-119.0004614672604,35.49987948438079],[-119.00082720734515,35.49961241264015],[-119.00117773625723,35.49944709690571],[-119.00151251590576,35.49936178927257],[-119.00167167850948,35.49934464524008],[-119.00183119325278,35.49934200072043],[-119.002019812513,35.49944037079495],[-119.00217172750902,35.49948860175779],[-119.0022024130608,35.49949857061276],[-119.0023415495219,35.499543783314714],[-119.00245621677296,35.49952012384195],[-119.00260381446574,35.49939442450281],[-119.00274924093043,35.49925676245292],[-119.00283769084996,35.49917304016262],[-119.00299270952526,35.49898921912054],[-119.00310521273482,35.498878595580194],[-119.00322802411226,35.498825808715026],[-119.00343184825697,35.498822421133674],[-119.00358268168138,35.49882716535643],[-119.00361415685231,35.49882786963987],[-119.00376896801679,35.49883132157912],[-119.00399087434985,35.49884213667946],[-119.00404627794498,35.4988604714453],[-119.00411602404196,35.498883557008405],[-119.00428440156388,35.49888075816028],[-119.00437284250022,35.49887203836196],[-119.00443343386615,35.49881302995596],[-119.00451157382115,35.498746485008816],[-119.00464774674012,35.498874717270176],[-119.00472242368967,35.499025728416996],[-119.00488554247391,35.49916801805108],[-119.00508447169865,35.499324210180454],[-119.00499909671234,35.499456131116666],[-119.00482707562364,35.499669241079445],[-119.00473409460184,35.499852035966825],[-119.00465992250548,35.50007801924357],[-119.00463712146693,35.50023065168158],[-119.00460455214797,35.5003471905451],[-119.00461557447652,35.50043400586236],[-119.00477394925774,35.50044466936193],[-119.00527988761229,35.50034925801288],[-119.0056457067488,35.500323842124025],[-119.00592953844598,35.500328788836356],[-119.00607565930842,35.500500357072305],[-119.00620199387839,35.50082692135603],[-119.0064074340923,35.50100717152935],[-119.00679084763198,35.50121345999958],[-119.00724323471746,35.50134126488833],[-119.0074708758953,35.50146314515796],[-119.00748870296212,35.50170451446751],[-119.00746963981348,35.50188849749836],[-119.00748620025574,35.50197467490621],[-119.00751038020825,35.50210048721764],[-119.00763167433115,35.50222413830462],[-119.00809516189862,35.5023227549579],[-119.00836935107954,35.50241485258927],[-119.00859867659854,35.502604367074774],[-119.00888540266756,35.50272526108777],[-119.00896328660268,35.50268526220859],[-119.0091188460638,35.50260536969901],[-119.00943499644997,35.50248410400021],[-119.01004270224809,35.50267697575765],[-119.01021055156059,35.502771440955506],[-119.0102758842346,35.50302108836199],[-119.01037691955122,35.503280407200535],[-119.01046687594545,35.50346301762631],[-119.01051389466575,35.50355845599126],[-119.01062650477482,35.50380791227667],[-119.01079940890743,35.50410470087264],[-119.01118550032497,35.504417262346074],[-119.0113948203626,35.50475210571769],[-119.0116405509153,35.50512500381264],[-119.01177584528195,35.50533541126661],[-119.01177463255628,35.50576076942595],[-119.01179223773924,35.50599247660957],[-119.01220028757557,35.50623699873103],[-119.01236934242722,35.50637917906211],[-119.01246436082808,35.50639693001321],[-119.01264957637166,35.5062391728134],[-119.01279909556081,35.50607234161771],[-119.0130438783909,35.50593292570706],[-119.01311352746983,35.505924039211536],[-119.01347990176521,35.505877311234784],[-119.01370490459104,35.50589288381744],[-119.01387299375374,35.50599641454073],[-119.01404683842247,35.506193746691366],[-119.01434891849632,35.50606579961234],[-119.01463370600095,35.506068317399595],[-119.01472730416533,35.506069144474054],[-119.01488044626005,35.50604725442081],[-119.01489872517945,35.506011672650835],[-119.01497063172468,35.50587174327706],[-119.01501161735952,35.50561972733619],[-119.01507914282114,35.50548326428978],[-119.01524143874855,35.50535488462145],[-119.01556989874904,35.50525273081131],[-119.01580550708512,35.5052197930155],[-119.01602110993983,35.50533218922998],[-119.01633197823213,35.50547199522591],[-119.01661727597981,35.50553488769783],[-119.01693608897247,35.505519887639686],[-119.01713528140357,35.50544889327428],[-119.01735714731244,35.505338846106724],[-119.01766535389653,35.50533653086215],[-119.01804469896628,35.505414343810955],[-119.0183041881159,35.505390667054066],[-119.01854823073418,35.50522225013269],[-119.01887619755958,35.505100762417655],[-119.01913374904312,35.50499978126846],[-119.01943783864826,35.50486902121588],[-119.01957721945111,35.50477002449361],[-119.01960518041263,35.504731343684874],[-119.01972575857828,35.504564536414655],[-119.01994616202987,35.50439651265871],[-119.02013159406745,35.504248406069756],[-119.02025770675357,35.504091626047604],[-119.02035752215804,35.50382895390386],[-119.02047951427194,35.503507913637556],[-119.02065094606581,35.50327303932705],[-119.02092825329905,35.50301705814054],[-119.02123257197461,35.502895958338506],[-119.02172717359025,35.5028199997375],[-119.02209348500355,35.502813860417234],[-119.02253456768953,35.50296113011291],[-119.02272411580775,35.502977283186134],[-119.02297226013361,35.502973123521436],[-119.02326670183261,35.50292951504073],[-119.02353436026141,35.50276069366443],[-119.0237356619368,35.50230298103022],[-119.02389430172103,35.502029651449966],[-119.02410384184587,35.50190047351548],[-119.02466374559279,35.50160107547681],[-119.02513178941538,35.50140954603255],[-119.02552026675833,35.50134502679935],[-119.02570860035428,35.501312861138004],[-119.026101732767,35.50134400587638],[-119.02632668349054,35.50144747737623],[-119.02665851037673,35.501480568833436],[-119.02717697034802,35.50141385643005],[-119.02762355701172,35.50130967843132],[-119.02788059196398,35.501189361494376],[-119.02793647166624,35.50111336910124],[-119.02807491283127,35.50092509288585],[-119.02842502133181,35.500745204534546],[-119.02862322112452,35.500635538525096],[-119.02888269140949,35.50061183841956],[-119.02921767317893,35.50077053691899],[-119.02948200334961,35.50094008868286],[-119.02967713898889,35.50117846992123],[-119.02981247018646,35.501388857730284],[-119.0300114012078,35.50130817703032],[-119.03041523704715,35.50091471393508],[-119.03075206395619,35.500677042763044],[-119.03101969633383,35.50050820348848],[-119.03129987548108,35.50036815628938],[-119.03142571148607,35.500201701234595],[-119.03153730021067,35.499938819640604],[-119.03167544133841,35.4997914961353],[-119.03198984899292,35.499602532290986],[-119.03240023983888,35.49946994973498],[-119.03265824137837,35.499388268831275],[-119.03310505351924,35.49929373529666],[-119.0332356362222,35.499784537489035],[-119.03327266567652,35.50031557371263],[-119.03332005090945,35.50078844488197],[-119.03348072358116,35.501066068625136],[-119.03391049108781,35.501232821730405],[-119.03409138753152,35.50137476665978],[-119.03413073823253,35.50152877078116],[-119.03412379425541,35.50172222111019],[-119.03400015103801,35.501975637315994],[-119.03380512319656,35.50221092495538],[-119.03374945639503,35.50234719976454],[-119.03393205873948,35.50255678372874],[-119.03406520882753,35.50268020740781],[-119.03417217482163,35.502828466806484],[-119.03428570031399,35.50298582117515],[-119.03454237863508,35.50331982074153],[-119.03484339510364,35.503537072776055],[-119.03502357289511,35.503650036639755],[-119.03513807755112,35.50350310314286],[-119.03522699998446,35.50327927075637],[-119.03535054169224,35.50319895248783],[-119.03547124472368,35.5031204821442],[-119.03590796608896,35.50309377784287],[-119.03622774117727,35.503117377027365],[-119.03658442893894,35.503198356475686],[-119.03691870283595,35.50332804277162],[-119.03725469071853,35.50352536319622],[-119.03763696699103,35.50368323980952],[-119.03800571912694,35.50377367729687],[-119.0382353644462,35.50397279561544],[-119.0383003099463,35.504203694758594],[-119.03821139380116,35.50442752895655],[-119.03804122324192,35.50471073887399],[-119.03792843077485,35.50492531136486],[-119.03794115990243,35.50513306696892],[-119.03794855483385,35.50525363467905],[-119.03796149865879,35.505765747979744],[-119.03797199187963,35.50618123382642],[-119.03822274131983,35.506747328041264],[-119.03836421340065,35.50719926832096],[-119.03862678467,35.50776515938132],[-119.03892334010484,35.50827247936377],[-119.0390995374613,35.508694826753185],[-119.03907434331086,35.50910125481397],[-119.03926529100428,35.50963935761059],[-119.0394141867626,35.509917167206325],[-119.03979014069218,35.50982381020309],[-119.04010341377446,35.50977234384449],[-119.04024930736313,35.50974837733754],[-119.0405329270579,35.50974357672281],[-119.0407611251912,35.50988471833111],[-119.04092159574199,35.51015266484517],[-119.04099572561753,35.510247992155485],[-119.04112934821943,35.51041981122246],[-119.04128737625093,35.51059113926242],[-119.04143138697077,35.5106756971521],[-119.04130677716611,35.51089047307486],[-119.04113661199682,35.5111736872554],[-119.04104597917117,35.51132988674879],[-119.04093343284248,35.5115541237335],[-119.04100181799181,35.51192029515749],[-119.04102121890698,35.51221963278943],[-119.04140753400505,35.51206809657065],[-119.04166800950482,35.51208301716483],[-119.04196516501429,35.51214565438121],[-119.04211532649886,35.512263446085875],[-119.04219212347247,35.51232368841541],[-119.04249664876056,35.512590982587575],[-119.04282209491326,35.51283680080408],[-119.04315642091255,35.512966470072605],[-119.04359564408587,35.513036358777576],[-119.0436429179277,35.513056795466774],[-119.04391839349611,35.51317588666164],[-119.04425615824631,35.513440827887706],[-119.04440606011777,35.513757281067655],[-119.04435603653286,35.51411579551407],[-119.04428635152131,35.51429932382023],[-119.04423412526734,35.51443686137408],[-119.0440969615066,35.51462285162541],[-119.04403095509615,35.51481730286365],[-119.04401393471646,35.515078590009544],[-119.0441027843863,35.51531874556373],[-119.04429229747018,35.515646097771324],[-119.04436444745886,35.51584597706541],[-119.04437896243722,35.51595206142288],[-119.0442219171626,35.51597381131278],[-119.04406084923217,35.51599612274831],[-119.04364892316538,35.51607077176211],[-119.04337906476245,35.51615267406524],[-119.04309812204725,35.51626376516766],[-119.04284056966539,35.516364800151905],[-119.04287724698013,35.51641251131621],[-119.04315298934817,35.51656250312254],[-119.04332236400003,35.51671429920138],[-119.04344691451587,35.51696352085631],[-119.0435010532831,35.51723326729815],[-119.04350692826506,35.51746516438439],[-119.04351379229215,35.51773571269744],[-119.04350956661705,35.51803544906848],[-119.04352751226149,35.518276815361915],[-119.0435205907422,35.518470259710355],[-119.04345629023248,35.51873234801861],[-119.04354172001601,35.518837234576054],[-119.04353332975126,35.518972707603226],[-119.04341710122823,35.5190520106003],[-119.04319720083316,35.51923940348611],[-119.04309401944133,35.51936681337722],[-119.04305286492323,35.519609181735106],[-119.04311735048591,35.51982075032394],[-119.04330320383333,35.52015593159408],[-119.04354546419411,35.52038382451997],[-119.04374883648622,35.520477047142634],[-119.04392660499613,35.520493365587015],[-119.04419843699772,35.52048875571274],[-119.04455055952111,35.52038612032081],[-119.0449277800752,35.52034105534649],[-119.04520182372903,35.52042340660348],[-119.0453692517317,35.52049790088419],[-119.04551254649424,35.52055346574784],[-119.04573661327555,35.520530335233865],[-119.04601560664662,35.5203419312608],[-119.04621309497361,35.52020325299642],[-119.04667921999476,35.519934342735404],[-119.04701803757048,35.51977392587972],[-119.04735587598255,35.51957485624857],[-119.04750534576434,35.51940798915052],[-119.0475831659191,35.51921333334057],[-119.04756619135348,35.51901062626407],[-119.04755012049306,35.518971460976026],[-119.04750316914642,35.51885703002292],[-119.0474637843094,35.51870303427342],[-119.04754062979208,35.51846973034744],[-119.04772236166899,35.51817664848579],[-119.04790679298334,35.51798984755899],[-119.04810721161482,35.51796711040625],[-119.04830862108803,35.51798302063764],[-119.04862722477323,35.51795827788671],[-119.04880303046421,35.51789728960536],[-119.04913197914821,35.517814367637484],[-119.04938830173644,35.517665015020626],[-119.0497768392665,35.517600405752134],[-119.05008166099859,35.51749856218333],[-119.05032517361089,35.5173107565068],[-119.05073217870653,35.51704283680601],[-119.05100203261787,35.5169609127446],[-119.05126081030177,35.5169081794417],[-119.05150850277506,35.51688462964304],[-119.05171039823686,35.51691986367229],[-119.05175052598061,35.51710284595983],[-119.05190046288635,35.517419289091954],[-119.05201076342684,35.517572079407486],[-119.05224885380805,35.517635691380434],[-119.05276984702843,35.51766549247566],[-119.05320885640275,35.51772568030084],[-119.05354272156629,35.51783599418632],[-119.05379263557327,35.51789940487851],[-119.0539704058798,35.51791571214824],[-119.05422917817381,35.51786296923617],[-119.05444067932093,35.51781103277018],[-119.05463001902999,35.517817469992515],[-119.05474993064568,35.51788309687429],[-119.05474084238998,35.518022594399845],[-119.05471053592723,35.51819309900785],[-119.05476126019806,35.51832756484489],[-119.05486421701107,35.518424085945995],[-119.05514983455903,35.51849655163991],[-119.05538785127838,35.51855693918077],[-119.05566952612058,35.51847480316462],[-119.05611239106408,35.518531697953186],[-119.05647712413742,35.51861569691416],[-119.05695118487577,35.51865916599827],[-119.05709103639582,35.518579450237034],[-119.05728931074873,35.51831829074102],[-119.05758081585505,35.51800398689591],[-119.05795341457703,35.51777851981761],[-119.05821603435538,35.51756781813466],[-119.05824195883616,35.517348265763886],[-119.05823083679465,35.517277405424956],[-119.05818547097446,35.516988343612205],[-119.05800457093753,35.51669498946101],[-119.05785781676278,35.51650416358482],[-119.05812240744491,35.516370762221015],[-119.05845101117583,35.51627492815776],[-119.05882426207471,35.51607522834105],[-119.05918010092843,35.51581137504284],[-119.05951688920987,35.51541896207108],[-119.05979328016157,35.515130683987785],[-119.0601346687156,35.51491863287812],[-119.06039958009627,35.51479811112099],[-119.06069897061415,35.514792994199624],[-119.06105314848291,35.514464721587764],[-119.06136203599,35.51421455257956],[-119.06149138800102,35.51434123193228],[-119.06169919347907,35.51445367753168],[-119.06193686973694,35.51450116900931],[-119.06228187850161,35.51443082677242],[-119.06270303565623,35.51425606588642],[-119.06315834585966,35.514183834005586],[-119.06338059265423,35.5142444741308],[-119.06388943975368,35.514416210794195],[-119.06438055051612,35.51451091517832],[-119.06469668024103,35.51454416504151],[-119.06504103143887,35.5144480480166],[-119.0655734700943,35.51431003958781],[-119.06601367871951,35.51426383271997],[-119.0662030911921,35.51427347508709],[-119.0663015977512,35.5144264534591],[-119.06646049265697,35.514475282318664],[-119.06698113822934,35.51449213575953],[-119.06739114998626,35.514497997062044],[-119.06792557032522,35.514437275965],[-119.06825614046828,35.51441871881408],[-119.06830969712723,35.514662684426106],[-119.06841481888007,35.515073325404636],[-119.06850120806433,35.51536828679328],[-119.0686527861921,35.51550107635346],[-119.068775359516,35.51560846414777],[-119.06938307250067,35.5159460327846],[-119.06959190205811,35.515752654740986],[-119.06995120840882,35.51535628865522],[-119.07036970205864,35.515078438652154],[-119.07072748307002,35.51489185718681],[-119.07126640576516,35.51439282478488],[-119.07165271906656,35.51408975002787],[-119.0721791803321,35.5137198183924],[-119.07269651201938,35.51360781853354],[-119.07351620046164,35.513606614233126],[-119.07411761535784,35.51369938406563],[-119.0748158946928,35.51388070288801],[-119.07527648968507,35.5140145485748],[-119.07563923209172,35.51402119376369],[-119.0763147894399,35.51393223315284],[-119.07703662080496,35.51380380191468],[-119.07783789558053,35.51369977891775],[-119.0784648522752,35.513560083766116],[-119.07970265887151,35.51326807860344],[-119.08057772395945,35.51296943368426],[-119.0810152493169,35.512820108614456],[-119.08156274463478,35.51265599074498],[-119.081853343341,35.51292163784646],[-119.08234701340369,35.51372510136629],[-119.0827441523026,35.51445289953404],[-119.08323617216011,35.51519194271921],[-119.0833316684647,35.515317720431234],[-119.08370945136417,35.51581531468601],[-119.08457733262478,35.5164576326036],[-119.08537919579685,35.51698509498961],[-119.08592395125315,35.51732366832107],[-119.08601208047409,35.51768302231145],[-119.08611454051878,35.518596350341866],[-119.08640376300596,35.51941622123174],[-119.08704976398464,35.520010807919796],[-119.08758279013828,35.52050423699293],[-119.08803837253124,35.52105056181148],[-119.08833704349857,35.521625379652534],[-119.08865381102733,35.52229010626058],[-119.08895316201934,35.5228906858852],[-119.0892146517171,35.523247038560285],[-119.08949390559957,35.52368041137752],[-119.08959981697156,35.52411679184593],[-119.0898029557017,35.52465459221457],[-119.08993565932704,35.525515833401826],[-119.09000031107804,35.52618492166197],[-119.09000765839876,35.52646834800229],[-119.09087743151134,35.52656926120926],[-119.09147996031851,35.52670058541397],[-119.091625662566,35.52673190380859],[-119.09203487572064,35.52681984864353],[-119.09262779345256,35.527086663206624],[-119.09313833746955,35.52731838926357],[-119.09366543653896,35.52737797401763],[-119.09433739254112,35.52734911962605],[-119.09490428338434,35.52732208489115],[-119.09528339489212,35.527349866793216],[-119.09561822215136,35.52743108279819],[-119.09581228789709,35.52747815572959],[-119.09581763466969,35.528491967264166],[-119.09598974918318,35.52945132512138],[-119.09615427472914,35.53011867208462],[-119.09623340642422,35.53073595396412],[-119.09624815586287,35.53130279250164],[-119.09637557290277,35.532159823921944],[-119.09690986118933,35.53330191587347],[-119.09730421890411,35.534721395132735],[-119.09742307230442,35.535043330346376],[-119.09768875443959,35.535762980394345],[-119.09797894531066,35.536410953780084],[-119.09827370860653,35.536570270120265],[-119.0985333899956,35.53671062771244],[-119.09921213187145,35.536939395412084],[-119.09955240112464,35.53708813613573],[-119.10119161451578,35.53786726074039],[-119.10225671999869,35.538398604282584],[-119.10304236139336,35.538694229932275],[-119.10382755632533,35.538972668484305],[-119.10459667860022,35.53944041591275],[-119.10539311325303,35.540148268914685],[-119.10643973589899,35.54144462057157],[-119.10737118464405,35.54275729296789],[-119.10810232794536,35.54349933621104],[-119.10937444389731,35.54331373303211],[-119.1101781261578,35.54316766885743],[-119.11108760031439,35.542811694838285],[-119.1111195318295,35.54279919718373],[-119.11186439599845,35.54246349065313],[-119.11257261519204,35.54209909005346],[-119.11317205648957,35.541692591516544],[-119.11347080920362,35.541452692505956],[-119.11361791282296,35.54132020610585],[-119.11378634873536,35.541168498233375],[-119.11413582841517,35.540810380204654],[-119.114372826445,35.54050586141311],[-119.11469129717952,35.540096656801296],[-119.11535899247232,35.53955695414663],[-119.11566130161657,35.539395043665465],[-119.11576433837966,35.539339858066256],[-119.1159252239521,35.53925368933488],[-119.1163686063252,35.53905524038145],[-119.11670629471861,35.538931982271066],[-119.11708254868549,35.53891071008374],[-119.11757027190099,35.53903413927536],[-119.11800689355327,35.539261129927596],[-119.11814246639763,35.53964007074694],[-119.11816850316782,35.53994760295412],[-119.11816251679477,35.54040236350168],[-119.11826685252176,35.54095785065253],[-119.11827687682202,35.54133899679003],[-119.11830406792734,35.5416905134182],[-119.11848053388009,35.54225939283928],[-119.11860705080807,35.54297582048278],[-119.11861669332433,35.543342308311296],[-119.1187281706578,35.54348701043362],[-119.11930011452449,35.54396827716588],[-119.12007981446186,35.54450210345105],[-119.1205200724944,35.544865906200286],[-119.1208920325142,35.545402354894314],[-119.12163382803816,35.54522887112618],[-119.12297838143967,35.54464221765275],[-119.12393531269439,35.54444601720847],[-119.12397972450371,35.54443691204369],[-119.12471892030327,35.54433727046769],[-119.1252673408859,35.54437090925307],[-119.12586987148966,35.54444689724524],[-119.12622372057504,35.54446952895091],[-119.12662976716828,35.544462362208286],[-119.12720740006566,35.54426451088589],[-119.12776889742388,35.544124682549054],[-119.12824365705154,35.54404411935335],[-119.12864855649617,35.54399366608092],[-119.12921463346572,35.5440269731676],[-119.12974654391178,35.544104190180086],[-119.13019476461099,35.54435610430065],[-119.13041463356497,35.544655362620226],[-119.13061990489561,35.54507036211076],[-119.13080943055594,35.545557818251716],[-119.1309763420273,35.545858012043006],[-119.1311417218711,35.5461004867678],[-119.13145085910983,35.545959179339235],[-119.13170017573714,35.54584521299534],[-119.13197874779836,35.5458041962403],[-119.13268492691793,35.54579170563032],[-119.13357890693248,35.54575663484638],[-119.1343065827368,35.54566676507032],[-119.13529114527135,35.5454953489102],[-119.13554224954609,35.54545767081111],[-119.13601830723934,35.54538622716911],[-119.13672192975359,35.54527751971108],[-119.13784873512351,35.545142055278326],[-119.13869307154052,35.54501159670424],[-119.13913724982096,35.544888229338],[-119.13944171941347,35.54482508629385],[-119.13976870797353,35.54472304776611],[-119.14033128510671,35.54455907992292],[-119.14091801434466,35.544548659103114],[-119.14146862232501,35.54459619563108],[-119.14202741036434,35.544644430895865],[-119.14267315262823,35.54478484525875],[-119.14292751239758,35.54484014990667],[-119.14347607581233,35.54509985991804],[-119.14458551315451,35.546080976519406],[-119.14496960043066,35.5464259277997],[-119.14523695882214,35.54666604874764],[-119.14578810848664,35.54702192964375],[-119.14649787817237,35.547144023418106],[-119.14708829768952,35.54713350864777],[-119.14720406627514,35.547131447501194],[-119.14742052342767,35.54712347554119],[-119.14821574625314,35.54709417216771],[-119.14915526636103,35.547000433752714],[-119.15014237921267,35.54692508991472],[-119.1508715830513,35.546892832880765],[-119.15153273950715,35.54695802009889],[-119.15207516832683,35.54698682943081],[-119.15294561068431,35.54695203691334],[-119.15374646055676,35.54695697490528],[-119.15448081353858,35.54711707794584],[-119.15536155508077,35.54746702485613],[-119.15614247493032,35.54760703447507],[-119.15675707889152,35.54769227403099],[-119.15727340177074,35.547625295977454],[-119.15771652003916,35.547463381319545],[-119.15862681705254,35.54715837981237],[-119.15897680967036,35.5470366288538],[-119.15947319893345,35.54710472714291],[-119.1598586031398,35.547425017829745],[-119.16025226196528,35.54805311680189],[-119.16051688229177,35.54826009274419],[-119.16112942461939,35.54826835841002],[-119.16219128538751,35.548345551604385],[-119.16323529752924,35.54863476869632],[-119.16407314990656,35.54913939869693],[-119.16505121402831,35.54960300924795],[-119.16607067611167,35.54985415694393],[-119.16725129236372,35.54996766079169],[-119.16810235895885,35.55008708092114],[-119.16856435981451,35.55019555382587],[-119.16908138966787,35.54964116120224],[-119.17079960000675,35.54814745039559],[-119.17274021614199,35.54675236008188],[-119.17434730488021,35.54579951984504],[-119.17664411739865,35.544808542556595],[-119.17854190994598,35.544158354315485],[-119.17960341138797,35.54393385830698],[-119.18066630252373,35.54376066081177],[-119.18152612230298,35.543757428622555],[-119.18245587862202,35.54375393256604],[-119.18421615526903,35.54382469570164],[-119.18603641781748,35.54379169917767],[-119.18725899078315,35.543718193548045],[-119.18910574644595,35.543505030934455],[-119.18917500116447,35.54349409686046],[-119.19057519262141,35.543273032940384],[-119.19128720719706,35.543260090947136],[-119.19252096688301,35.54323765479168],[-119.19409223529931,35.54328605241092],[-119.19522693596222,35.54344502763604],[-119.19602341373417,35.54386678355479],[-119.19723419361682,35.54451194611371],[-119.19796372084893,35.544780932620164],[-119.19887595822334,35.54484128283879],[-119.1999743921016,35.54482124090218],[-119.20113068646734,35.54462048942026],[-119.20234834564845,35.544367283118106],[-119.2040004390841,35.54392648539357],[-119.20524453748062,35.543493129100916],[-119.20671111443708,35.54315833695637],[-119.20783949994357,35.54308634963942],[-119.209097639008,35.54316594968849],[-119.2100412383656,35.5432256359683],[-119.21126588554125,35.543228836017654],[-119.21226943307104,35.543184758944626],[-119.21327227811824,35.543115022945564],[-119.2152444637475,35.54289915863041],[-119.21593347336707,35.542835167589],[-119.21790493854748,35.54259360617381],[-119.21966448216922,35.54263820692767],[-119.22041978835504,35.54270128006128],[-119.22180275192149,35.54275278378089],[-119.22384757981617,35.54289471011955],[-119.22511209691916,35.54320498767961],[-119.22737662129133,35.543342797308554],[-119.2308615204517,35.54332967332316],[-119.23532070182654,35.543349705399386],[-119.2402527437905,35.54343777235847],[-119.24399083131706,35.54349655353703],[-119.24587234369652,35.5434101824163],[-119.24687586787009,35.54336581891548],[-119.2471819140059,35.54289391558596],[-119.24798630952877,35.54171555512092],[-119.2488714950367,35.54043303622337],[-119.24996681625252,35.53918080453015],[-119.25166006510459,35.53685668244746],[-119.25311653601409,35.53505021429756],[-119.25436471276201,35.533281839619086],[-119.25524396399916,35.53179408695256],[-119.25588462090025,35.530755606845254],[-119.25657859371174,35.53012672322702],[-119.25714992492738,35.529602781736635],[-119.25795595987564,35.5284927648647],[-119.259379903687,35.5270289892957],[-119.2603883425435,35.52567564878476],[-119.26148808706375,35.524594313809786],[-119.26291958480836,35.52340409483055],[-119.26484340065116,35.52186244924777],[-119.26615700349785,35.52094813770674],[-119.26837254722915,35.51936674026163],[-119.26983796625721,35.5179020670663],[-119.27093941218664,35.51688905473613],[-119.27261098918251,35.51531781841112],[-119.27416377566011,35.51398832171693],[-119.27538479813363,35.512767713338306],[-119.27709513024747,35.51109303905334],[-119.27839005262786,35.50952883721958],[-119.27951762965057,35.50796779466996],[-119.28052355861414,35.506545903585824],[-119.28142839566725,35.50451001939435],[-119.28220675711484,35.50244230963454],[-119.28306775099219,35.5003388168247],[-119.28411340974581,35.498847708049944],[-119.28560546651697,35.49686910859015],[-119.28698751559845,35.49544003858759],[-119.28770821059469,35.49429722798033],[-119.29005783417038,35.49158375799475],[-119.29283806877075,35.489306874288395],[-119.29518253332174,35.487893628393635],[-119.29691044097412,35.48686846113579],[-119.30053629029418,35.48491745687709],[-119.30270355047726,35.483765772245675],[-119.3044098922746,35.48285896796316],[-119.30634564313426,35.48179548060363],[-119.30959083314929,35.47971462460603],[-119.31263074464717,35.47777448555338],[-119.3144049173333,35.476919266449926],[-119.3190936883318,35.475597430718814],[-119.32437642809114,35.47457191129731],[-119.3328411011981,35.4736557547644],[-119.33719407924846,35.47336619284945],[-119.34312196658693,35.47335383947605],[-119.34819715059984,35.473836821603655],[-119.35239748152725,35.4744393013398],[-119.35618581811588,35.47525497688123],[-119.36020424289318,35.47678456010218],[-119.36414821709636,35.47862340515862],[-119.36645587856847,35.48028894464275],[-119.36779938992424,35.481703916737175],[-119.37034429017471,35.48396349475517],[-119.37312499818722,35.48595173449136],[-119.37345301352165,35.48618626080055],[-119.37595325851936,35.48798467173645],[-119.37894703523916,35.489491021027334],[-119.38136075361035,35.490221254293765],[-119.3815747718369,35.49028599823019],[-119.38353188732897,35.49068358006361],[-119.38501333679326,35.49091091226136],[-119.38567869646633,35.49112870692013],[-119.38683038247464,35.49187576959443],[-119.38814496538332,35.492824886634715],[-119.39113438527403,35.49522916784874],[-119.39123131528982,35.49532670699802],[-119.39356024078303,35.49767021979215],[-119.39616985386992,35.49995359987855],[-119.3983520584261,35.501578219597256],[-119.39992543878162,35.502926099842846],[-119.40028420524483,35.50323343416174],[-119.40131456209595,35.50411107410865],[-119.40253771357669,35.505138835350124],[-119.40315121081346,35.50571682021957],[-119.40420152733184,35.50620911445537],[-119.40475002247467,35.506711406540354],[-119.40498334100509,35.507168660409405],[-119.40499482237271,35.50755335646091],[-119.40497263578186,35.50786173559447],[-119.40475997221475,35.50809693067031],[-119.40451440156214,35.50828145846909],[-119.40445019986714,35.50833107424162],[-119.40390086300287,35.5087555982621],[-119.40388250503173,35.509192211967864],[-119.40390642447281,35.50932502051794],[-119.40410817350921,35.510445124468156],[-119.40418008544432,35.51075162784837],[-119.40399724145308,35.51093490498835],[-119.40366521783588,35.511377773475296],[-119.40355657378879,35.51194449208287],[-119.40348830003056,35.5125009557377],[-119.4034555833879,35.51276767385262],[-119.40372410958926,35.51335253496046],[-119.40467812850584,35.51376975399801],[-119.40573260781727,35.514051627230174],[-119.40619677630772,35.51417570083139],[-119.40702611445276,35.51462105214402],[-119.40798749775803,35.51560950170674],[-119.40802992608721,35.51565312889342],[-119.40883712165882,35.51640684757286],[-119.40915617090835,35.5165800997367],[-119.40943077870422,35.516606594822534],[-119.40981720429504,35.51664387408665],[-119.41048591198916,35.51696410506751],[-119.41157004199317,35.51700657918223],[-119.41259020925399,35.51753360730053],[-119.41306052222102,35.51786635162733],[-119.41324523111476,35.51844431215065],[-119.41329771698186,35.51882855715837],[-119.41335243336584,35.51922911829705],[-119.41362182644146,35.51983959868681],[-119.4148451261442,35.519706626934685],[-119.41516528660979,35.51967182697138],[-119.41604259838427,35.51962002986385],[-119.41667203802238,35.51967584246501],[-119.41688834335964,35.51991101390109],[-119.41699251020334,35.5205932312651],[-119.41735943606429,35.52113326986791],[-119.41747414373955,35.52130209356142],[-119.41799248153994,35.521839139252116],[-119.41850774530546,35.522273601012316],[-119.41922701826861,35.52253289057616],[-119.41988164127741,35.522564282978784],[-119.42023292297769,35.52258112887233],[-119.42141538796261,35.52293375053622],[-119.42205513397194,35.52333148295654],[-119.42229079980021,35.52381727558536],[-119.42236746112826,35.52397529434802],[-119.42305007833625,35.52440637047138],[-119.42467930515636,35.52430518110909],[-119.42584351547636,35.524231572813974],[-119.42626670641681,35.52420481192687],[-119.42851922211027,35.52395416734216],[-119.43023002494132,35.52378282907104],[-119.43144405403035,35.52379256168419],[-119.43232759202806,35.52394581070578],[-119.43356331183796,35.52467360028598],[-119.43445719573278,35.52516878019848],[-119.43551013443347,35.52538701785982],[-119.43688529074177,35.52518815004406],[-119.43814012310764,35.52516277710993],[-119.43961756698408,35.5255776771295],[-119.44077178624148,35.526375473027606],[-119.4419678571097,35.527172409280425],[-119.44285663767538,35.527496549754446],[-119.44378517228566,35.52775144546988],[-119.44502001354321,35.52844492197717],[-119.44566717784019,35.52908187660385],[-119.4460288126241,35.52996412259938],[-119.44665909847524,35.53142257378214],[-119.44740243371159,35.53246814362323],[-119.44882445692488,35.53380785731785],[-119.4503741100788,35.53521338650283],[-119.45227097556476,35.53702241092343],[-119.45347566217484,35.53809276713944],[-119.45594885710267,35.54095065435769],[-119.459018393242,35.54413846643445],[-119.46116876869102,35.547379181592156],[-119.46175555272617,35.54876999626811],[-119.4619272396416,35.54973602135336],[-119.46306410075277,35.55048820811581],[-119.46412685534462,35.551013917833124],[-119.46672209628525,35.55236362390346],[-119.46960716248267,35.5536046870905],[-119.4737246597577,35.55543624685198],[-119.47648147438032,35.55709462676689],[-119.47847063637182,35.55846507798845],[-119.47987519543767,35.559206006103544],[-119.4826836092902,35.56066216219142],[-119.48665048154997,35.56301813719752],[-119.49094097099253,35.565675218445065],[-119.49205891987205,35.56623048812486],[-119.49442560335329,35.5676559828904],[-119.49736010653572,35.56910917442915],[-119.49962282619249,35.570165664880825],[-119.5016893043839,35.570969574440184],[-119.50315365082346,35.571430987981],[-119.50434373082703,35.57183383871178],[-119.50696277263116,35.57272035132437],[-119.51006693972298,35.57422956905754],[-119.51359936515178,35.576037696404065],[-119.51620051071879,35.57723998313626],[-119.51721137502653,35.577707193864946],[-119.51755569119013,35.57785776296051],[-119.52154253659192,35.57960102916605],[-119.5270501210736,35.581606881838944],[-119.52900876729488,35.58262641330595],[-119.53109626067403,35.58374584157175],[-119.53219606538144,35.58453013952321],[-119.5337527271912,35.5856401864602],[-119.53699424219839,35.58748793393337],[-119.53874818302769,35.58864846441258],[-119.5405245817391,35.58919264336096],[-119.54221728351718,35.58973856819288],[-119.5423565080132,35.58978190303083],[-119.54530541478287,35.59069976242308],[-119.5484860051492,35.59193262961401],[-119.55243537014239,35.593628109762896],[-119.55397927587514,35.59475864877513],[-119.5552291073198,35.59586118722515],[-119.5570264403706,35.59705473528298],[-119.55935013138064,35.59898976943695],[-119.56142929647878,35.60113523947167],[-119.56211233679328,35.60235667587453],[-119.56213443175601,35.60241106139029],[-119.56245331930883,35.603196201957594],[-119.56253001926441,35.60363079477623],[-119.56284891130882,35.60377797141476],[-119.56363878826005,35.60391511740455],[-119.56426557786807,35.604087814585576],[-119.56458975829453,35.60417713386802],[-119.56567369516077,35.60466724984494],[-119.56666590595165,35.605236290622116],[-119.56793146240538,35.606492313518366],[-119.56891610309336,35.60780563966678],[-119.56964028265459,35.60912669459935],[-119.56975033346342,35.609327446607445],[-119.57033257022661,35.6108289698532],[-119.57093555627624,35.611996459185306],[-119.57171054993982,35.61264707411094],[-119.57302596379017,35.61349141442863],[-119.5749429874711,35.614476839924166],[-119.57775003318945,35.615776759295464],[-119.58079777619996,35.61686297004548],[-119.58402316105791,35.618217922801136],[-119.58578153686979,35.61939260745635],[-119.58735339997077,35.620629004356715],[-119.58861663068625,35.62179504136034],[-119.5901699938823,35.623185763833014],[-119.59092066026967,35.623804692570474],[-119.5916037787376,35.62452129502567],[-119.59194037298296,35.6247257469957],[-119.5924164360661,35.62486945291419],[-119.59262966826678,35.624903349963255],[-119.59281561953058,35.624822370004594],[-119.59391211933608,35.624471583930585],[-119.59528877044099,35.624037776844126],[-119.59589558331372,35.6238514869189],[-119.59619743252054,35.62371026551676],[-119.59650052769068,35.623607504518745],[-119.59717550742212,35.62334276230114],[-119.59764036492041,35.62314028493268],[-119.59803828894684,35.62305471819764],[-119.59797437561103,35.62253648768261],[-119.59781997946818,35.62213567015062],[-119.59778460201568,35.621770782655986],[-119.59819922662159,35.62147315964317],[-119.59856861386642,35.621234251636],[-119.5992125397368,35.62073923068834],[-119.59987917322094,35.620308664584726],[-119.60043089421393,35.61987817429858],[-119.60074231497009,35.619669373761354],[-119.60090953456361,35.6198349083343],[-119.60125032034811,35.62022537315672],[-119.60192357351758,35.61982923656184],[-119.60268887974917,35.61951229286608],[-119.60364270552796,35.61918315208141],[-119.60469878384059,35.618941097897064],[-119.60528995524757,35.61877404766692],[-119.60562383747914,35.61864503731284],[-119.6058962551823,35.618460525403016],[-119.60635192920344,35.61810155081475],[-119.60680108864211,35.61784825760936],[-119.60718792476302,35.6176277741868],[-119.60726665940274,35.61771087480151],[-119.60750452430682,35.61796191632981],[-119.60858222147507,35.61899809007633],[-119.60896142011944,35.6194222056928],[-119.60923055268361,35.61967212238949],[-119.61029965926284,35.62067193398456],[-119.61147457750101,35.62194345297555],[-119.61162033274913,35.62206816723974],[-119.61170257890329,35.62230385614872],[-119.611849199229,35.62268429768609],[-119.61185996823264,35.62272485301712],[-119.6120276783063,35.62335632225763],[-119.61276286312805,35.62555074564672],[-119.6133681425766,35.627419167931215],[-119.61390689369354,35.62907591056572],[-119.61473306707383,35.63144404902222],[-119.61474602257685,35.63148117923513],[-119.61483222131827,35.63175751818909],[-119.61508750455569,35.63257590237362],[-119.6152626526799,35.63311828292864],[-119.61586044287392,35.634969406010846],[-119.6169903204821,35.638509042441946],[-119.61729333390552,35.63953738722251],[-119.61767256129596,35.64082432922273],[-119.61792445608818,35.6415333115193],[-119.61793311315256,35.64155951781762],[-119.61862162420712,35.64364394263073],[-119.61802246677725,35.643774249314504],[-119.61739668507896,35.643833564237475],[-119.61697637503563,35.64395817135055],[-119.61667511692023,35.644118678370596],[-119.61661370988406,35.64425025450934],[-119.61652086540617,35.64444919404845],[-119.6164231412797,35.64506715295575],[-119.61634019982951,35.64541536298023],[-119.61618155106211,35.645611255500334],[-119.6156082291798,35.64610483617844],[-119.615048419756,35.64629020481586],[-119.61358729916661,35.64703399497714],[-119.61279438321475,35.64730139254122],[-119.61256315775894,35.64744112397039],[-119.6118167305214,35.64768826162105],[-119.61144288583613,35.64779259616827],[-119.61073918606671,35.6479040887965],[-119.60986680514486,35.64790376249396],[-119.60918228171181,35.64788011248907],[-119.60821502611955,35.64786258558111],[-119.60715665620462,35.64794325458479],[-119.60632888921302,35.64786495656829],[-119.60550488256919,35.6479020419231],[-119.60421900891869,35.64823778904855],[-119.60328342792332,35.64846972025013],[-119.60229822309333,35.64862573906934],[-119.60087776025371,35.64869449555251],[-119.60017769416964,35.648671567728314],[-119.59975359233748,35.64868073039104],[-119.59944604332019,35.6486488807898],[-119.59915893906044,35.648520369771774],[-119.59863373363967,35.64832001471985],[-119.59805953949322,35.648062984119214],[-119.59789274390451,35.64800885010157],[-119.59765712838191,35.64801393296897],[-119.5971964929655,35.64835103884563],[-119.59685365632718,35.648685595682785],[-119.59633540656168,35.64942808317625],[-119.5957843691866,35.65032351999842],[-119.5956372799403,35.65056254618674],[-119.59516532844621,35.65152214024984],[-119.59459414096102,35.652329905749376],[-119.59413864839958,35.65282726103509],[-119.59325813952103,35.652820573339355],[-119.59244212608661,35.65286382072062],[-119.59097381178842,35.653152033320005],[-119.59048203806927,35.653558874197095],[-119.59017767447794,35.65381066446948],[-119.58979409834322,35.65458871432224],[-119.58967922358131,35.6553965466182],[-119.58958913782969,35.65603007739592],[-119.58924938420945,35.65719207768263],[-119.58864755608822,35.659001212793335],[-119.58800794841939,35.66024984859223],[-119.58794603203845,35.66036674238377],[-119.58700773453764,35.662138102820784],[-119.58617181802983,35.664003580190155],[-119.58578176144859,35.665801731915224],[-119.58571172339914,35.668016399215986],[-119.5857378221531,35.67028673027661],[-119.58570284714584,35.67224358404672],[-119.58567897980707,35.673578864568334],[-119.58535835491247,35.67533703384398],[-119.58496823185597,35.67640388485789],[-119.58458615860266,35.67698943276897],[-119.58421899109491,35.6773052203159],[-119.58419601488488,35.67732497952604],[-119.58404157202965,35.67765546067514],[-119.5840638673167,35.67770690896227],[-119.58434736933215,35.67836095058512],[-119.58453160301715,35.678953579735044],[-119.58430582674184,35.67926634951068],[-119.58370680226261,35.67993446721912],[-119.58353171342722,35.68012974531399],[-119.58291080239442,35.680624197692325],[-119.58231965344528,35.68131045550346],[-119.58199895488885,35.681606012488345],[-119.58170554535413,35.6820164501376],[-119.5816887917741,35.682228501161774],[-119.58191023996632,35.682512423854824],[-119.5819896357661,35.68278014990461],[-119.58156904365177,35.68363594625434],[-119.5811875354388,35.68424072359154],[-119.58095739245293,35.68441886262544],[-119.58096978830552,35.68480349500999],[-119.58107523255354,35.685147636936016],[-119.58150077618174,35.68517700067966],[-119.5824864849666,35.68502112843024],[-119.58299984340539,35.68499907128717],[-119.58338161572304,35.68498266669349],[-119.58411422058332,35.68502466720386],[-119.58454162911403,35.6851117085816],[-119.58451690298584,35.68946157264116],[-119.58452255698224,35.69005209543546],[-119.5845467522061,35.692578589254936],[-119.5846243109511,35.692788616822575],[-119.58495932056832,35.692935378325004],[-119.58536227066881,35.69304079041859],[-119.58543516715747,35.69305986066506],[-119.59091592884307,35.69548225850838],[-119.59627788204415,35.697868466110236],[-119.59663402183348,35.69793776088855],[-119.59684820894327,35.69872217028273],[-119.59728956831037,35.699963545445605],[-119.59808037142467,35.70179396130662],[-119.59855706153186,35.70266892288745],[-119.5986818177619,35.70287791865612],[-119.59851990002518,35.70297763933667],[-119.59805147262198,35.70308398137216],[-119.59779773987671,35.7032626670107],[-119.59733381842295,35.70423491922674],[-119.59703306156752,35.7051459126923],[-119.59670123557966,35.70582664328031],[-119.5964965212045,35.706061999720575],[-119.59619249537975,35.70614553938935],[-119.59561239570863,35.706446729061426],[-119.59527119310582,35.70683898514228],[-119.59475195339688,35.7075622442878],[-119.59455097242005,35.707912984953204],[-119.59405281167923,35.7085588069908],[-119.5930426480574,35.70869605618262],[-119.59243643975084,35.70892081581245],[-119.59244890207879,35.70930544090738],[-119.59240922169606,35.70953723553178],[-119.59189234545461,35.709606109505636],[-119.5918355979798,35.71222461193518],[-119.59168194294708,35.714036925376995],[-119.59152446827778,35.715936523342506],[-119.59152423022424,35.71674841785005],[-119.5915537335931,35.71736891462151],[-119.59156588240901,35.71762435744418],[-119.59643826725497,35.71764916176043],[-119.60131029007985,35.71766295441263],[-119.61036454547411,35.717704924583195],[-119.61907282461814,35.71772127139158],[-119.62476826209708,35.717748645888086],[-119.62540495293618,35.71773474895437],[-119.62603618920485,35.71789765158507],[-119.62610110236558,35.71791440532736],[-119.6260365673956,35.71825416763121],[-119.62597502381549,35.718521858299766],[-119.62578257144395,35.71998060756308],[-119.62544008874187,35.722649596955335],[-119.62521330096354,35.724604261165446],[-119.62474390876973,35.72764739345541],[-119.62433217224746,35.73090589771303],[-119.62396128751105,35.73348265862418],[-119.62361161199851,35.735935160871485],[-119.62315430304355,35.739349395708956],[-119.62256641228393,35.74379806693153],[-119.62216629996148,35.74664367350551],[-119.62148832973843,35.75143472701139],[-119.62110350135218,35.75438837244662],[-119.62108396838465,35.75453832000251],[-119.62051612173398,35.758831800217656],[-119.61995412131921,35.762918833726296],[-119.61953296326622,35.76589898951316],[-119.61897324547057,35.77005817626412],[-119.6185913527787,35.773015125105374],[-119.61830886226622,35.77520824841376],[-119.61828459607545,35.77549761864551],[-119.61827669539255,35.775582750830345],[-119.61823471711931,35.77603513733958],[-119.61820215319025,35.776586023799254],[-119.61772113320339,35.776844083275805],[-119.61700372244782,35.77729813811801],[-119.61691088695308,35.77735689607202],[-119.61588676441006,35.778039404318406],[-119.6149998765947,35.77887725460408],[-119.61472433455096,35.779137555666274],[-119.61387191688965,35.780186923121086],[-119.61300673776141,35.78186850824282],[-119.61215218749963,35.78387588635807],[-119.61174489943461,35.78610176258057],[-119.61136798071446,35.78803355354599],[-119.61104436353168,35.789149097674326],[-119.61047121682084,35.78997663149352],[-119.60950457747285,35.79100832908148],[-119.60887862419632,35.79144576514185],[-119.60772216633723,35.79156867774167],[-119.60629004246687,35.79182797321991],[-119.60434018626061,35.792163676936546],[-119.60242498526142,35.792335588728285],[-119.60134916647041,35.79237401175856],[-119.600106703906,35.792418375540024],[-119.59782946028768,35.792532837100374],[-119.59676328131803,35.79260472952897],[-119.5959012301236,35.79284139465419],[-119.59538574537254,35.79293429103911],[-119.59480783130248,35.79316481117493],[-119.59448461566662,35.793512471500506],[-119.59411500474131,35.79398243002217],[-119.59349847030056,35.79471301325824],[-119.59285583620755,35.79548371703298],[-119.59261258680166,35.7957754405259],[-119.59191393646249,35.796442584984256],[-119.59087733811677,35.79656274950568],[-119.58923558069678,35.79653293353685],[-119.58786953510213,35.79636674105513],[-119.5867634763237,35.796390556138284],[-119.58671602551375,35.796399380504575],[-119.58547957537357,35.79671162371104],[-119.58381576610996,35.7972364667594],[-119.58284666627641,35.79813699505749],[-119.58061903481463,35.79965322135354],[-119.57637682353035,35.80292572371013],[-119.57339963959217,35.80474126306959],[-119.57027266786852,35.805838629491014],[-119.56878894386993,35.80690079724072],[-119.56320913753437,35.814336058896274],[-119.56042381577453,35.81820806484482],[-119.55754174276368,35.820366832184526],[-119.55525691197448,35.82223974048387],[-119.54881833688854,35.82728239144245],[-119.5444622901932,35.83054333895061],[-119.54215790218197,35.83267876773474],[-119.54051728202913,35.8348001198212],[-119.53926335696167,35.83714511576172],[-119.538590761359,35.83986423088959],[-119.5384416338353,35.844117935351434],[-119.53816422778736,35.84798939930031],[-119.53799835926006,35.85479687508012],[-119.53798489531059,35.8557874961407],[-119.53798345800611,35.8565316345642],[-119.53825373322735,35.858308249163734],[-119.53860857045952,35.85938753661529],[-119.53930996425355,35.86128544966112],[-119.54010841382755,35.86287699944553],[-119.5408819297625,35.863686591201834],[-119.54046330765357,35.86395627783395],[-119.53950960135074,35.86419381062617],[-119.53764306837866,35.864276748918975],[-119.53416853487832,35.86417624903616],[-119.5301603176576,35.864086897661664],[-119.52577850727988,35.86400526812062],[-119.5223697502213,35.864294284278735],[-119.51882333443025,35.86556769323077],[-119.51636987728584,35.86735800085065],[-119.51206607481076,35.8697521302384],[-119.50934819856248,35.87163478073763],[-119.50693778060162,35.87289690687093],[-119.50496490506623,35.873850995609075],[-119.50061355566147,35.87560450432916],[-119.4975945335872,35.87641723282746],[-119.49474881539587,35.87675314221612],[-119.49424187272486,35.876812976643],[-119.48862989861728,35.876701219875265],[-119.48297787851264,35.87659002051199],[-119.48089912214797,35.87673080992894],[-119.48048171456132,35.87719245831814],[-119.4803774830389,35.88055625250547],[-119.48015397950127,35.886233955950615],[-119.48007536254086,35.88863374396981],[-119.48005137213288,35.88936604972002],[-119.47848182129545,35.89171334782173],[-119.47837245500284,35.8933458007252],[-119.47831370877653,35.894031694285566],[-119.4778606497512,35.8944257141649],[-119.47693759755907,35.89515737980577],[-119.47584569622956,35.89609206094305],[-119.47434517104021,35.89740571563207],[-119.47136686241127,35.899944482590755],[-119.46916348725878,35.90186656751609],[-119.46623090916601,35.905538693216535],[-119.46443630070547,35.908018856064835],[-119.46284920756716,35.91017604508853],[-119.46084859295408,35.91163349071373],[-119.45805721385429,35.91285923099839],[-119.4552720484013,35.91288083500019],[-119.44787137674777,35.912854973349084],[-119.44604649955373,35.91296300858338],[-119.44331243207078,35.91323116328411],[-119.43867077770891,35.91375050212468],[-119.43586592837143,35.91455108789527],[-119.43346339312723,35.91569754789304],[-119.43108679314354,35.91769328747521],[-119.4291425909337,35.92028853456181],[-119.43215092485268,35.92272567696431],[-119.43450724267389,35.92460083453614],[-119.4393824122972,35.92852831477665],[-119.44208665840769,35.93066184622492],[-119.44622686688973,35.934030295769375],[-119.4466410692875,35.93432993979999],[-119.44703664781271,35.934449363735524],[-119.44723691103565,35.93444874475559],[-119.44765056546106,35.934447463881796],[-119.45009285115658,35.93442948582238],[-119.45765500216899,35.9343810555271],[-119.46364920314174,35.934321855225996],[-119.47344936475069,35.93429500774282],[-119.47309236707027,35.93501399141041],[-119.4722219435774,35.93547543956334],[-119.47029555855288,35.936069648148134],[-119.4688341154683,35.936617419877166],[-119.4676900130376,35.937046232742794],[-119.46542016614737,35.93822427423126],[-119.46348323040984,35.93951453225482],[-119.46115022117536,35.94102129701066],[-119.45949934226196,35.94251046700553],[-119.45919132432407,35.94278830633428],[-119.45741528673541,35.944551538744705],[-119.45653276832557,35.94561167379263],[-119.45553308624649,35.94643601320628],[-119.45424432541063,35.94738535541513],[-119.45277073171351,35.948278910706854],[-119.45154773743795,35.948988692161635],[-119.44970722776131,35.94985994311989],[-119.44809634543763,35.95105397678424],[-119.44703800247217,35.95235581747107],[-119.44557719539482,35.954856776591775],[-119.44515731294955,35.95549057524429],[-119.44434036616553,35.95631110018794],[-119.44323063148099,35.95713758430484],[-119.44147128099706,35.958275012379985],[-119.43923244395042,35.95930307803604],[-119.4371362782355,35.96020910895378],[-119.43469970941845,35.96076473996118],[-119.43393661304246,35.96095886382134],[-119.43260071850199,35.961581429889115],[-119.43115773310154,35.962295472598015],[-119.43008801926122,35.963240120623006],[-119.4291939907376,35.96394301667161],[-119.4280528482558,35.96494863789709],[-119.42665911478741,35.96607845380352],[-119.42559294210595,35.96714208429439],[-119.42503973170619,35.968067782765836],[-119.42426577200351,35.969253042869376],[-119.42349690215521,35.97045950920727],[-119.422844822277,35.97089447075413],[-119.42216621604672,35.97126049490091],[-119.42115129674379,35.97160849177034],[-119.41941428286937,35.972298560885044],[-119.41604452347389,35.97349787792539],[-119.41297838116972,35.97504827503667],[-119.41154764878976,35.976178663936395],[-119.41026692338414,35.977425113394425],[-119.40955830623689,35.97821346448018],[-119.40839005978629,35.979546956271385],[-119.40702291106042,35.98156921343859],[-119.40578044759773,35.98287439717135],[-119.40457635746901,35.98423834427082],[-119.40356341176472,35.98586641299686],[-119.40253818339558,35.98829859360477],[-119.40191565000536,35.99072270038559],[-119.40147976227667,35.99326216034221],[-119.40142999471163,35.99403725904993],[-119.40122925178835,35.994666518286],[-119.40088746078904,35.99547724227287],[-119.3991179773087,35.99753724467045],[-119.39721275389735,35.999957217210444],[-119.39581557628816,36.002218137237705],[-119.3950414665668,36.003275667484274],[-119.39379487624367,36.0044617265118],[-119.39195872339617,36.00554043544741],[-119.39040470353167,36.00625622277463],[-119.38640957476463,36.00743742704742],[-119.38454903625046,36.007712638429965],[-119.38090743766686,36.008469807586934],[-119.37639395403141,36.00948233520379],[-119.37174188460217,36.010765401398864],[-119.36960692604005,36.01167104939834],[-119.36747903991416,36.01281471382941],[-119.36650619500419,36.01336984225082],[-119.36531446659205,36.013959059952455],[-119.36422549107542,36.01430804708156],[-119.36215293757776,36.01485505741139],[-119.3595300779337,36.01538308778633],[-119.3574869963639,36.015691246347025],[-119.35478284277985,36.01595281523881],[-119.35192774438035,36.01606841151591],[-119.3487090133437,36.01628039074656],[-119.3449880638761,36.016859389629495],[-119.34243649902454,36.01732611124611],[-119.33855077877092,36.01853337779123],[-119.33507575838372,36.02000047749252],[-119.3325075666146,36.0211521069194],[-119.32940679515453,36.02183244138825],[-119.32689557094744,36.02238335844267],[-119.32254138556135,36.02264718574344],[-119.31981561491833,36.02301755571339],[-119.31619515908325,36.02398739656798],[-119.31162095113125,36.02576949426022],[-119.31020522510809,36.026379031986956],[-119.30742647632117,36.02717359578618],[-119.304377919437,36.02765569293249],[-119.3003416550165,36.027786158677316],[-119.29531926858608,36.02761778719595],[-119.29171704136475,36.02707428800926],[-119.29052592919693,36.02676209753781],[-119.28933675469517,36.02651685210613],[-119.28773030016754,36.02610091725307],[-119.28495639419835,36.0252382844814],[-119.28284192530953,36.02436302611152],[-119.27882022437637,36.023122057546765],[-119.27757744560499,36.02276233990842],[-119.27595994629093,36.022594566534636],[-119.27439813443965,36.02266391150108],[-119.27268934383481,36.02275897746961],[-119.27099493615601,36.02310372114861],[-119.26863286911704,36.023610120359145],[-119.26848141136351,36.023642588461115],[-119.2658285569721,36.02411704159634],[-119.2621386514841,36.02485665730272],[-119.25937772796738,36.02540000032965],[-119.25675158498096,36.02585142546841],[-119.25374266356376,36.02637697887206],[-119.25144425923062,36.0267551332546],[-119.24980016439426,36.026942317948865],[-119.24757970059015,36.027162616889825],[-119.24437199367866,36.027468365359866],[-119.24231967832603,36.02772739746498],[-119.2393865208199,36.028097546674594],[-119.23927408228906,36.02811469046182],[-119.2362432060463,36.02857679178341],[-119.23317675292505,36.02902102976785],[-119.23142411555122,36.02926208794997],[-119.23010774769007,36.02937591242997],[-119.22879220358404,36.02951948102972],[-119.22693298559334,36.029881554294036],[-119.22478735684224,36.030487110381436],[-119.2233543741825,36.03122663868101],[-119.22062195151479,36.032566624379136],[-119.2181955615082,36.03372391580803],[-119.21597907454586,36.03459919149217],[-119.21555133184182,36.03488518996034],[-119.21548632435798,36.03589762809091],[-119.21538949764846,36.03688537843876],[-119.21520637607777,36.037015169315715],[-119.21455659409004,36.037153582463425],[-119.21321954970603,36.03720356089359],[-119.21169866869235,36.03735804112811],[-119.2096199033445,36.03759863214161],[-119.20670112876437,36.037854658492066],[-119.20327751626593,36.037867084346274],[-119.20053833557236,36.0378668439068],[-119.19848219429494,36.037803456484745],[-119.19691357141717,36.03784937172856],[-119.19424045193128,36.0379578890528],[-119.1927023681799,36.03801581526177],[-119.19057801872128,36.0380844333281],[-119.1885961160156,36.03800155018127],[-119.18444910549022,36.03783900885743],[-119.180889178139,36.03769541692208],[-119.17722098313476,36.03761323725286],[-119.17643840230028,36.03762745300806],[-119.17612174706095,36.037633199601096],[-119.17495251066691,36.03777352355805],[-119.17350076938739,36.03830603041882],[-119.17248894028901,36.03882832493339],[-119.17194644679063,36.03910834582048],[-119.17040107860062,36.04023799602351],[-119.16920984605852,36.040914605706796],[-119.16776290537591,36.04162560168111],[-119.16666768836464,36.04179427662216],[-119.16465882811559,36.0420687738563],[-119.16242764830844,36.04225792909973],[-119.16037642710384,36.04232469633079],[-119.15839685552632,36.042330588579794],[-119.15579028233833,36.04219885908366],[-119.1538416783836,36.04199569720098],[-119.1533319051211,36.042011879887845],[-119.15168051506632,36.0420642892821],[-119.14938086207495,36.04243307601645],[-119.14723476170836,36.042883993149296],[-119.1456625608408,36.04321429600451],[-119.14376997043729,36.043724560855544],[-119.14172834503658,36.044148136772],[-119.14008415857207,36.04435615596969],[-119.1387298997722,36.044439882248724],[-119.13763055140899,36.04445949567474],[-119.1344408108032,36.044456797312705],[-119.13117536916839,36.04436604004928],[-119.12805971442073,36.04439162621255],[-119.12655771868924,36.04440008157114],[-119.1231476294291,36.04441920399934],[-119.11966550696125,36.0444510642918],[-119.11743172203977,36.044550098119714],[-119.11676091318621,36.04458098070382],[-119.1142825772,36.044695023463994],[-119.11329314040671,36.0447124745121],[-119.11211888422687,36.04467362838362],[-119.1106602986832,36.04458647765438],[-119.10880724672859,36.044319275877776],[-119.10780766256588,36.04415435937164],[-119.10650150765119,36.04392964382399],[-119.10524279725823,36.043678010576116],[-119.10446332728954,36.0433397328611],[-119.10363261202723,36.04288503038701],[-119.10279878679731,36.04231305056664],[-119.10141914789577,36.041737603271095],[-119.10039690552665,36.04143691052197],[-119.09929282753343,36.04127760210596],[-119.09808059417664,36.041187175309275],[-119.0968970278572,36.04114089156138],[-119.0959327402986,36.0410684343681],[-119.09494156346864,36.041018772910746],[-119.09298905902891,36.041008217967565],[-119.09125878162084,36.04108308459732],[-119.09068162842384,36.04109316012404],[-119.08922499941085,36.04111855704107],[-119.08746723086011,36.0411938499466],[-119.0859018374258,36.0412657673302],[-119.08455117637865,36.041289263277044],[-119.08447268787734,36.0412906310348],[-119.0830166373794,36.04133827881981],[-119.08167110661086,36.0414063158001],[-119.08046828669994,36.041672843949975],[-119.08022269089452,36.04174410571268],[-119.07988642633086,36.04150429731619],[-119.07916479798502,36.04124883850603],[-119.07884023038466,36.041137919969344],[-119.07758677154287,36.04070955120403],[-119.07655206504916,36.04044639600513],[-119.07555222127331,36.04019209960559],[-119.07378828938141,36.03977042224447],[-119.07198359553517,36.03936617234035],[-119.07069860672522,36.039120401743496],[-119.06947896855553,36.039007481176085],[-119.06840668643181,36.03900924340473],[-119.06766683037057,36.03910575260188],[-119.06688355873162,36.03911925985582],[-119.06618259972215,36.038994569545046],[-119.06521251713167,36.03869864745678],[-119.06412435998026,36.038092114293974],[-119.06280936564316,36.03722149884335],[-119.06236323801855,36.03698352684352],[-119.06186505751482,36.036858110370694],[-119.06079323802345,36.03687654671801],[-119.0596132317275,36.0369638207539],[-119.05837477205598,36.03691810185139],[-119.05738132877653,36.03677883765996],[-119.05635983380571,36.03661771903819],[-119.05544151124359,36.03659159933949],[-119.05459946373392,36.036723273565066],[-119.05352181327807,36.03731119506876],[-119.05338100684884,36.03744759554861],[-119.05317271089066,36.03736742341195],[-119.05295032036565,36.03753871381986],[-119.05244327887993,36.03786562427584],[-119.05211000480784,36.037737339910414],[-119.0515907884551,36.0375954926162],[-119.05109348560538,36.03750351289239],[-119.05047207960084,36.03739690248829],[-119.05026249096697,36.03726650278348],[-119.05007394087704,36.03715248703743],[-119.04976301868587,36.03709081118967],[-119.0488968756653,36.03708887022115],[-119.0479860360695,36.036953697482076],[-119.04738308505416,36.036763017104384],[-119.04665602998571,36.036557701904094],[-119.04604400329106,36.03641462048265],[-119.04474481391308,36.0361464822248],[-119.04382923031427,36.03582712595972],[-119.04307855584203,36.03550494987082],[-119.04223736532514,36.03487167253659],[-119.04209360972686,36.03462847982637],[-119.04205690636097,36.03427179674661],[-119.0416406378381,36.03412256623561],[-119.04108754152439,36.03399800095183],[-119.04044739666307,36.03369625945195],[-119.03945772630779,36.03340084993859],[-119.03748070594567,36.032853213566725],[-119.03837860800478,36.03358673667047],[-119.03946009336859,36.03478729682377],[-119.03995310766113,36.03561476346019],[-119.0406966962224,36.03701261380159],[-119.04110221819951,36.03777191094105],[-119.04170422418717,36.038667168373664],[-119.04262816930468,36.03957434944913],[-119.04378157468844,36.040233819330766],[-119.04493140477739,36.04075402507504],[-119.04623352176486,36.041358694205634],[-119.04688683772493,36.04174805424599],[-119.04739194334118,36.04220959327901],[-119.04789750170836,36.04268853897454],[-119.04812716140066,36.043276675250816],[-119.04830673642257,36.04358705484766],[-119.04863227959333,36.04373821186067],[-119.0490636353214,36.04383531813087],[-119.04947220707894,36.04388057033387],[-119.05029386283165,36.04414513696599],[-119.05118298116388,36.04453043605137],[-119.05184041859445,36.04507641797767],[-119.05243672656826,36.04574533855047],[-119.05304950515279,36.04622242222768],[-119.05378070414967,36.04671779106641],[-119.05433514074976,36.047149434794214],[-119.05511699125394,36.047530739702175],[-119.0560660972842,36.047746639890676],[-119.05681153457833,36.04782672011285],[-119.05772844139557,36.0479038543378],[-119.05856505858935,36.0481913202905],[-119.0593135303925,36.048387423195706],[-119.06037152211668,36.04839246158132],[-119.06140395677104,36.04851401389834],[-119.06232511711116,36.04875356271727],[-119.0630188653438,36.04904345431466],[-119.06388287845886,36.049283981298345],[-119.06463379637451,36.04957288100206],[-119.06501380619756,36.049891385503145],[-119.06510621409421,36.05014518938216],[-119.06538282603142,36.05088340226113],[-119.06586192811518,36.05171099244424],[-119.06659218747427,36.052302069529276],[-119.0673121305806,36.05249861538503],[-119.06780162437558,36.052629477915204],[-119.06798221179882,36.05297463773416],[-119.06839993918574,36.0536407466665],[-119.06910104911215,36.054209095718086],[-119.06980459616794,36.05487026807414],[-119.0702825528997,36.05565142637431],[-119.07081464031383,36.056315554001486],[-119.07177484323282,36.05694906047213],[-119.0726777399249,36.057578773872706],[-119.08010223939137,36.0588286329938],[-119.08402522086465,36.06012258226028],[-119.08609454941043,36.060519979966244],[-119.08803149143615,36.060776466981196],[-119.08915355280305,36.06103552241837],[-119.08922783269725,36.06108501293923],[-119.08956106634517,36.06130703474043],[-119.0903263114913,36.06212953154692],[-119.09169181001195,36.06294154400112],[-119.09267161417044,36.06322627038392],[-119.09353401391121,36.063396946107396],[-119.09402915361771,36.06373656308891],[-119.09437768737153,36.06393943285867],[-119.09501759148438,36.06434617147574],[-119.09527176799742,36.064393063171636],[-119.09547738158615,36.06443099913221],[-119.09992319063967,36.06439573107773],[-119.10404467104465,36.06435628105906],[-119.10579847533005,36.06437306331305],[-119.10614146827521,36.06436703183919],[-119.10671622117377,36.06447301825943],[-119.10727168095497,36.06492760619697],[-119.10758514537841,36.06521687472755],[-119.10774077670474,36.06536049416311],[-119.10886667477621,36.06575860463041],[-119.1101999417445,36.065850078621736],[-119.1118529954792,36.06621679624192],[-119.1130083663768,36.0665127695558],[-119.1136789928724,36.06672731425817],[-119.11464983004771,36.06707296120061],[-119.11663330121188,36.067455860015855],[-119.1191008520248,36.06776050661672],[-119.12127447228012,36.06776847804252],[-119.1217436219288,36.067782824138206],[-119.12367863527163,36.06784197806517],[-119.12488353208748,36.06798313840485],[-119.12561596357291,36.06825653209727],[-119.12595238174853,36.06838209678037],[-119.12759855259152,36.06897975578387],[-119.12985002174766,36.06975237366118],[-119.13143517901655,36.07002988403699],[-119.13262251736188,36.0702254540229],[-119.13545039411333,36.07045369669004],[-119.13786071146289,36.07075123405595],[-119.1399653015785,36.07102323128199],[-119.14398059932029,36.07144675613245],[-119.14404512710378,36.07144996183448],[-119.14672978634783,36.07158326737056],[-119.14756995278528,36.071630123530724],[-119.1478807474157,36.07184124746335],[-119.14806109858203,36.07214908493192],[-119.14826064135609,36.072489691538614],[-119.14847065129986,36.07273357614454],[-119.14913353162271,36.072804238360526],[-119.1513220782848,36.07288878824693],[-119.15315490287418,36.07297968833126],[-119.15508598968086,36.07294496794292],[-119.1568578590866,36.07266542828738],[-119.15953540097864,36.072039333196585],[-119.16256635806978,36.071324251747015],[-119.16717368510967,36.07062186330308],[-119.17006113184259,36.07023939740857],[-119.1714501716136,36.07001433374035],[-119.17350297295478,36.0696816949073],[-119.17639261966181,36.06938158814059],[-119.17943923708329,36.06924365570746],[-119.1827060208011,36.06918418189202],[-119.18350441378124,36.06916963782273],[-119.18777055438801,36.069009260780476],[-119.19112658303439,36.06903048296531],[-119.19422854296556,36.06905625570979],[-119.19661221718209,36.06884747982647],[-119.19822448560623,36.068322604886625],[-119.19856457878964,36.06814556375606],[-119.19925180345675,36.067787809727136],[-119.20152773104313,36.06675540195479],[-119.20442102131696,36.06598676513352],[-119.20611013252883,36.065790574647075],[-119.20821649771547,36.065971904600495],[-119.21026436191586,36.066484480632084],[-119.2104503616887,36.06650925649584],[-119.21244158261884,36.066774497167806],[-119.21440477341716,36.066683196345906],[-119.21595529075037,36.06637935739765],[-119.2162675316684,36.066272557363035],[-119.21850656903936,36.06550663960599],[-119.22173371908684,36.06456630478077],[-119.22423106432278,36.06418976904165],[-119.22916414563751,36.06365781777014],[-119.23172605728453,36.06316985790791],[-119.23638024224626,36.062367645392676],[-119.24015365332644,36.061581718099156],[-119.24401660128764,36.061564464682164],[-119.24728080324735,36.06194354735744],[-119.24919328953777,36.06245799557486],[-119.25228568869939,36.06394083798334],[-119.25379805727742,36.06468286230902],[-119.25633293232931,36.06562574524354],[-119.25824241195848,36.06603003239641],[-119.2614328002496,36.0661899885411],[-119.26474765191995,36.06596227811054],[-119.26826572316884,36.06573062041683],[-119.27176635721975,36.06489383496812],[-119.27492660433813,36.06400837398304],[-119.27714313352132,36.06330587373967],[-119.27964328778916,36.06303819668842],[-119.2818803982738,36.06305064470993],[-119.2843302792251,36.06338919136278],[-119.28568514708269,36.06336335068033],[-119.28967719732321,36.06312202654499],[-119.29419997762352,36.06248518143266],[-119.29730650548794,36.06209545993103],[-119.30121467104726,36.06130503119066],[-119.30479689727879,36.06096101534669],[-119.30925969706756,36.060599920835145],[-119.31230797637232,36.06054112673841],[-119.31455466020297,36.0608829752861],[-119.31544978646782,36.06136097298256],[-119.31929480585258,36.060736277336524],[-119.3225868340265,36.06013135472997],[-119.32670689958493,36.058877389978825],[-119.33137953773927,36.057979419725136],[-119.3368778992179,36.05750542257831],[-119.34156335992459,36.057047069848736],[-119.34454369245788,36.056988785813495],[-119.34771118987892,36.057146890309234],[-119.35179928798965,36.057873855931604],[-119.35702250088666,36.057990440803316],[-119.36019573584744,36.05817445321974],[-119.36429203378009,36.05792374713474],[-119.37019177240914,36.05707198594107],[-119.373456712784,36.05685978604408],[-119.37713922334059,36.05677072429976],[-119.38355366877967,36.05709730072353],[-119.38909831595335,36.057234512250886],[-119.39453011406607,36.05700225514056],[-119.39883802543524,36.05658589522277],[-119.40400192796395,36.05590456169815],[-119.40805195008303,36.055369226047574],[-119.41052970935083,36.054947938628736],[-119.41250828200177,36.05482556832584],[-119.41473957679327,36.05465679929462],[-119.41810760244026,36.0541634224154],[-119.42135850394385,36.053841839898546],[-119.42320180917763,36.053620080275245],[-119.42532073820182,36.0532576302829],[-119.42783387582044,36.052653239915664],[-119.42945231117903,36.052244849597706],[-119.43200430362866,36.05211400966876],[-119.43496013730751,36.05244932499811],[-119.43674825184686,36.05280832386855],[-119.43785397824863,36.05314164773393],[-119.43836791430414,36.053230025089235],[-119.43892623701616,36.05317913012153],[-119.43960193000991,36.05298746573108],[-119.4397971653622,36.0530032568813],[-119.44016452151617,36.053074847553106],[-119.44111697197427,36.05317404846659],[-119.44265207062394,36.053221834311984],[-119.44403753869338,36.05315404357763],[-119.44651347438116,36.05292560692175],[-119.44935920874215,36.052847696882715],[-119.4525729074166,36.052861028201846],[-119.45486645366063,36.053031502718696],[-119.45628237192325,36.05316061988133],[-119.45713875564657,36.053301203038636],[-119.45764902298245,36.05327096443764],[-119.45851498184835,36.05293692139211],[-119.45926247897943,36.05280544640513],[-119.46189885916682,36.05245479525358],[-119.46339175406615,36.05232033158711],[-119.46494559247095,36.052226416848725],[-119.46512187876064,36.05222278767378],[-119.46584108524847,36.05222451474565],[-119.46711154830027,36.052229366960354],[-119.46832450030931,36.05223398676818],[-119.47087532764397,36.05223649458076],[-119.47481718361975,36.052232273495676],[-119.47683936588446,36.05224558095215],[-119.47779604650921,36.05224783384336],[-119.4780197889987,36.05224320967877],[-119.47837044906483,36.05217535346338],[-119.4804663497767,36.05215952801232],[-119.48404845563397,36.05215693522357],[-119.48640215756103,36.052141169323065],[-119.48695203341445,36.052151797579704],[-119.48727311914477,36.052222258948696],[-119.48737672543974,36.05228070701965],[-119.48769803215563,36.053866211587696],[-119.48781724218709,36.054420169811564],[-119.48775761471347,36.054812662193804],[-119.48777052799569,36.05507068929347],[-119.4877323388163,36.05527308683493],[-119.48806968135834,36.05529059509001],[-119.48822638078155,36.05528733934498],[-119.48849485667724,36.055259970165906],[-119.48885859621389,36.05511649134111],[-119.48949728580448,36.05466827183825],[-119.49018572768877,36.0542054237857],[-119.49079480251939,36.05388014262137],[-119.49166166329384,36.0532368780922],[-119.49199879922335,36.05278132131778],[-119.49285234067708,36.0522470639966],[-119.4942518557026,36.05151114005995],[-119.49549738421709,36.051199773458514],[-119.49658335127585,36.051136374255215],[-119.49743814947266,36.051172925779966],[-119.49824533785772,36.05129202188444],[-119.49963496602524,36.05130381448141],[-119.50139001268066,36.05122641268555],[-119.50232070234931,36.05101668744802],[-119.50293398129548,36.05077291563733],[-119.50303584036723,36.05064463269113],[-119.50318532721701,36.05052123090735],[-119.50391747483482,36.049932972261516],[-119.50455413243625,36.04947158163822],[-119.5049022574566,36.04932473676702],[-119.50551252704658,36.04917240951792],[-119.5062314927859,36.04902515009744],[-119.50647276679648,36.04893195482342],[-119.50674344536125,36.04862512540892],[-119.50701714675698,36.04841371983184],[-119.50741162215105,36.04830262618053],[-119.50761812866521,36.04825422652417],[-119.50780329929303,36.04810344060971],[-119.5078521811192,36.04793346892116],[-119.50783083535146,36.04783107507546],[-119.50774715368945,36.04775937068752],[-119.50739671191398,36.04783281604357],[-119.50689306785668,36.047924155443106],[-119.50658549997475,36.04792324464983],[-119.50631059124329,36.04781146612095],[-119.5060430918163,36.04764810978711],[-119.50584745132382,36.047468560657606],[-119.50580686543931,36.04732984533593],[-119.50583720873296,36.04714556787937],[-119.50597554928673,36.046944344960174],[-119.5062321045386,36.04676267917839],[-119.50665089193754,36.04656293480045],[-119.50705090454704,36.04634154252755],[-119.50724948971701,36.04604356058431],[-119.50732199184527,36.04576290848398],[-119.5072987892598,36.045601790812086],[-119.50718752392872,36.04551596957271],[-119.50689990313766,36.04557340793722],[-119.50610310646381,36.045832479280975],[-119.50570006563348,36.04595844073352],[-119.50565277831694,36.045963875849964],[-119.50546574458319,36.04598537807629],[-119.50530187480739,36.04595207373712],[-119.50508074641535,36.04582447585331],[-119.50478218773743,36.045536893034395],[-119.50459232970046,36.04525437825744],[-119.50455175190076,36.045115662666056],[-119.50458139540683,36.044909365444035],[-119.50470212718436,36.0447232018277],[-119.50519275734815,36.044507265746596],[-119.50589774081007,36.04419497803771],[-119.50609219283142,36.044062408373016],[-119.5061955404116,36.04389864041066],[-119.50614359443196,36.043686704980374],[-119.50598613233909,36.043433029181045],[-119.50576412000481,36.04312902491849],[-119.5052221421394,36.042295606976666],[-119.50492286480922,36.04169952271931],[-119.50474644646721,36.04126981612683],[-119.50473992739322,36.04106427369957],[-119.50479854605875,36.04091613327359],[-119.50502148994595,36.04081598279328],[-119.50530816121776,36.040729187350586],[-119.50574225051925,36.04072745276278],[-119.506140409006,36.040733821634475],[-119.50635802588356,36.04069737639846],[-119.50649128287111,36.040675060638144],[-119.50710935702425,36.04048583621817],[-119.50765232573144,36.040324367075016],[-119.5078799157053,36.040256685813],[-119.50817795156375,36.040243105389656],[-119.50834664798758,36.04027362865178],[-119.5086873699917,36.04033527876269],[-119.50912588349595,36.04047301199502],[-119.5094278818231,36.04058421693489],[-119.50978480943496,36.04071631086797],[-119.51039155673067,36.04074032924356],[-119.51101405239166,36.040690557896376],[-119.51176745864065,36.040491127162966],[-119.51243902657065,36.04027037809673],[-119.51248353809298,36.040255742970245],[-119.51303371757696,36.04020748219057],[-119.51338411264005,36.04013401809888],[-119.51370996752618,36.040141878281254],[-119.51406963499966,36.040075563188566],[-119.51451781976625,36.039948628412745],[-119.51459573244749,36.04012329088444],[-119.51482339338826,36.040450862511996],[-119.51500330617671,36.04070973570382],[-119.5158275104499,36.041882424837354],[-119.51598887751932,36.042121444703696],[-119.51620073709427,36.0422418684924],[-119.51643995036957,36.04236906687261],[-119.51666638960155,36.04237900422602],[-119.51692664142087,36.04231477277143],[-119.5173022899232,36.04218200818095],[-119.51762533847243,36.042101762417],[-119.51783323018873,36.04209739043114],[-119.51798477957043,36.04202809816323],[-119.51816391621448,36.041972913303],[-119.51839082346872,36.041997529093784],[-119.51862628987102,36.042007269649254],[-119.51943789706897,36.04193144364267],[-119.51995979668945,36.0418470122998],[-119.5206622298343,36.041751436938924],[-119.52103374967962,36.04177300278324],[-119.52156702286995,36.041761784041434],[-119.52288454506623,36.04166794023876],[-119.52444587542051,36.04156160059722],[-119.52573556421605,36.04144627198151],[-119.5262486504653,36.04136934934103],[-119.52678215542095,36.041365445097355],[-119.52705425242559,36.04138908774132],[-119.527299700009,36.04142798706264],[-119.52761416695228,36.04136258755407],[-119.52799836112796,36.04121491474674],[-119.52879057100395,36.040816229034746],[-119.52974933572015,36.04025241759717],[-119.53035935468017,36.03981348818494],[-119.53129823698421,36.038912184209394],[-119.53228159128469,36.03798790036083],[-119.53268393142909,36.03756069850143],[-119.53300705453847,36.03720127851546],[-119.53348404468298,36.03684595603561],[-119.53409566174585,36.036458392882],[-119.53456502160034,36.0361472950877],[-119.5347139595795,36.03599723710531],[-119.53474326711564,36.03598158346947],[-119.53497181289696,36.035859559969815],[-119.5356787358216,36.03562423675472],[-119.53593085159935,36.035589516590754],[-119.53623884438443,36.03560503446325],[-119.53646549651711,36.03562227541022],[-119.53661866556125,36.03560434363396],[-119.53688503041604,36.035615324259524],[-119.5370895759079,36.035623756588514],[-119.53732932817242,36.035667083403425],[-119.53756259999047,36.03570923120982],[-119.53774547542272,36.03577147547557],[-119.53818706925009,36.036004523828524],[-119.53844696264157,36.03621203788684],[-119.53877342658551,36.036520986688025],[-119.53893940830055,36.03662030652738],[-119.53899764428378,36.036743948750654],[-119.53911474507096,36.03729238472276],[-119.53920598515776,36.03759896919381],[-119.53931439115128,36.037769441893516],[-119.53934886579694,36.037823653413156],[-119.53992644299875,36.03834764363618],[-119.54054135508211,36.03890756361978],[-119.54081030438996,36.03911488261959],[-119.54093920095512,36.03918560335674],[-119.54119321127982,36.03920960113392],[-119.54130252726674,36.03921758271586],[-119.54158302801083,36.03923806039474],[-119.54190958627787,36.039267862740864],[-119.54240165554272,36.039382295277285],[-119.54312562130495,36.03954495544888],[-119.54368619699169,36.039670897905],[-119.54492436830398,36.039923739587294],[-119.54553016428382,36.03991821470863],[-119.5475530616075,36.039823807939506],[-119.54786798309834,36.0397730401383],[-119.54908916457366,36.03921818416735],[-119.55111309136666,36.03831567990455],[-119.55269100192616,36.03760628773067],[-119.55393042818493,36.037058338460454],[-119.55421368855359,36.037147795882866],[-119.55583950536884,36.03764200726559],[-119.55831584799346,36.038426561738284],[-119.56177880939629,36.039513171621095],[-119.5653151254286,36.040627497438045],[-119.57076105044746,36.042332471310196],[-119.57172105843203,36.04264976738885],[-119.572020759767,36.04268740585495],[-119.57257281493331,36.04269759303556],[-119.57477104004425,36.04270913923176],[-119.57947549922086,36.042747520733876],[-119.58448725678483,36.04277908607516],[-119.58824197482228,36.04281556957093],[-119.5898680584372,36.04280981391343],[-119.59506111399179,36.04280029427004],[-119.5972866721419,36.042818180099914],[-119.59852707127612,36.04285739468059],[-119.6000288523102,36.04286889146104],[-119.60300433663592,36.04286305155005],[-119.60623312341384,36.04285897014932],[-119.607091985589,36.04284763389233],[-119.60771439950327,36.042797360511265],[-119.6085112060586,36.042824089744606],[-119.60957036020277,36.042852447461776],[-119.61490839665771,36.04290501246322],[-119.61661707048154,36.042882403880384],[-119.61865208877336,36.04288201673213],[-119.62227973652058,36.04290551510209],[-119.62567092882045,36.04289000956352],[-119.6294514734223,36.04288790530764],[-119.63197228175514,36.04289044683035],[-119.63296992016696,36.04289144048652],[-119.63809832307224,36.042896158174145],[-119.64195287088721,36.04294344398848],[-119.64243894928744,36.04287396579134],[-119.64293308737241,36.04277491823343],[-119.64327025833622,36.04280543179786],[-119.64355914215854,36.042789265980375],[-119.64377539449522,36.04276490756783],[-119.64403205844326,36.042866971699326],[-119.64424816076125,36.043006088569236],[-119.64448807382418,36.04316052328219],[-119.64465455769745,36.04345066282316],[-119.6447090486043,36.0439979160805],[-119.64474030368797,36.045652389977995],[-119.64476823410679,36.04864869760035],[-119.64484520176033,36.04914648209515],[-119.64497587070156,36.049447207862016],[-119.64521238364114,36.04966724557749],[-119.64559089417598,36.049805794817104],[-119.64598990606225,36.04983615604023],[-119.64749797620168,36.04985181345858],[-119.6508750146459,36.04985549213071],[-119.6565802608294,36.04987602514631],[-119.6624304429975,36.04990286309911],[-119.66798906436371,36.04986735030917],[-119.67330763881803,36.0498663124372],[-119.67751615788923,36.0498506840735],[-119.6826653235557,36.04983343171599],[-119.68672920488301,36.04982071142267],[-119.69009344772431,36.049803983442196],[-119.69416936288317,36.049790743118216],[-119.69553212693212,36.04978946702103],[-119.69611124384633,36.04979602326961],[-119.69651259853885,36.04989472136347],[-119.69709739370397,36.05006764046259],[-119.69748369892056,36.050078530463814],[-119.69791886979364,36.05010790673218],[-119.69899308060029,36.05013268194224],[-119.70177953783062,36.050148218011145],[-119.7090881124046,36.05014966841206],[-119.71273083747558,36.05016517833117],[-119.71679533864042,36.05017101189021],[-119.72193336429905,36.05018169996867],[-119.72459827318326,36.05017009168117],[-119.73079707714008,36.05016606803613],[-119.73536868536763,36.050189085607194],[-119.7389263283031,36.05018615212376],[-119.74196444406873,36.050155833160396],[-119.74740434229035,36.0501781012036],[-119.75149355431206,36.05020177533685],[-119.75275987433379,36.05020206875776],[-119.753060111963,36.050165788414546],[-119.75332113184183,36.0500422638632],[-119.75350711903825,36.04984212108264],[-119.75362455399872,36.049751281419645],[-119.75397333658587,36.04972367499629],[-119.75418091658679,36.04979724852617],[-119.75446046960828,36.04985937997494],[-119.7562218754376,36.04987762807364],[-119.76186588436649,36.049874959675314],[-119.76666636087057,36.04989150752021],[-119.77161143469436,36.04990451759269],[-119.77563929807037,36.049899404495726],[-119.78361168631682,36.04992008856863],[-119.78660253273218,36.049919114611],[-119.78878531849834,36.04991728943914],[-119.79060591252511,36.049904270653336],[-119.79378954279034,36.049898621552735],[-119.79647911941224,36.049904420995816],[-119.79877034620623,36.04989988312227],[-119.80050623808484,36.04987890344307],[-119.80247210676104,36.04988189576767],[-119.80308665143345,36.04986751953532],[-119.80333727151623,36.04979309993958],[-119.80375624037487,36.049704946781574],[-119.80426337528536,36.04972245700154],[-119.80477224933423,36.049788892523104],[-119.80516027931618,36.049848361389536],[-119.80730689441741,36.04984704244205],[-119.81117768107777,36.049834619204695],[-119.81815868408506,36.049788121925985],[-119.82217403931904,36.04977193284826],[-119.82391059864592,36.04977018829156],[-119.82476822024769,36.04980872976733],[-119.8250812669545,36.049787771126326],[-119.82512664894436,36.04999517332711],[-119.82501189725164,36.05025969834867],[-119.82480581204736,36.05035461335331],[-119.824504818935,36.05055182644497],[-119.82426660548458,36.05043737019614],[-119.82409671969133,36.050410196154466],[-119.8239939632026,36.0503937638983],[-119.82368581321238,36.05039102216243],[-119.82178839885577,36.0503957067177],[-119.81760065602047,36.05044424595711],[-119.81459481762133,36.05046487541533],[-119.81100925684345,36.05046901597727],[-119.807103934452,36.05049055038229],[-119.80615557132845,36.050502762166715],[-119.80553856347555,36.05047718815758],[-119.80483288292099,36.05038364380569],[-119.80423836708617,36.050297498770476],[-119.80388097055373,36.05029585735841],[-119.80326821981699,36.05039024648716],[-119.80267972898278,36.05047405931369],[-119.8020409351876,36.05052902904474],[-119.79966297245967,36.050534596756016],[-119.79560987630566,36.050559204785955],[-119.7932083435813,36.05059521113812],[-119.78973424486556,36.05061612380813],[-119.78866274427614,36.050631069311514],[-119.78546021166069,36.050665548979445],[-119.78022475472636,36.05070711571917],[-119.77718260462679,36.050747662733684],[-119.77345061306772,36.050794094806356],[-119.76860875207683,36.0508160358413],[-119.76483804402733,36.05081305880417],[-119.76096883031703,36.050812238103504],[-119.75676682492997,36.05080894368024],[-119.75486967557637,36.05082256876329],[-119.75416752090928,36.05082870658647],[-119.75393532706956,36.05088407479931],[-119.75354307051424,36.05094312595217],[-119.75257004324625,36.05095547929149],[-119.75116537728086,36.0509577285882],[-119.7474442292856,36.0509630754793],[-119.74032099062947,36.050936102799405],[-119.73445430461298,36.05090004576341],[-119.72990748539567,36.05090367863072],[-119.7248920770784,36.05089777976053],[-119.71763401207788,36.05089253744969],[-119.71143550546346,36.050882891684104],[-119.70528624089961,36.05087181223422],[-119.69966777556579,36.05088847970629],[-119.69768367647923,36.05088314297804],[-119.69668564280866,36.050885598541264],[-119.69387793593027,36.05093875881495],[-119.6887184135869,36.05104465437987],[-119.68397683512443,36.05112095749143],[-119.67985055951245,36.051173301993224],[-119.67817460143293,36.05117075202255],[-119.67545100561122,36.05116156021635],[-119.67164316030957,36.05115648133627],[-119.66901805847053,36.05114494727317],[-119.66474161778072,36.05113006941143],[-119.65973867718125,36.05113117190574],[-119.65535172754178,36.051128415669965],[-119.64938662749265,36.05110037032948],[-119.64455671229841,36.051117026132665],[-119.64403887306297,36.051108439312316],[-119.64348466194001,36.05112067424184],[-119.64355941883966,36.05214790912247],[-119.64366322456061,36.0560882180531],[-119.64367740806063,36.05902775366083],[-119.64383849126244,36.068869280770315],[-119.64387678734131,36.070851118453874],[-119.64387458018066,36.074976067820955],[-119.64389517316023,36.075590928517904],[-119.64385958999354,36.07955708734584],[-119.64425663187438,36.07988554975453],[-119.64646093498655,36.08170906591997],[-119.64784083080627,36.08285052344072],[-119.65327599939795,36.08731090525152],[-119.656869048532,36.09020525582726],[-119.66342604313195,36.09542649161595],[-119.66725825613399,36.09852029785475],[-119.66921611363449,36.100081835550185],[-119.67121935851472,36.101679467442274],[-119.67994622200534,36.108714337614124],[-119.68000978320158,36.115977022820864],[-119.6800241239068,36.11821451323347],[-119.680028210343,36.118852464219714],[-119.68006106083465,36.12292943910234],[-119.67982900443717,36.12310632347675],[-119.67976210240639,36.12347266735145],[-119.67968391124744,36.125062579841526],[-119.67977839155745,36.12939570217044],[-119.67964114784667,36.13236047865807],[-119.67957552591513,36.13354233300076],[-119.67923094924015,36.134301201878884],[-119.67851915834498,36.1351541331503],[-119.67652503405985,36.13642205278716],[-119.67458758718094,36.137023361619676],[-119.67243059743649,36.137393468919385],[-119.6715324312727,36.13743498038176],[-119.67044796350214,36.13764649849456],[-119.67016564277127,36.13770155891166],[-119.6680343196911,36.13804955262225],[-119.66593594771386,36.13858992668445],[-119.66270126798769,36.1399783493188],[-119.6588624820127,36.14211154974724],[-119.65721983076901,36.14331249561302],[-119.65572689454717,36.14455025692174],[-119.6536110709989,36.1464041253286],[-119.65056193110811,36.14847940197058],[-119.6455660324022,36.15156135565242],[-119.64360937864417,36.15243981566514],[-119.64029812652315,36.15392633000827],[-119.63704638868802,36.15526797304888],[-119.63248387230945,36.157150207071865],[-119.6249256783759,36.159163340742474],[-119.62178567209749,36.160035266451246],[-119.6170862003673,36.161664006118166],[-119.61426022085773,36.163050870805286],[-119.61228470158042,36.1647001929882],[-119.61099123626744,36.166013363044534],[-119.61067102280128,36.166501558894915],[-119.61048786889125,36.16664848656034],[-119.61032314930917,36.16664255213812],[-119.6101165466753,36.166655939579016],[-119.6103185553248,36.16757945499256],[-119.61021767631503,36.16812892992239],[-119.60965821723418,36.169815156489776],[-119.60952948865396,36.170123797173396],[-119.6094592080594,36.170398969647664],[-119.60947542085367,36.17088769584015],[-119.60939481681983,36.17108620334142],[-119.60925753627814,36.1714060943754],[-119.60921776336892,36.17149878548188],[-119.60911431338079,36.171627692798154],[-119.60883647164994,36.1719738963852],[-119.60870187168105,36.17210560132403],[-119.60866364297578,36.17230172576128],[-119.60838382225637,36.17269200653601],[-119.60809797384138,36.17305235753238],[-119.60780786561533,36.173284033815165],[-119.60741375942881,36.173373103470475],[-119.60682340009883,36.17353083313877],[-119.60649466880713,36.17379553702563],[-119.60616380491497,36.17399590005984],[-119.60578846722967,36.1740523671197],[-119.60528876947143,36.17395057482716],[-119.60493166938305,36.173958349116184],[-119.6043804451584,36.17409912300371],[-119.60369140679276,36.17427508420625],[-119.60308598271544,36.174577989595235],[-119.60251263657861,36.17525041493942],[-119.60194688479922,36.175552455102356],[-119.60082561754305,36.17586656821141],[-119.60006092216585,36.176156829236795],[-119.59929090516893,36.17628623502728],[-119.59795923630354,36.17664245443323],[-119.59744606022278,36.17673408067037],[-119.59665353773303,36.176783474389964],[-119.59627817219997,36.17683990971106],[-119.5961611540578,36.17689056724586],[-119.59579534570105,36.177048909083844],[-119.59549520598823,36.177178826058004],[-119.59484906397404,36.17754128390126],[-119.59454003992303,36.1777146276991],[-119.59338073081123,36.17828167774394],[-119.59238945875981,36.17872703358362],[-119.59148688186798,36.179052422303194],[-119.59133186768423,36.17916845251202],[-119.59053823757176,36.17946742492192],[-119.58792324537295,36.180452470253194],[-119.58784103874466,36.180483437209176],[-119.58751407533745,36.18140800345064],[-119.58581974491376,36.18140708405312],[-119.58579638152986,36.18170268720108],[-119.58573989815972,36.18180582820956],[-119.58560907470829,36.1820447619487],[-119.58555853998199,36.182319493772624],[-119.5854861429566,36.182811792687346],[-119.58546118146978,36.18298155171652],[-119.58545524719902,36.183056623910005],[-119.58543313426999,36.183336281136825],[-119.58532519180712,36.18367663979409],[-119.58510031744038,36.184083910612465],[-119.58485926441533,36.18460448253932],[-119.58482859952481,36.18487850716768],[-119.58489659211034,36.18513458023947],[-119.58508257571351,36.185355910722805],[-119.58547015114792,36.18566946684976],[-119.58559978163665,36.18598859216181],[-119.58564449078835,36.18674415857449],[-119.58543488239151,36.18711847850787],[-119.58530689941301,36.18734702097882],[-119.58484178769152,36.1876950996084],[-119.58356999064146,36.18826985390419],[-119.58277229744897,36.18876996799124],[-119.58247887893108,36.188905071806495],[-119.58134676990775,36.18889731930088],[-119.58098455481216,36.188890502054306],[-119.58089036555629,36.18892690395451],[-119.58077561116865,36.188971244663605],[-119.5807366350651,36.18902887544035],[-119.58069482747177,36.189094937266994],[-119.58066533218772,36.18919278760666],[-119.58067650004334,36.18928003319076],[-119.58068114074011,36.18931632398429],[-119.58078199729201,36.18952378134292],[-119.58093577539388,36.18991114593496],[-119.58101688787417,36.19023337796843],[-119.58118659939429,36.19067138332404],[-119.5811543346042,36.19120057722902],[-119.58094085716347,36.191956355077885],[-119.580521350214,36.19288826541993],[-119.57980796121593,36.19374066674782],[-119.57909316006626,36.194240470413575],[-119.57810611009668,36.19473183605487],[-119.57763261619529,36.195110492158506],[-119.57741098384838,36.19552183498898],[-119.57732658083923,36.195815868284974],[-119.57732215843308,36.19615900287678],[-119.57732019112261,36.19624358379621],[-119.57726757859305,36.198504282438236],[-119.5774128586324,36.20123417112129],[-119.57784153558427,36.203257756526604],[-119.57810684941016,36.20539779634226],[-119.57809115045227,36.206617828357956],[-119.57771560615447,36.207913378982],[-119.57676850516393,36.20962780632101],[-119.57585634055305,36.21070904400197],[-119.57488756501132,36.211946436844094],[-119.5743992426195,36.212570145087255],[-119.57363974489456,36.213174969944546],[-119.57252911908125,36.2140358773968],[-119.57165034484947,36.214698634749986],[-119.57109126306106,36.215418899997324],[-119.5707453065738,36.216177506132745],[-119.57015572877809,36.217585198782146],[-119.56998206287412,36.218169529187904],[-119.56995591920439,36.21825749620518],[-119.56987743878791,36.218650389652154],[-119.56983644237327,36.21885563277307],[-119.56973786754223,36.21948550842352],[-119.56964139836215,36.220179731802176],[-119.56935994720048,36.220684767216994],[-119.56937622377514,36.22106238174046],[-119.56944244039136,36.22259846713311],[-119.56947591700872,36.2248351526363],[-119.56936154081181,36.22498247887311],[-119.56878634684045,36.22501092882011],[-119.5680569004567,36.225046003715704],[-119.5675764131708,36.22506910845491],[-119.56748188525007,36.22521600814426],[-119.56748518206716,36.22592417828885],[-119.56749426672961,36.22680928666005],[-119.56746244840227,36.22705141284723],[-119.5671203546707,36.22752555773168],[-119.56697204281731,36.227690638582736],[-119.56654528017529,36.22816565930944],[-119.56596861656011,36.22875750778886],[-119.56575969357785,36.229051727817364],[-119.56572682062836,36.229261682751215],[-119.56576730949483,36.23050024299892],[-119.56564463196636,36.231001866940794],[-119.56557783503848,36.231389610308305],[-119.56585039467545,36.233041694683635],[-119.56616070511393,36.235240241874955],[-119.56618910445334,36.23610883980955],[-119.56605961500007,36.23662414814402],[-119.56588628776095,36.23717770408241],[-119.56538901096238,36.237809996377614],[-119.56537122252314,36.237832608271496],[-119.56504997958764,36.238338489722345],[-119.56477988672442,36.238585729568904],[-119.56454950658326,36.238832117293114],[-119.56437354817868,36.23952803680452],[-119.56437197253368,36.23996432519108],[-119.56437156829182,36.24007536220443],[-119.5642692582658,36.24059263902098],[-119.56405381441287,36.241149259125365],[-119.56362883223173,36.24166873427052],[-119.56334727506886,36.242173758429814],[-119.56335474366215,36.243010611163776],[-119.56337527735289,36.24363911858197],[-119.56338575530236,36.24395963548827],[-119.56345794391862,36.24434439995394],[-119.56337757614172,36.24492559552771],[-119.563362564395,36.24500307157094],[-119.56313951630324,36.24615402721866],[-119.56313437614318,36.24660483545848],[-119.56328768712112,36.24764781386352],[-119.56327805538466,36.249177178638995],[-119.56329610792861,36.25337794634786],[-119.56327911539668,36.254682118666494],[-119.56328437143942,36.254842969651136],[-119.56328275716683,36.25504373229241],[-119.56328360607479,36.25545035211795],[-119.56333383896717,36.25585418238512],[-119.56334804672171,36.25628878019642],[-119.56326775709823,36.25687724589031],[-119.56313883268528,36.25746487919393],[-119.5628871669635,36.25788518132819],[-119.56268398780915,36.25808949061822],[-119.56222191957986,36.25830435119251],[-119.5617184668637,36.258575080513104],[-119.56141561603533,36.25875153272563],[-119.56108730964675,36.259093494540316],[-119.56085817816385,36.2594483222819],[-119.5608195712679,36.25958911844619],[-119.5608325905513,36.25979879216698],[-119.56107239401979,36.26014857452264],[-119.56127323575774,36.26043920606881],[-119.561439970261,36.26063058785047],[-119.56164387974565,36.26082617541237],[-119.56171613483723,36.260959593140306],[-119.56173855588838,36.261079087401455],[-119.5618108145732,36.26121250904345],[-119.56202105807895,36.26141295471649],[-119.56217562310505,36.26160959857108],[-119.56230290809259,36.26172684206027],[-119.56245523900861,36.261756029044214],[-119.562514096626,36.26176730472758],[-119.5624984039563,36.26204257952977],[-119.56251240869159,36.262282225866805],[-119.56251007846173,36.26242268590588],[-119.56251727486548,36.26329659666612],[-119.5625307468998,36.26351346955446],[-119.5625732057717,36.26419679589555],[-119.56266807595053,36.26466691866948],[-119.56312670722558,36.26491462786545],[-119.5634173301863,36.265117471615326],[-119.56372336554234,36.26533106633869],[-119.56426917112921,36.26581298104937],[-119.56437117123646,36.266004610409425],[-119.56443714081598,36.26610560505092],[-119.56449927818248,36.26628433045847],[-119.5644824751951,36.26646276139574],[-119.5643711568634,36.2666025960992],[-119.5640580302065,36.26679188045714],[-119.5639592595427,36.266871256346995],[-119.5631112382364,36.26768353348388],[-119.56247888805676,36.26840533862321],[-119.56172675651715,36.26926423800071],[-119.56132813000812,36.269889403279215],[-119.56109957614197,36.270194761778555],[-119.56068296086937,36.27123385401874],[-119.5602140708338,36.27229552783453],[-119.56001493050498,36.27350165401759],[-119.55961847522401,36.274347157284254],[-119.55913624161319,36.275001338611226],[-119.55853824660328,36.275357530181175],[-119.55736173744872,36.275854870070056],[-119.55660031283749,36.27627610377398],[-119.55655463620022,36.27630137465335],[-119.55619221000055,36.27656666516438],[-119.55610514797814,36.277148000509364],[-119.55626696959513,36.27804593197138],[-119.55641613035648,36.27838731034464],[-119.55661072071837,36.27883266421403],[-119.55691759510088,36.28011381040916],[-119.55712552993633,36.28161168433671],[-119.55682667032278,36.28301309792485],[-119.5564990161111,36.2834491492802],[-119.5563185796048,36.28368928315581],[-119.55594292391592,36.284362629035876],[-119.55568231905876,36.28531252104223],[-119.55561494810738,36.28730991398007],[-119.55558436855681,36.28792599296793],[-119.55550298658194,36.28956579355],[-119.55556097193521,36.290530330891876],[-119.55554287627214,36.29078826217513],[-119.55547249506624,36.291068769542065],[-119.55503752182253,36.29155022779756],[-119.55479514378247,36.291893523044564],[-119.55460674281288,36.29216037084757],[-119.55447086993121,36.292871510412986],[-119.55465011796637,36.293490071658375],[-119.55466558066735,36.29352358158318],[-119.5549639345294,36.294170138869596],[-119.55511599415418,36.29476781469655],[-119.55514049300861,36.295518455442036],[-119.55486105586981,36.29670482442779],[-119.55451882469602,36.297592077770695],[-119.55365508646551,36.298748013467055],[-119.55317616134988,36.29950940397345],[-119.55301027395792,36.300113883368844],[-119.55320142107735,36.30109703961719],[-119.55329839870383,36.30163151042086],[-119.5532865957393,36.30208245742598],[-119.5528794415233,36.30260624099159],[-119.55244789175913,36.30319492735175],[-119.55239244953643,36.30339133058734],[-119.55221019124676,36.30403701264742],[-119.55205688565869,36.30502753032481],[-119.55195586291846,36.3059954628114],[-119.55199251148711,36.30711959632558],[-119.55188568383352,36.30872260681048],[-119.55184455895981,36.31002680298638],[-119.55183353932621,36.31037627270257],[-119.55178411042603,36.312519928149996],[-119.55182327517579,36.31372094695065],[-119.5540396651201,36.31372066320133],[-119.55464936607645,36.31415935941523],[-119.55569154655333,36.31416718636429],[-119.55607519724825,36.31452036241756],[-119.55615645166233,36.31472943329942],[-119.55615384744632,36.316927930213915],[-119.55617682006309,36.319908883948294],[-119.55657948988922,36.320133035759824],[-119.55619725314256,36.32063762631357],[-119.55608259577295,36.32084052862305],[-119.55605570829817,36.32127241090971],[-119.55611221053289,36.32148547341347],[-119.55619198093012,36.32167868432139],[-119.5565728073218,36.322017668614215],[-119.55724695970486,36.32257339929475],[-119.55782529149151,36.323170498463156],[-119.5582356014891,36.3238301770252],[-119.55856037300703,36.3248455768136],[-119.55866856160829,36.32592460014356],[-119.55844568419641,36.32653885429417],[-119.5577938765077,36.32725258613383],[-119.55683613946417,36.327698467999895],[-119.55612048311836,36.32800741064807],[-119.55576966315215,36.32837630747512],[-119.5556471572019,36.328898421387976],[-119.55576979879774,36.329234599586314],[-119.55603191462124,36.32956778888761],[-119.55629993776603,36.33008154912713],[-119.55633447529377,36.3302840881583],[-119.55612828229165,36.330807994174016],[-119.55578629995118,36.3314477371213],[-119.5551764220267,36.332432012191724],[-119.55467294685268,36.333255904175836],[-119.55441537291128,36.33391642364514],[-119.5543545425935,36.33461791238855],[-119.55430951903145,36.335067471676346],[-119.55437786375659,36.33533172001624],[-119.55443732683851,36.33556164342026],[-119.55471126359281,36.33625597284095],[-119.55492203171465,36.33672578016261],[-119.55501900035799,36.33713026884877],[-119.55495300921893,36.337673760850834],[-119.55477542845692,36.3382196333978],[-119.55457806409744,36.339014390756525],[-119.5541267810414,36.340582520451775],[-119.55397425788594,36.34189580797964],[-119.553863648325,36.343637345492986],[-119.55402908566101,36.345282629830315],[-119.55415335500415,36.34652223762314],[-119.55419245327856,36.34771849176439],[-119.55405897440713,36.3487603325435],[-119.5536736411677,36.34978497010684],[-119.55278900812367,36.35091062953431],[-119.55176041376717,36.351903833306686],[-119.55103356710784,36.35273248533974],[-119.55047707067078,36.353647832545036],[-119.5502238239141,36.35444377738461],[-119.54998889560267,36.35494569895295],[-119.54988464611395,36.35517378979066],[-119.5490079981945,36.35654770471482],[-119.5488354956088,36.35725157231475],[-119.54889212181106,36.358131239973495],[-119.54910660177165,36.358713913367495],[-119.54952158750028,36.359450413917955],[-119.55024427585818,36.36020292543299],[-119.55121224111953,36.36076950184301],[-119.55303141041823,36.36174701434103],[-119.5542248761721,36.36237649854855],[-119.55496078144276,36.36267696578931],[-119.55527808706236,36.3629863903647],[-119.55528768645948,36.3632798108802],[-119.55525402748411,36.36395812701113],[-119.55527691476092,36.36465781808873],[-119.55529759128382,36.36528980042279],[-119.55525802229216,36.36578755417694],[-119.55503491850483,36.36665061686737],[-119.55463770774072,36.36731412842025],[-119.55434696171078,36.367817250208596],[-119.55444397347327,36.3682217314547],[-119.55474004112295,36.368734889492636],[-119.55511540935093,36.369110828933984],[-119.55552681529316,36.36973444885015],[-119.55596613548455,36.37035746702524],[-119.55665664618894,36.37097510450936],[-119.55699895371956,36.37119363748338],[-119.55753958680698,36.3714982702357],[-119.55791054251031,36.37173877593911],[-119.55797523468547,36.372008425907055],[-119.55793272281296,36.3724158943123],[-119.55775732046554,36.37302948884733],[-119.55766859296662,36.37373157201112],[-119.55776434618939,36.37494919395799],[-119.55778949003417,36.37571659608044],[-119.55782572717443,36.37682255919495],[-119.55786240448916,36.377894632989545],[-119.55834581129974,36.3790085779512],[-119.55923542550202,36.38039489494451],[-119.56060551082054,36.381289049648856],[-119.5617314627909,36.382308891479866],[-119.56266816398544,36.38361386046502],[-119.56326938215058,36.385287408720394],[-119.56331155805319,36.386571420782445],[-119.56332915155801,36.38861888189955],[-119.56390057799507,36.39089536860089],[-119.56458532241365,36.39208526633312],[-119.56537330571625,36.393393406221485],[-119.56636512214675,36.39485777161173],[-119.56685273486949,36.39609204804698],[-119.56710540041621,36.39773290961357],[-119.56696496858444,36.399502690983724],[-119.56627721301305,36.401244083952726],[-119.56551868277364,36.40234454037789],[-119.5648659965326,36.40364348004253],[-119.56476986781406,36.405251691303725],[-119.56387868156003,36.40836266493414],[-119.5629114106964,36.41067219412361],[-119.56177669386376,36.412423161433566],[-119.56069135652402,36.413977308262616],[-119.56009101152134,36.414983989376175],[-119.56017536152989,36.415283330943716],[-119.56067323391149,36.41569426225965],[-119.56090454919885,36.41593022301292],[-119.56100175589575,36.41662078550001],[-119.56109204556493,36.417100686418216],[-119.56133522580056,36.417697771137156],[-119.56153425743321,36.418084998009725],[-119.56152943168351,36.41869409800972],[-119.5615179062984,36.41947734007389],[-119.56115281389897,36.42084035699835],[-119.56054677357737,36.42224928368858],[-119.55948357342116,36.424476140876216],[-119.55857484845953,36.42585511783815],[-119.55790184681834,36.42639945451211],[-119.55630075523295,36.42847768685565],[-119.55421415298258,36.43117947413415],[-119.55265019146282,36.43362477307169],[-119.55190274194244,36.43474447948688],[-119.55148708157903,36.435182594149225],[-119.55117854531325,36.43580236895531],[-119.55048495787898,36.43702311197832],[-119.54986651541657,36.43822180813199],[-119.54961987846374,36.43918772200823],[-119.54852535315527,36.442072598310084],[-119.54680963743793,36.44685113824882],[-119.54568295423891,36.4495322847233],[-119.54456412680706,36.45168183505138],[-119.54388565622243,36.453372321264425],[-119.54361896348256,36.45450216394588],[-119.54359709399696,36.45538151518665],[-119.54357055147527,36.45611789327239],[-119.54345681308219,36.45650866465981],[-119.54321798518413,36.456942980987805],[-119.54237986061729,36.45742804354198],[-119.54173881294908,36.457811556493766],[-119.54071390258355,36.45896271254406],[-119.54019421281865,36.45981554112548],[-119.53989117693733,36.46031282464043],[-119.53959270180273,36.46144849846402],[-119.53929917458868,36.46289269846237],[-119.53907494700893,36.464163689420026],[-119.53894545935229,36.466036014817966],[-119.53906907472192,36.46753913878238],[-119.53911765830743,36.467838210494094],[-119.53939569587101,36.46954989735535],[-119.53963119012107,36.472195010085535],[-119.53954501293923,36.47412420782691],[-119.53902445450345,36.47645415489951],[-119.53825805322553,36.478216793936745],[-119.53780593383799,36.479020485619436],[-119.53762583240328,36.479346849560436],[-119.53700299897578,36.480475480943745],[-119.5363083389531,36.48117701712109],[-119.53564232710313,36.48194232259588],[-119.53512647853438,36.482623755306896],[-119.53475075996343,36.48256574256453],[-119.53435690800016,36.4824481322659],[-119.53410236138124,36.48247071942024],[-119.53386403474309,36.48255595495488],[-119.53364696853279,36.4826407360825],[-119.53258754399573,36.483207258414915],[-119.53037485151712,36.484290722454794],[-119.5290042478707,36.48484822544117],[-119.52866075636057,36.48514056177855],[-119.5282396863425,36.48537345775686],[-119.52781563840927,36.4855147932069],[-119.52737932038757,36.48566656708717],[-119.52674373806954,36.48589382433536],[-119.52568178207999,36.486191192224176],[-119.52429357325063,36.48653618148638],[-119.52358370205522,36.48680571684315],[-119.5231523193777,36.487110076820485],[-119.5230103738847,36.4873981311619],[-119.52299106639433,36.487968645856284],[-119.52300889525775,36.48851801180062],[-119.52302006580832,36.489250764497264],[-119.52296466311147,36.489486085594464],[-119.52280171410882,36.48989514705884],[-119.52213111276608,36.49073022878752],[-119.52167207545251,36.49122550559109],[-119.52077943033446,36.49156629958734],[-119.51979736601473,36.49160851407221],[-119.51862461541133,36.49159889443214],[-119.51737329994978,36.49177648420583],[-119.5157561698433,36.49222094180885],[-119.51415088582047,36.49303225457018],[-119.51212998634998,36.49407016741314],[-119.51147277529485,36.494632806843015],[-119.51050155813215,36.49548807744447],[-119.5096715947597,36.49634374661586],[-119.50811975600467,36.49767621134925],[-119.50730242923332,36.49845871170062],[-119.5063038745399,36.49922071820684],[-119.50561557997932,36.49980612978373],[-119.50549841900504,36.49990577560285],[-119.50550076899783,36.499978610534534],[-119.50514029393894,36.49999833588278],[-119.50492335618772,36.500270138770084],[-119.5045722685235,36.50058121202413],[-119.50427975999904,36.50084245490965],[-119.50393861488841,36.50099539528851],[-119.50353693949734,36.501137459001015],[-119.5034055204628,36.501261693679034],[-119.50329618111971,36.5016041260096],[-119.50324384976284,36.5018481830841],[-119.50318688130247,36.50196719657147],[-119.5031733598608,36.50199543423041],[-119.50304131110731,36.502099271895524],[-119.50268838549006,36.502283737936565],[-119.50229767493532,36.50253337898261],[-119.5020249553982,36.502732254047146],[-119.50160965795416,36.50283754357006],[-119.50127664529182,36.503021590484856],[-119.50108413722474,36.50323487425949],[-119.50101686418975,36.50362259487249],[-119.50084582406132,36.50388371557365],[-119.50013657719508,36.50476778134529],[-119.49980614090096,36.505032247144534],[-119.49928473086227,36.505558252391225],[-119.49872087722306,36.50600466277594],[-119.49831590321824,36.506431648701806],[-119.49799165990969,36.506889132504604],[-119.49768061285266,36.50713709220838],[-119.4970507572946,36.50739172428551],[-119.49578587817058,36.50774013113898],[-119.49480148811257,36.508130945518054],[-119.49319340943087,36.50896938950612],[-119.49082158938288,36.51024226805816],[-119.48863005941571,36.51154353097047],[-119.48706941267938,36.51262234315259],[-119.48586896072753,36.513741915343374],[-119.48508988871254,36.514321525000774],[-119.48431594967107,36.515061975999345],[-119.48329373514972,36.51614561890744],[-119.4816778851425,36.51799812760991],[-119.48034701847266,36.51941009178877],[-119.47947087271145,36.52069990822329],[-119.47913247734392,36.52176172163803],[-119.47907884792144,36.52271147223664],[-119.47912338818986,36.52323003438114],[-119.47929060059685,36.52408484323867],[-119.47921967141866,36.5244928700866],[-119.4788683672605,36.52488415066713],[-119.47815348975402,36.52528298591975],[-119.47735902420833,36.52581898507052],[-119.47612283547785,36.52654485184904],[-119.47516773948128,36.527310043928296],[-119.4737386887475,36.52901110632594],[-119.47259501840645,36.5308869281182],[-119.47186364783137,36.53252832328977],[-119.47119542432918,36.53527514129032],[-119.4709424192193,36.53787783106767],[-119.47093186221808,36.541062743953134],[-119.4710260137447,36.544019615503615],[-119.47091208670543,36.545715957851876],[-119.47064324160215,36.54782207413132],[-119.47013548954904,36.5494588253565],[-119.46936659185296,36.55080735946142],[-119.46864500752456,36.551883868373245],[-119.4682530770577,36.55241859421954],[-119.46786470751258,36.55315771646275],[-119.46760159815238,36.55438161974546],[-119.46754297499527,36.55468949451193],[-119.46717807303865,36.556605759706464],[-119.46661452392831,36.55960818339293],[-119.46644286216574,36.56111818934813],[-119.46564982404301,36.56208721229334],[-119.46425932091641,36.5632679697355],[-119.46291382518216,36.564137631468355],[-119.4622663976788,36.56450547000499],[-119.46197434639677,36.56482165521218],[-119.46140147457042,36.56580825945965],[-119.4605871652401,36.56784106513202],[-119.4580151960552,36.574017971935575],[-119.45793948065315,36.57463598987777],[-119.45787451000022,36.575185632951815],[-119.45753769926088,36.57560796262708],[-119.45699759348449,36.5767655577084],[-119.45613327404396,36.57874398650962],[-119.45530919463664,36.580698304979656],[-119.45484886913894,36.58207991671047],[-119.45421256457544,36.58321105266818],[-119.45339588998097,36.58461693825103],[-119.45197238005589,36.587424374042904],[-119.45108082728922,36.58965738137993],[-119.45090513298933,36.59009741711138],[-119.44985905112917,36.592445336693046],[-119.44883874822273,36.59472495266881],[-119.44754577249158,36.5963551632685],[-119.44627716805408,36.59787192743686],[-119.44461660440363,36.59939672035279],[-119.44384039621774,36.60054196623329],[-119.44347411894044,36.60136259768821],[-119.44343308749153,36.60183775309171],[-119.44361601143282,36.602308311048],[-119.44394747000973,36.603046864281936],[-119.44416409514723,36.603697421706855],[-119.44417906197818,36.604171429090414],[-119.44417315375856,36.60487172833477],[-119.44422110223516,36.605503162543386],[-119.44426329430742,36.60581356875889],[-119.44439529455191,36.60600143053048],[-119.44447471909774,36.606520700150476],[-119.44446979902494,36.606863832428964],[-119.44420877734947,36.60758065892223],[-119.44390852624552,36.60855238989567],[-119.4436240208119,36.60952379422892],[-119.44322765805741,36.610446672427955],[-119.44296702086088,36.61117619410398],[-119.44258318960458,36.61199717607389],[-119.44197192288466,36.61310232778457],[-119.44146007720883,36.61386241071688],[-119.44115199998214,36.614451439317875],[-119.4407047952775,36.615306469270244],[-119.44041297845577,36.61647294830249],[-119.44011757915267,36.61752597468166],[-119.4399011606277,36.618602611272365],[-119.43984655293988,36.618856011007324],[-119.43981298379603,36.619105147330465],[-119.43975958883387,36.619411156205565],[-119.43966854637645,36.62002285307373],[-119.43967401442158,36.620696094561175],[-119.43970003322545,36.621521376766296],[-119.43979746629782,36.622611994882604],[-119.43980082240373,36.62313494349806],[-119.4399109926885,36.623962733043875],[-119.43997043510912,36.62518118041299],[-119.44010962007926,36.626262471886804],[-119.44013578081696,36.627091980425625],[-119.44016995452701,36.62817542731678],[-119.4401841964175,36.62929315984843],[-119.440216772923,36.6303258122234],[-119.4401411266912,36.6312590493425],[-119.43976287576947,36.63192745503798],[-119.43912935867831,36.63249944171641],[-119.43813448617924,36.632943313209836],[-119.4374315293166,36.633313437730244],[-119.4372036797296,36.63341974099835],[-119.43686046669721,36.63386719998918],[-119.43578879452957,36.635210428558345],[-119.43527624008294,36.63628811638443],[-119.43497661510477,36.6367854984732],[-119.4345546800091,36.63740395583318],[-119.43445876778452,36.63749110598415],[-119.43426859443886,36.637663903778645],[-119.43396096187824,36.637907347475796],[-119.43264267252071,36.638764335223534],[-119.43053142499049,36.63980690084981],[-119.42986825451179,36.64010841474745],[-119.42918141791691,36.640325705646845],[-119.42872671317797,36.64057214019737],[-119.42798482063597,36.641044642192306],[-119.42679032451444,36.64183128397728],[-119.42599919351508,36.64274521972022],[-119.42561598389298,36.64326121819833],[-119.42518491652412,36.643591857372414],[-119.42458684156415,36.64395977418804],[-119.42411002928608,36.6441727584342],[-119.42382547354677,36.6444834659275],[-119.42351937530869,36.64477767603419],[-119.42311407162215,36.64526024070946],[-119.4224693956585,36.6461542271714],[-119.42226217228875,36.646920735398695],[-119.42209536951354,36.647635595881866],[-119.42194851832076,36.64831617319838],[-119.4218404977045,36.64889432725832],[-119.42182446906489,36.649724700622485],[-119.42187868688386,36.650113211389844],[-119.42197810792793,36.65060244235413],[-119.42196346449047,36.65080601812715],[-119.42187698098313,36.65140066983393],[-119.42168226216214,36.65189588233845],[-119.42120188806396,36.65266794687842],[-119.42077392257778,36.653100143798206],[-119.42032388907832,36.65349890654547],[-119.41984701571477,36.65371187954604],[-119.4192198748655,36.653826260872194],[-119.41804381217362,36.653867095295276],[-119.4173924841853,36.653880324084135],[-119.41691082639456,36.653940923093124],[-119.41655470097825,36.653982033475145],[-119.41632728887083,36.654105229722994],[-119.41587617110484,36.65447011921204],[-119.41542028328466,36.6546826470338],[-119.41489092495235,36.655235457904105],[-119.41457273179725,36.65581786596506],[-119.41449359291565,36.65664952021845],[-119.4145179273784,36.65742825927966],[-119.41454702021717,36.65835935279586],[-119.41447672345292,36.6588012153292],[-119.41440075742095,36.659734441862966],[-119.41431050458266,36.66021058937414],[-119.41397075096242,36.66077649087307],[-119.41336311343623,36.66151721865552],[-119.41230480281011,36.66263975662296],[-119.41121277571645,36.66335641532951],[-119.41067329696416,36.66358755808143],[-119.40972305007345,36.66413193111152],[-119.4087507181015,36.66464286617832],[-119.4079811242111,36.66491253643415],[-119.40747890308518,36.664990448668945],[-119.40666516957498,36.66519324492921],[-119.40574635563438,36.665398159135016],[-119.40455488503875,36.66562550628169],[-119.40407389469627,36.66565106486956],[-119.40352625385131,36.66568016072096],[-119.40310913192893,36.66579022247638],[-119.40271512994698,36.665967574166174],[-119.40255596824159,36.666258765892884],[-119.40245756678534,36.66671417354825],[-119.40244567758258,36.6667691824498],[-119.40224659115268,36.66712893776543],[-119.4018625784367,36.66762794007572],[-119.40152427559565,36.66824459843374],[-119.40143288728683,36.66868687977964],[-119.40140664929402,36.66919560354587],[-119.40141717126095,36.66953418619762],[-119.40143348736144,36.67005899014655],[-119.40144506844211,36.670431432206776],[-119.40160638790083,36.67088555065753],[-119.40176823646726,36.671356598547014],[-119.40177981934454,36.67172904081141],[-119.40160857350192,36.67230844998273],[-119.40126502719454,36.67343340705444],[-119.40098610389207,36.674607879608914],[-119.40087424657122,36.675745102282875],[-119.40077915361019,36.676595733744186],[-119.4007210083568,36.6776590766674],[-119.40067787485009,36.67863748364011],[-119.40061449241863,36.67896460714342],[-119.40026490494095,36.67954929379476],[-119.39998329926907,36.679954872444455],[-119.39973614129337,36.680285702731815],[-119.39937034730968,36.68089759561011],[-119.39902790323514,36.68155244588744],[-119.3987406166174,36.68195208566925],[-119.39832485384602,36.682278085640704],[-119.39791065863481,36.68265487313842],[-119.39765174171207,36.68295230023497],[-119.39754651934788,36.68311958432612],[-119.39731360685597,36.683238616826905],[-119.39696797376217,36.68328369323349],[-119.39676658674685,36.68340209296662],[-119.3965987015017,36.683583339615446],[-119.39660382549211,36.683748402783166],[-119.39662944185075,36.684065507608906],[-119.39672127123235,36.68448291722903],[-119.39671694404763,36.68485144546966],[-119.39654195492523,36.68531234047395],[-119.39632795107173,36.68604082698838],[-119.39600595534803,36.686847717534086],[-119.39531169417731,36.68794371675019],[-119.39446613245825,36.68916345853778],[-119.39374088569846,36.69019443433594],[-119.39301615906322,36.69124233918034],[-119.3920472272146,36.6923015005831],[-119.39133100313353,36.69311629712929],[-119.39096284208907,36.69345401962194],[-119.39055131038266,36.6939196602956],[-119.39049532288259,36.69414947375415],[-119.39049883080376,36.69477194120942],[-119.39051138386154,36.695686437637455],[-119.39058700224555,36.69659966630043],[-119.39058539515952,36.69705707102712],[-119.39045377939397,36.697476856170496],[-119.39025560924564,36.69787045226901],[-119.39011578916663,36.698110416858036],[-119.39012313199576,36.69834742545977],[-119.39017195004155,36.69924425329276],[-119.39024865179378,36.69968314914007],[-119.39026858630825,36.700326458877015],[-119.39050242496323,36.701084046225866],[-119.39054910232369,36.701423495409664],[-119.39045328442224,36.70176844709791],[-119.38997311334332,36.70231169506276],[-119.38932058520577,36.70263924939141],[-119.38801196082237,36.7031800640686],[-119.38635329621042,36.70349919754982],[-119.38569279282976,36.703569614332345],[-119.38518924758714,36.70367797043226],[-119.38505799653763,36.70370621573472],[-119.3845739950423,36.703744498625255],[-119.3840202097208,36.70382229591082],[-119.38349391015203,36.704023412548274],[-119.3830358564937,36.704518547141326],[-119.38234884382905,36.70564715766677],[-119.38200090116668,36.706195663685676],[-119.3814109963842,36.70702058492066],[-119.38086054471071,36.70759060792635],[-119.38053840345994,36.707889268011236],[-119.3803258539789,36.70816032495232],[-119.38023270946368,36.70872119988291],[-119.3802093056556,36.70949666235619],[-119.38007511711507,36.710261632323835],[-119.38007051414758,36.71031438913895],[-119.3800284927552,36.710796172020295],[-119.37981897598655,36.71167699284319],[-119.37950620865577,36.712280376007286],[-119.37913829913957,36.712630764908134],[-119.37867262866597,36.712881470911555],[-119.37818452456476,36.71291663756587],[-119.37807690190213,36.71289873954548],[-119.37750248407518,36.71280321903495],[-119.37746026235853,36.71296922764924],[-119.37735573888362,36.713161889858014],[-119.37709311820696,36.71334500348327],[-119.37670550504333,36.713568729299396],[-119.37589834270939,36.71400410983273],[-119.3748135497487,36.71464830353135],[-119.3740863931706,36.715120190190675],[-119.37324778171693,36.71581663141949],[-119.37251680729888,36.71667819778323],[-119.37213054879466,36.71725698891631],[-119.37161166841184,36.718034493073425],[-119.37129030420378,36.71853215053494],[-119.37078852235406,36.71932138174643],[-119.37052607774719,36.71968234722175],[-119.37024311741585,36.720060661551805],[-119.36991341414699,36.72028744605535],[-119.36946561206271,36.720522936794495],[-119.36859251428524,36.72087064623295],[-119.36825059303023,36.721042615270754],[-119.36790945600445,36.7212399785894],[-119.36761835963158,36.721525282057456],[-119.3673919096198,36.72186011332069],[-119.3672293325197,36.72221908243795],[-119.36723309915565,36.72234186052204],[-119.36723790693908,36.72249842180754],[-119.367287149888,36.72260390995554],[-119.36737305847358,36.722787943599094],[-119.36760011305152,36.7229867007349],[-119.36784176974443,36.72314705382602],[-119.36806687767314,36.72328232725284],[-119.36837124216278,36.723428727030665],[-119.36856519651744,36.723577322609835],[-119.3686479259652,36.72368564689579],[-119.36873348420782,36.7238697564299],[-119.36876207578668,36.72393350369252],[-119.36877402248165,36.724033317535806],[-119.36878553079876,36.72411884458884],[-119.36882026595583,36.72438257280339],[-119.36883637903712,36.724618085547725],[-119.36883944678378,36.72471807418513],[-119.3688159028385,36.724818596943244],[-119.36874887953516,36.72494856380677],[-119.36860419058729,36.725151546859266],[-119.36858974028766,36.725259034432575],[-119.36859325180208,36.72537330866533],[-119.36858076971119,36.72554506745939],[-119.36850421348608,36.725653792893745],[-119.36844561907503,36.725769299189004],[-119.3683779319167,36.72587784502472],[-119.36835504194494,36.72599979357571],[-119.36832284363021,36.72610763132305],[-119.36833434835405,36.726193158226074],[-119.36838977800036,36.726263521811006],[-119.36843787200401,36.726384054229534],[-119.36845195758768,36.726451462762085],[-119.36847951161236,36.72658332333743],[-119.36828694605313,36.7266729148156],[-119.36814717987302,36.72674716378281],[-119.36802537640534,36.72682819791951],[-119.3678414679105,36.72691047108226],[-119.3676480246972,36.7269714949617],[-119.3674468101584,36.72706840112238],[-119.36720342151361,36.72723761455345],[-119.36704186220474,36.72746951787318],[-119.36687340293614,36.72776587016198],[-119.3667697759799,36.727860839277405],[-119.36655990078343,36.727965065845645],[-119.3664722710258,36.72800254034621],[-119.36639570851244,36.72811125870134],[-119.36636569579878,36.728290517906],[-119.36627532887448,36.72852815268628],[-119.36615440485745,36.72863775227141],[-119.36597251308042,36.7287378515916],[-119.36575445602834,36.72896134250306],[-119.36557963129763,36.72905057769913],[-119.36545300477519,36.72916743819594],[-119.36531630185019,36.72934167240844],[-119.36522381759674,36.72938415868161],[-119.36516454944926,36.72941138945379],[-119.36483534474537,36.72948463573355],[-119.3646250203913,36.72957457373228],[-119.36447210467206,36.72960620417254],[-119.36428339647863,36.72962900777302],[-119.36407220165701,36.7296903743572],[-119.36389532427587,36.72971294754268],[-119.36360073076162,36.72975691746532],[-119.3634789973625,36.729831433438555],[-119.36339157960727,36.72988494861907],[-119.36324333153425,36.73006893529628],[-119.36311581927293,36.73015722389159],[-119.36295223426306,36.73022717562469],[-119.36274336607804,36.730364724621715],[-119.36266289319825,36.7304425539901],[-119.36259512069998,36.73054871374917],[-119.36257379289849,36.73062536651595],[-119.36254034323058,36.73069273100771],[-119.36244832340611,36.730780316925895],[-119.3624619059332,36.73083721668896],[-119.36233672659671,36.73100169169946],[-119.36222046663262,36.73107069880081],[-119.36190541398774,36.73121988435504],[-119.36161722725807,36.731473354061706],[-119.36137869939732,36.73180205982202],[-119.3612760138755,36.731927973798136],[-119.36114967032238,36.73205435337338],[-119.36097453926617,36.732134053608895],[-119.3607734163555,36.7321380493097],[-119.36048801350492,36.73209607068268],[-119.36032515163883,36.73206099920255],[-119.36028543083192,36.73205244623414],[-119.36007218066496,36.73204715030474],[-119.35998456348369,36.732050565732855],[-119.35957557311127,36.732066530553546],[-119.35937531797317,36.73209908653834],[-119.35927058698746,36.73215833594744],[-119.35919412418713,36.73222982726018],[-119.35905192536922,36.732362775107624],[-119.35872852737536,36.732626462771215],[-119.35854301808264,36.73275400893992],[-119.35846282098566,36.73284135996628],[-119.35838408544764,36.73297632114191],[-119.35842540884902,36.73316607358194],[-119.35842919884121,36.733289867991544],[-119.35838420222865,36.733366993898464],[-119.35828034350705,36.73345481074447],[-119.35825434716105,36.733567972003705],[-119.35823855657499,36.73363667946664],[-119.35820539257132,36.73371356600801],[-119.35811278794364,36.7337821055968],[-119.35787762068034,36.733834408541114],[-119.3578260439083,36.73385166598516],[-119.35751434736933,36.733955955694505],[-119.35736257969704,36.73402566135088],[-119.35728150943757,36.73408443916037],[-119.35712799633869,36.73409701197879],[-119.35694218521206,36.73421503683562],[-119.35679536815529,36.734446633992405],[-119.35660006003948,36.73464107597405],[-119.35655892618261,36.734690944276515],[-119.35652015309833,36.73473794653832],[-119.35630059765636,36.73491381024768],[-119.35605796179979,36.73510919053938],[-119.35586385473154,36.73515315089248],[-119.35567072413195,36.73522167551768],[-119.35545596210036,36.735374924849594],[-119.35531003347741,36.73547594335683],[-119.35519451013184,36.7356854051535],[-119.35495346878493,36.73577740923521],[-119.35478833957109,36.7356934444194],[-119.35454480090768,36.735567939770505],[-119.35432950527681,36.735495972822946],[-119.3541473754462,36.73534711881986],[-119.35401490358619,36.73527351313497],[-119.35380911033438,36.735125123767595],[-119.35355890796819,36.73507290593306],[-119.35333382070071,36.73506782906726],[-119.35308448520877,36.73504417469821],[-119.35284494853992,36.73495362613529],[-119.35245774410977,36.73479292981796],[-119.35223456486395,36.734737013519826],[-119.3517968041479,36.73474566769806],[-119.35137174471167,36.73478265438232],[-119.3509091572561,36.73475368762448],[-119.35075564146224,36.73476624809464],[-119.35063848857277,36.734806680311166],[-119.35049106964478,36.73501922086805],[-119.35040368153393,36.73525916375459],[-119.3503136676475,36.73536604612851],[-119.35028942930451,36.735394826917044],[-119.35006811675785,36.73551353801689],[-119.34977581125261,36.735633659243305],[-119.34941135755533,36.73571709066932],[-119.3490451566348,36.7357433753905],[-119.34880968394434,36.73578614320645],[-119.3485283405805,36.73587745533294],[-119.34835115058564,36.73589047924187],[-119.34817541945479,36.73595112307096],[-119.34801181019046,36.73602105224753],[-119.34798008438956,36.736145550443425],[-119.34787795492491,36.73629049956204],[-119.34774983630075,36.73635972652061],[-119.34757410516993,36.736420367819306],[-119.34745810931055,36.73649888503766],[-119.34735869994458,36.73657002459466],[-119.34730748429529,36.7366066756445],[-119.34726565334579,36.7367486715709],[-119.34725383870317,36.73678877734744],[-119.34720466672114,36.73686576079829],[-119.34711823980767,36.73700108204854],[-119.34697051545245,36.73720409875165],[-119.34680096652741,36.73747361390333],[-119.34672788947735,36.73761191444631],[-119.3465290518808,36.73774491416451],[-119.3463801309696,36.737803841023805],[-119.34605655600762,36.737838216623864],[-119.34594494841842,36.73798038160641],[-119.3457982984483,36.73811390980538],[-119.34556826954844,36.73817443309621],[-119.34537441850001,36.73828089531577],[-119.34523051917128,36.738381856727266],[-119.34511655170782,36.73852703342653],[-119.34489695135011,36.73870287765738],[-119.3448282796382,36.73878046317113],[-119.34465398311688,36.73888871633836],[-119.34458762995673,36.7390424809836],[-119.34453049620636,36.739110306012314],[-119.34435214468985,36.73908523544341],[-119.34422928121012,36.739079072542566],[-119.34407943054264,36.73907155482514],[-119.34385345663799,36.739037891740004],[-119.34349791692324,36.739025840205066],[-119.34316342473562,36.738927615193774],[-119.34285289420988,36.73883844402878],[-119.34262403491654,36.73870955386604],[-119.34239719683256,36.738647315511045],[-119.34212505940377,36.738652680094106],[-119.34190269313329,36.73875256047067],[-119.34157675919538,36.7389207446358],[-119.341392079946,36.73907683947175],[-119.34107810348283,36.73926406373475],[-119.34094910900131,36.73930471602491],[-119.34075603499558,36.73918464805499],[-119.3406221186446,36.73906340649104],[-119.34045213044341,36.738923824292925],[-119.34018517000558,36.738709919567306],[-119.33995775430489,36.73862863521215],[-119.33968359387006,36.738567325444265],[-119.33957478632958,36.7384932376435],[-119.33940624621262,36.738401267771856],[-119.33923021414617,36.73845236751777],[-119.33906572093956,36.738493717087906],[-119.33886199111794,36.73880264422702],[-119.33869433584152,36.739129912680234],[-119.33861903007127,36.73937914210501],[-119.3385653593263,36.739561242270135],[-119.33844876518894,36.73962070476249],[-119.33828225256956,36.7395953910421],[-119.33806695514204,36.73952339403607],[-119.33794834877847,36.73951619382787],[-119.33765398163965,36.73956962307142],[-119.33734663384494,36.73958519327607],[-119.33700147685828,36.73952527435432],[-119.33687997612284,36.73942284517621],[-119.33667651849079,36.73935061692737],[-119.33629845891019,36.73937710053053],[-119.3360141978183,36.73937315559798],[-119.33574205859288,36.73937849925381],[-119.33550512254682,36.73937361919957],[-119.33532388564161,36.73925330801821],[-119.33516775844522,36.73918014304588],[-119.33489214992616,36.73907121000208],[-119.33472361609739,36.73897923074462],[-119.334625786868,36.73887634011284],[-119.33450457628842,36.73878342981215],[-119.33446503604286,36.73865080335398],[-119.33432247700053,36.738634541870034],[-119.33411151843583,36.738705385734946],[-119.33390661631277,36.73873203513409],[-119.33379384899855,36.73882000349755],[-119.3336429913196,36.73882296653761],[-119.33346485719542,36.7388050227223],[-119.33325988769873,36.738780456692176],[-119.33309863651196,36.73873359656302],[-119.3328568765128,36.73866687046556],[-119.33243741178414,36.73859648513215],[-119.33214218944919,36.73852366291948],[-119.33195561475455,36.73852017219128],[-119.33172466957309,36.73851755612467],[-119.33155627677984,36.73852800311319],[-119.33138766569597,36.73853130595079],[-119.33123680891534,36.73853426324287],[-119.33110305066785,36.73851544541815],[-119.33079851909159,36.73842850974369],[-119.33066433055109,36.738395409328476],[-119.33051282159357,36.73837693701576],[-119.33034421320463,36.73838023698032],[-119.33010547334149,36.73841350081645],[-119.32979552941562,36.73844100986197],[-119.32944380035431,36.73855510106285],[-119.329169997449,36.738603339161756],[-119.32901133880016,36.73864217985108],[-119.32893342072903,36.73870802411153],[-119.32885484509114,36.73875244025004],[-119.32874900019446,36.738775950939456],[-119.3285981407189,36.738778905342635],[-119.32837275521075,36.738764261465064],[-119.32807860905748,36.738727138481394],[-119.32798077803146,36.738721904202606],[-119.3279862038558,36.738607456186465],[-119.3279833948239,36.73851460531087],[-119.3279888134617,36.73840015698571],[-119.32795507453626,36.738164980947],[-119.32788863603615,36.738023354784715],[-119.32778692249147,36.73788955934828],[-119.3277029587585,36.737755418849666],[-119.32755558115299,36.73757963939861],[-119.32742702684592,36.73743922806138],[-119.32733418865625,36.73730525739155],[-119.32728334760445,36.7370918549649],[-119.32725869513808,36.73686365004636],[-119.32716197353147,36.73660112086373],[-119.3271184995633,36.73633755051811],[-119.32701829878155,36.73625375261354],[-119.32701678781524,36.736203755022956],[-119.32701484745422,36.73613947585538],[-119.32701225581464,36.736053769254916],[-119.32705468414383,36.73598861743086],[-119.32710577313067,36.73591615485926],[-119.32710189240862,36.7357875931089],[-119.32706402033456,36.73570972020468],[-119.32693936022429,36.73569787044274],[-119.32673288515117,36.735623293211084],[-119.32650715468995,36.7354990713353],[-119.32634096187081,36.7352879280251],[-119.32619531801379,36.73516928280882],[-119.32590639825885,36.73501056312099],[-119.32554627444121,36.73484609021905],[-119.32533071560398,36.734764543320686],[-119.32527510000641,36.73468702142072],[-119.32527144116825,36.734565601411276],[-119.32525566585355,36.73433722052042],[-119.3252877177429,36.734222247620046],[-119.3254004886504,36.73413428694644],[-119.32559226099727,36.73401619429223],[-119.3257935536895,36.73391935449414],[-119.32599527757306,36.73383679870925],[-119.32614310613285,36.733733857988895],[-119.32629266394957,36.73368805163856],[-119.32648723814178,36.73366280651512],[-119.32684239517418,36.733663004496385],[-119.32712657182441,36.733664595545534],[-119.32724993656409,36.733633595277844],[-119.32724734582281,36.73354788587977],[-119.32723693345035,36.733387053432196],[-119.3272307063288,36.73329093781533],[-119.32721730346475,36.73314112130112],[-119.32721234296775,36.732976850296495],[-119.32721474955441,36.732762406323076],[-119.32722883154482,36.73264064129762],[-119.3272628130154,36.732589949489885],[-119.32734982113885,36.73253107622377],[-119.32749244216492,36.732549722009395],[-119.32763377410858,36.73252552258803],[-119.32782575306796,36.732414564979194],[-119.32795842525225,36.732397672223534],[-119.32809889032167,36.73234490105669],[-119.32824908773884,36.73232052302454],[-119.3284235333805,36.7322170575909],[-119.32842579354177,36.73217842387482],[-119.32842939219277,36.73211688793193],[-119.32831036451934,36.73199772737237],[-119.32820995353181,36.73190678860411],[-119.32811582805633,36.73172996767274],[-119.32792085501212,36.73144792246225],[-119.32782392948792,36.73117825440424],[-119.32776687478928,36.731088957604804],[-119.32768413546003,36.73095944390711],[-119.32757291145145,36.73080439882411],[-119.32753396948388,36.73069081663505],[-119.32754667076367,36.730537794820215],[-119.32751560522452,36.73037672639901],[-119.32743078899036,36.7302140168417],[-119.32741041250476,36.730194507251696],[-119.32735764546496,36.730143983740604],[-119.3273282247411,36.73005165540301],[-119.32727997353223,36.72992396075179],[-119.3270802322305,36.729777792946244],[-119.32694217913765,36.72961612103606],[-119.32694760136869,36.72950167168433],[-119.32701470641874,36.72937171900624],[-119.32705111783214,36.72929294394823],[-119.32706470754576,36.729263548175204],[-119.3270270582539,36.72919281583272],[-119.3269695067869,36.7290510104041],[-119.32693208297216,36.7289942540325],[-119.32689507597571,36.72893812471807],[-119.32685677720188,36.72884596916493],[-119.32694558015929,36.72880811996785],[-119.32718162866986,36.72872526997586],[-119.32739393740243,36.728699674751134],[-119.32746449018653,36.728683998661694],[-119.32757724761933,36.728596035243115],[-119.3277843793609,36.72839902705888],[-119.32791100408672,36.72818215403636],[-119.32791491355485,36.72801770610555],[-119.32798503155436,36.727987747536076],[-119.32814323655397,36.727934627025355],[-119.3282103407057,36.72780467817512],[-119.32827808625453,36.727696150902645],[-119.32844256957969,36.727557146347394],[-119.32847353450752,36.72740646473651],[-119.32849549472294,36.72732035095195],[-119.32859020320505,36.72715405583408],[-119.32871725373231,36.726951466151654],[-119.32887372678007,36.72684120392362],[-119.32904643328335,36.726680600786516],[-119.32921871129021,36.72650571109709],[-119.32928707577828,36.72637869022915],[-119.32932563596187,36.72622489877944],[-119.32935702938609,36.72608850661123],[-119.32938539818277,36.72585211132993],[-119.32923218512119,36.72577649852651],[-119.3290104889939,36.72570107429036],[-119.3289541134216,36.725681893316725],[-119.32866609018531,36.725551746252314],[-119.32837698447912,36.72538588723027],[-119.32833761311682,36.725258022817705],[-119.32828612887128,36.72502319532793],[-119.3282738057822,36.72490908905751],[-119.32826127069072,36.724787842229205],[-119.32823162987962,36.724688373534114],[-119.32814031613098,36.724604401631396],[-119.32810245573502,36.72452653394495],[-119.3280459786531,36.72442043930212],[-119.32801741851527,36.724356676603264],[-119.32792468812345,36.72431084665828],[-119.32767573711044,36.7242132868395],[-119.3275132282823,36.72412356072795],[-119.32712653858677,36.72395961028194],[-119.32702200792536,36.72402597043036],[-119.3268646724949,36.724107664097886],[-119.32672530157353,36.72419614675252],[-119.32662185068709,36.72429822327604],[-119.32648161199316,36.724358138961925],[-119.3264292411104,36.72438774757824],[-119.32628943270946,36.72446194619354],[-119.32616931807452,36.724600080091015],[-119.32592885434433,36.724869204599834],[-119.32566699813395,36.725047813281016],[-119.32541269945006,36.72512227694298],[-119.3250937094893,36.725142803038146],[-119.32496083787899,36.7251525447953],[-119.32480199507552,36.725184237537995],[-119.32472472468973,36.725271507894696],[-119.3245779821931,36.725410155862654],[-119.3244662982471,36.725533832455454],[-119.32425938210118,36.7257379803709],[-119.32410032549866,36.72576252393425],[-119.32394754632334,36.72570119237137],[-119.32374067778815,36.72561232840695],[-119.32361344669951,36.72551475800129],[-119.32348298526911,36.72531006156483],[-119.32338000509989,36.72513340616538],[-119.32321469532467,36.724950821769035],[-119.3231404890923,36.72484507619932],[-119.32311994731671,36.72475257156684],[-119.3231149931079,36.724588297736034],[-119.32309208337323,36.72441723017991],[-119.32296722293862,36.72439822673023],[-119.3227813300653,36.724416150152216],[-119.32264824016438,36.72441874653875],[-119.32247815674177,36.724372045407975],[-119.32234312737812,36.72431036208518],[-119.32220224638876,36.72434884351584],[-119.32203539330789,36.72440927253544],[-119.32179668668238,36.72444252010426],[-119.32163612180848,36.724417064575654],[-119.32154239159175,36.72432343835759],[-119.32142559802841,36.724206775694924],[-119.32128170319126,36.72414526576446],[-119.32117394308641,36.72410449168369],[-119.3210716573149,36.72405157369306],[-119.32103763003023,36.72399995098617],[-119.32102682239906,36.72393584448723],[-119.32102403043514,36.72384299170816],[-119.32095304556141,36.72384438135414],[-119.32088373963892,36.72383497280214],[-119.32067671120359,36.723806891864065],[-119.32043500240842,36.723740140552906],[-119.32031493268921,36.72358525513958],[-119.32019851462167,36.72355179263175],[-119.32006542561903,36.72355438760748],[-119.31996911903407,36.72359915092516],[-119.31989943042929,36.72364338643794],[-119.3197156854278,36.72373272717708],[-119.31946329207061,36.72390309927536],[-119.3193512083743,36.72401140294118],[-119.31910578145217,36.72411623955187],[-119.31882680155586,36.72428604630399],[-119.31859783446465,36.72434768356505],[-119.31840328003535,36.72437291447078],[-119.31820786681666,36.72436957646316],[-119.31790233361887,36.72424689378313],[-119.31756303185121,36.724182034348715],[-119.31743859991299,36.724177311013015],[-119.31726329638026,36.724252193130596],[-119.31694495590145,36.7242941242045],[-119.31658246412474,36.72434406618896],[-119.31637861303055,36.724355184003805],[-119.31616781706096,36.72443075140543],[-119.31593126010392,36.724535407439355],[-119.31569341586109,36.724597210824186],[-119.31545513773196,36.72464472615659],[-119.31523726393623,36.724484600117876],[-119.3151083278452,36.724329886130505],[-119.31496734175292,36.72414196302805],[-119.31483729444585,36.72387777749233],[-119.31478971517684,36.723771505547305],[-119.31463502618323,36.72364587772688],[-119.3145119965152,36.72350075137082],[-119.3143674297382,36.72330804956818],[-119.31424908568266,36.72321029838769],[-119.31409932215175,36.72324894381625],[-119.31395822646502,36.72328027228973],[-119.31372968158199,36.7233561856426],[-119.31336719609352,36.72340611599652],[-119.31313822451075,36.72346773812323],[-119.31287376498268,36.72353005646638],[-119.31271513238497,36.723568870220184],[-119.31252880652366,36.72357249339304],[-119.31230677712144,36.723569664409354],[-119.31215594549364,36.72357259203666],[-119.31191252900109,36.72344868475673],[-119.31180002579156,36.72345785646703],[-119.31164485889421,36.7234038637491],[-119.31150246693852,36.7233923361005],[-119.31136115116456,36.72341651967954],[-119.31129145806817,36.72346075169736],[-119.31112782904087,36.72361633074677],[-119.31102454434276,36.72373750886216],[-119.31093945681735,36.723860653891045],[-119.31084314394418,36.723905401909754],[-119.31051806789738,36.724018914933154],[-119.31037022855779,36.72412183915725],[-119.31024836939456,36.72420281414239],[-119.31004643800014,36.72427820312902],[-119.30988801830314,36.72432415837688],[-119.30958154007767,36.72446589261236],[-119.30937073692155,36.72454145270486],[-119.3092663993979,36.7246149412353],[-119.30913802026235,36.724774658033596],[-119.3090263102652,36.72489831836952],[-119.3088239503744,36.72495941944929],[-119.30826475719486,36.72496312175801],[-119.30803449383473,36.72498188314341],[-119.30797725498145,36.72499195828704],[-119.30776072057378,36.725030075049744],[-119.30740645467014,36.725058389544685],[-119.30721231975409,36.72509788365751],[-119.30697639071944,36.72522395406955],[-119.30679348474445,36.72534184280373],[-119.30664478122557,36.725416191699125],[-119.30645363859773,36.72555568037495],[-119.30629692749643,36.72565877174108],[-119.3061304777591,36.72573346809267],[-119.30585478030683,36.72571736875407],[-119.30564140347741,36.72570721090486],[-119.30548425759149,36.72579601571911],[-119.3052221300899,36.7259368817931],[-119.30500159009438,36.72598403701474],[-119.30475421921795,36.726024561696434],[-119.30464944870636,36.726083764672666],[-119.30455505193969,36.72619278886512],[-119.30443553019283,36.72635233174195],[-119.30434049113072,36.72643992405102],[-119.30418163125924,36.726471589622435],[-119.30405826562128,36.72650256470192],[-119.30380564858359,36.72666468452585],[-119.30357044089612,36.726837768823884],[-119.3035363507294,36.72686285851238],[-119.30339715767445,36.726958455859894],[-119.30318697615247,36.727055430436465],[-119.3029586288988,36.72713846726829],[-119.30270280218063,36.727193440870344],[-119.30231282105791,36.72721528039775],[-119.30190252543335,36.72715175473702],[-119.30176290208539,36.72710256121149],[-119.30149876415419,36.72700949194284],[-119.3012762981707,36.72699235607997],[-119.30117003286249,36.7270015568868],[-119.3010103204898,36.72700464566203],[-119.30084130785899,36.72699362254995],[-119.30063049032978,36.72706916719556],[-119.30042201470856,36.72722327591105],[-119.30032586892202,36.72731305672032],[-119.30025789969267,36.72737652680829],[-119.3001377257689,36.72751463602367],[-119.30001606064177,36.72760274683871],[-119.29986670853926,36.72765566238242],[-119.29967150193308,36.72765943583997],[-119.29950163859769,36.72761983792614],[-119.29927618751252,36.72750270579797],[-119.29921086472001,36.727476367136305],[-119.29898862780692,36.727386769395565],[-119.29885595831755,36.72740362797413],[-119.29868126923246,36.72749990791858],[-119.29851105196084,36.72757397968894],[-119.29842735412919,36.72761916041703],[-119.29829617404658,36.72768601635481],[-119.29814786309149,36.72782346982579],[-119.29794844069166,36.727884495859584],[-119.297641406409,36.72790948296811],[-119.29734677067391,36.727953287606866],[-119.29713637175965,36.72804310716182],[-119.29692852675574,36.72821864349443],[-119.29680349294627,36.72839257674769],[-119.29676014384394,36.72852681424359],[-119.2967646848277,36.72867918992545],[-119.29688923444519,36.7288864145789],[-119.29698056795677,36.72917051248455],[-119.29690484357158,36.72941019574081],[-119.29677867698655,36.72954603555176],[-119.2964617908802,36.729637911636516],[-119.29627330906222,36.729706868845746],[-119.2960477250264,36.72997782073168],[-119.29588100848945,36.73020973161521],[-119.29560348745716,36.730431069155884],[-119.29537405144538,36.7306768962141],[-119.29511570405448,36.73101220882661],[-119.29484423227731,36.731436709920544],[-119.29449916961374,36.732040504474426],[-119.29418565757959,36.73264368520967],[-119.29390027628855,36.73313197954477],[-119.29362728007033,36.73350569132367],[-119.29328890716069,36.733804427763445],[-119.29296781873542,36.73415365370971],[-119.29279970172497,36.734272829641256],[-119.29262202574155,36.734348663014686],[-119.29253181781901,36.73442092260721],[-119.29251127334845,36.73452613448547],[-119.29251665246042,36.73470707557005],[-119.29247442625216,36.73487940742087],[-119.29240711818288,36.73500458131267],[-119.2923400930829,36.735139278075295],[-119.2922860342657,36.735311832129995],[-119.2922899949378,36.73544515835516],[-119.29230853526694,36.735514422791724],[-119.29234327401731,36.7356442398082],[-119.29233427289816,36.73573969807853],[-119.29224273367238,36.73584627886057],[-119.29221403968559,36.736075519873125],[-119.29214956220775,36.736295924782],[-119.29206481783879,36.736631066713706],[-119.29200034036096,36.73685146858778],[-119.29195811055945,36.73702379994427],[-119.29195548568221,36.73712213105726],[-119.29195250776702,36.73723354403712],[-119.29194577399565,36.73740518775444],[-119.2919525706491,36.737633748850676],[-119.29195710893792,36.737786120137095],[-119.29193825689336,36.73794847313844],[-119.29194137135245,36.73805322809084],[-119.29195830010397,36.738224422204425],[-119.2919617056172,36.738338699458275],[-119.29203694940374,36.7384801803415],[-119.29213586020472,36.73862120887601],[-119.29221166723492,36.73878173664553],[-119.29234607945592,36.73892207425874],[-119.2924695034844,36.73909121693376],[-119.29255686374748,36.73924199079418],[-119.29260787727581,36.73936488059738],[-119.29268426012612,36.73954445618903],[-119.29279727357874,36.739761437492675],[-119.29290630390142,36.740015010015675],[-119.29303399313083,36.74015708458214],[-119.29316869011781,36.74030694499412],[-119.29317181086512,36.74041170464641],[-119.29308196406534,36.7405754212814],[-119.29285041072444,36.740751402633094],[-119.29271125000884,36.7408493755176],[-119.29254729040149,36.74090970660757],[-119.29237092865333,36.740951223301934],[-119.29223148856167,36.741039664951266],[-119.29211797744237,36.74120384311749],[-119.2919802243868,36.741349428398685],[-119.29179656742022,36.741543543357125],[-119.2916331728532,36.74162292132328],[-119.2914103295773,36.741693917919044],[-119.29121115241756,36.74176445086204],[-119.29109480711354,36.741833396459576],[-119.29095592218073,36.741940890914],[-119.29076800809801,36.74199215386983],[-119.29052177898033,36.7420731222469],[-119.29039990185076,36.74212513951976],[-119.29035809515578,36.74214297746046],[-119.29011073416083,36.742185856167296],[-119.28999126900783,36.74215004065033],[-119.28975404370424,36.74213555002462],[-119.2895771142208,36.74215801085327],[-119.28943625119773,36.742198840133895],[-119.28918803680324,36.74221314358629],[-119.28901223919709,36.74227369963746],[-119.28888377382324,36.74233334574986],[-119.2886369751737,36.74239526942101],[-119.2883893294128,36.74242861933882],[-119.28816450265674,36.742432943475016],[-119.28795262781045,36.74247513240441],[-119.28758722010232,36.74252980852566],[-119.28736380280296,36.74258174486592],[-119.28711586958119,36.742605572555206],[-119.28692738866154,36.74263777998345],[-119.28665574261119,36.74270077814058],[-119.28647041657483,36.742799025677506],[-119.28635576100184,36.74292510589712],[-119.28627914189462,36.743136209484476],[-119.28621153558466,36.743251852883816],[-119.28609941865069,36.74346364589887],[-119.28597279572148,36.743689913547854],[-119.28579489426093,36.74397452318409],[-119.28561149331422,36.74417815129727],[-119.28539259543902,36.74438245551148],[-119.28509000781705,36.744559786452555],[-119.28490123853818,36.7447379627816],[-119.28464008121713,36.744959109431846],[-119.28448935199728,36.74506682409369],[-119.28437412240082,36.74517385333207],[-119.28406139279927,36.74540855152879],[-119.28378331840477,36.74561399122224],[-119.28362425012415,36.74565254619474],[-119.28339396700107,36.7456107484345],[-119.28322618596053,36.74564255654146],[-119.28304128842053,36.74569613268228],[-119.2828557530767,36.74572827978844],[-119.28248060583427,36.74584839870628],[-119.28211636413937,36.74594971655025],[-119.28189596517936,36.746003973422546],[-119.28175860738253,36.74608982223344],[-119.28170443986922,36.74612367873513],[-119.28153842671314,36.746225230155126],[-119.28131020342698,36.74631536520569],[-119.28107268078104,36.746391388949455],[-119.28082649927406,36.7464747201458],[-119.28040365687993,36.74659002668182],[-119.2802893282937,36.74662795276965],[-119.2800484746947,36.746812818515714],[-119.28001543016696,36.746724916177996],[-119.27992836455131,36.7465836549187],[-119.2798167866065,36.746414276820836],[-119.27972774829047,36.74620634943278],[-119.27963645430478,36.74592223322998],[-119.27961983457371,36.7457605672457],[-119.27956996190578,36.74567576108438],[-119.27948487438039,36.74560116331449],[-119.27934117268099,36.74554674419783],[-119.27907801840503,36.74545649739201],[-119.27877992056287,36.74538598007904],[-119.27853427175684,36.745373092387965],[-119.27834066415184,36.74534675265872],[-119.27797626525177,36.74520986538936],[-119.27773537931341,36.74515322605796],[-119.27754077368016,36.745123850034446],[-119.27728620999326,36.745039320302176],[-119.27706314663008,36.74498780600305],[-119.27687511127483,36.744971718619894],[-119.27663836297666,36.744963123900405],[-119.27646701203116,36.74495984365418],[-119.27626267225348,36.74494406363085],[-119.27591308567412,36.7449343474192],[-119.27568950667802,36.744926644560145],[-119.27558656064475,36.7449230936577],[-119.27537879199764,36.74488331533348],[-119.27516041873861,36.74485249235471],[-119.27472470618139,36.744825822765975],[-119.27453970892843,36.74482061337725],[-119.27428899182758,36.7447991517283],[-119.27404888652518,36.74476874405631],[-119.27386156443224,36.74468481858875],[-119.27375083000547,36.74461693298152],[-119.27361810302394,36.74454071528534],[-119.273430780931,36.74445679172788],[-119.2732437211461,36.74438161042961],[-119.27303569917409,36.74433308658984],[-119.27300636289186,36.74432120432698],[-119.27287063104569,36.74426623651026],[-119.272674254833,36.744243737427624],[-119.27246571902465,36.74417772011719],[-119.27233273332827,36.74409275312337],[-119.27201295195177,36.743941353177036],[-119.2718142491025,36.743840144976026],[-119.27161529472494,36.74373018989832],[-119.27148154096903,36.74361898934265],[-119.271379612727,36.743480927812286],[-119.27128906793625,36.74336015013361],[-119.27123189825323,36.743264984237655],[-119.27118301552875,36.74308216005911],[-119.27116879968938,36.74296867593758],[-119.2711626102971,36.74275878411087],[-119.27115925868274,36.742645090755396],[-119.27116713600947,36.74253849997733],[-119.27117480043549,36.74243478628981],[-119.27117119459793,36.742312346989245],[-119.27116706953414,36.74217241653221],[-119.2711642335528,36.742076214734894],[-119.2711497589986,36.74195398290015],[-119.27107991408697,36.741797810412066],[-119.27100024070778,36.74167682564544],[-119.27094229937197,36.74155542173089],[-119.27089496624133,36.741425070497634],[-119.27085695313177,36.74124203965531],[-119.27084247678098,36.74111980937152],[-119.27078298854622,36.74094593518506],[-119.27069038571517,36.7407551927238],[-119.27063012492927,36.74055508287783],[-119.27059057120897,36.7403195736631],[-119.27056574267286,36.74021504424354],[-119.27056291028477,36.74011884071271],[-119.27057741987322,36.739873552117906],[-119.27058081999658,36.73961972573126],[-119.27057231295083,36.73933112045729],[-119.27056329206873,36.73902502601911],[-119.27054546859519,36.73878910681521],[-119.27054860102061,36.73852652806648],[-119.27053232714091,36.738343082135856],[-119.27047958435563,36.738029071438],[-119.27043019048973,36.73782875363485],[-119.27035000237589,36.737690278548286],[-119.27016816090453,36.73742248255033],[-119.27004296719493,36.73723236196411],[-119.26997184577726,36.73703245746428],[-119.26993512803833,36.73689315017494],[-119.26992065258585,36.73677091944494],[-119.26992533909669,36.73656082205472],[-119.26997451287534,36.736384869970344],[-119.27003713173886,36.736296172430045],[-119.27011298009155,36.7359184556936],[-119.27012801429615,36.735690657637136],[-119.27011070555726,36.73547222571684],[-119.27007501908427,36.735367899191814],[-119.26992526273989,36.73508199418432],[-119.26982206517836,36.734900201597924],[-119.26969455381536,36.73463136781717],[-119.26967776430271,36.73443042921183],[-119.26967910279248,36.73410663453184],[-119.26962765178456,36.733836352352505],[-119.26956765869664,36.73364498532191],[-119.26951415234338,36.73330474185281],[-119.26955946695956,36.732997608271994],[-119.26955122401851,36.73271775129815],[-119.26949123272719,36.73252638651893],[-119.26942531704663,36.73213387434234],[-119.26930147530152,36.73161995636962],[-119.26918303512629,36.731289696888865],[-119.26903406660438,36.731030024871245],[-119.26892649155249,36.730699555504664],[-119.26883030624008,36.73038637317713],[-119.26881094395243,36.730097982297835],[-119.268857800976,36.72984331866442],[-119.26900373768379,36.72963052474893],[-119.26914111883679,36.72949664700802],[-119.26952761719119,36.729331769908896],[-119.2700664805975,36.72917272784421],[-119.27047705380149,36.72902974881892],[-119.27051842481359,36.72901534139346],[-119.27113024759066,36.72874990186172],[-119.27152786349497,36.728593552754475],[-119.27213345465891,36.72848573217762],[-119.27240404069723,36.72844556014528],[-119.27263194328482,36.728432455055575],[-119.27279465782716,36.728420596250615],[-119.2729682330013,36.728408528649304],[-119.27311931166578,36.728370640357596],[-119.27331332620761,36.72831443210931],[-119.2733519411884,36.728299945351665],[-119.27348535448282,36.72824989146254],[-119.27352571848348,36.728144115156375],[-119.27350012188779,36.72801334803798],[-119.27334182525999,36.72780636006403],[-119.27327166683628,36.727665992051044],[-119.27320319904196,36.72752899333139],[-119.2731657024637,36.727363452495744],[-119.27306044057363,36.72711169720576],[-119.27298906583107,36.72690305153257],[-119.2729823626024,36.72667566880529],[-119.27297642922994,36.72647452145915],[-119.27304706915065,36.72628941160815],[-119.27315399202566,36.726161116698705],[-119.27317305607261,36.726138247268146],[-119.27328740442175,36.72596105161082],[-119.27336812972813,36.72574949614729],[-119.27336168431597,36.725530857382374],[-119.27333272891943,36.725286396269425],[-119.2732825696889,36.72505984324979],[-119.27317628012615,36.72477310640103],[-119.2731515387266,36.72471559373121],[-119.27308292091364,36.72455612953604],[-119.27293704798622,36.72440140849255],[-119.27281470552936,36.724307488487455],[-119.27277721074772,36.72414194574751],[-119.272771538785,36.723949543643194],[-119.27276277661772,36.72365219667212],[-119.27274185395645,36.7233113271395],[-119.27266790823552,36.72301522407225],[-119.27257403339,36.72278075406185],[-119.27244808779055,36.72256439511916],[-119.27226394842866,36.722217892933394],[-119.27216153958796,36.722062341292926],[-119.27213182062343,36.72179164445495],[-119.27210545596814,36.72163463818126],[-119.27204572339164,36.72145201954534],[-119.27203747326409,36.721172162255144],[-119.27201085079228,36.72100640898304],[-119.27194103103349,36.72085023636446],[-119.27181302829203,36.72056391223179],[-119.27177631145142,36.72042461034496],[-119.27173727965231,36.720206589351996],[-119.27173452362102,36.720113017766096],[-119.27173135436469,36.72000544234401],[-119.27167265574909,36.7198578068966],[-119.27155680901006,36.71961500835447],[-119.27138818624806,36.719425714232585],[-119.27116705336447,36.71929867661454],[-119.27104472168739,36.719204754689926],[-119.2708530894777,36.71897214954848],[-119.27069482159602,36.71876516312906],[-119.27048975238633,36.71844530816546],[-119.27038863352638,36.718333479802304],[-119.27027336350574,36.718264059452565],[-119.27023371366575,36.718240181723836],[-119.27003482935677,36.71813021950271],[-119.26994637764066,36.71807940578394],[-119.26989957451603,36.71796653925435],[-119.2699277905991,36.71781724442344],[-119.26992417128683,36.717694251723465],[-119.26992289747575,36.71765107562533],[-119.26992938600706,36.717502196389496],[-119.26985802923076,36.71729354477251],[-119.2696953901469,36.71693787872536],[-119.26959793102341,36.71658096743282],[-119.26964401100422,36.71630006914118],[-119.2696911168611,36.71605415789673],[-119.26969606388336,36.71585280558868],[-119.26966789990257,36.71563458007295],[-119.2695983424518,36.71548714721496],[-119.26948431120795,36.71530556171496],[-119.2693505673335,36.71515205269725],[-119.26927977020766,36.715003195262284],[-119.26920919316905,36.71482078265402],[-119.26918334594335,36.71468126512107],[-119.26927313884423,36.7144082868799],[-119.26934274660063,36.714188196485544],[-119.26942567816934,36.71413087248131],[-119.26945991386316,36.714107206621925],[-119.2697496097625,36.713979177249726],[-119.26992006149439,36.713862166901514],[-119.27014457204346,36.713735376445086],[-119.27035848157387,36.7136175397483],[-119.27051704769623,36.71346575420818],[-119.27063215691842,36.71331480010971],[-119.27087427175212,36.713047663708785],[-119.27093274848386,36.71281903446979],[-119.27088467064985,36.712662444094185],[-119.27067210140585,36.71245648774374],[-119.27054797848811,36.712301348415444],[-119.27046730169077,36.71214537701974],[-119.27032974895953,36.71190298762328],[-119.2702912390816,36.7117024605154],[-119.27022040063322,36.71151130333917],[-119.27016171549235,36.711363664529884],[-119.27009525094108,36.7113211834109],[-119.26983188735768,36.71127153469852],[-119.26980017053995,36.71126555536181],[-119.26962405493019,36.71119015936474],[-119.26950328362676,36.71114871371521],[-119.26951105854552,36.71104355982609],[-119.26946529028012,36.710965676952085],[-119.26935486756875,36.71090652857644],[-119.26932850740508,36.71074952381951],[-119.2693202042769,36.71056562696854],[-119.26928486006206,36.710374083124044],[-119.26930195230698,36.71021624910489],[-119.26938524769335,36.710092150324144],[-119.26952285162858,36.709967020082566],[-119.26966925995193,36.709771717693485],[-119.26976315905192,36.709638668804374],[-119.26986534780539,36.709417956212775],[-119.26989098572359,36.70918120499717],[-119.26987549158157,36.709023991468605],[-119.26986982770369,36.7088315882257],[-119.2697583746247,36.70873745905974],[-119.26961717024183,36.708740151038114],[-119.26946585891368,36.7087278477312],[-119.26935571557843,36.708718885270706],[-119.26901513371146,36.708594125119056],[-119.26886074834844,36.708518313124614],[-119.2686841305804,36.708425427305656],[-119.268505708097,36.70827132048377],[-119.26833431762562,36.708106602348906],[-119.26816024837808,36.707980389335376],[-119.26799051709504,36.707814542784305],[-119.26786755030906,36.707635944444284],[-119.26778560778546,36.70743624448746],[-119.26775642331852,36.70718304041731],[-119.26769929226307,36.707087870731186],[-119.26734631634018,36.706910837099365],[-119.2672128886727,36.70680837377803],[-119.26710794209133,36.706565360429394],[-119.26704874491072,36.706400228851194],[-119.26700973377288,36.706182210549144],[-119.26701571475607,36.70601583293758],[-119.26688955715417,36.70579072036394],[-119.26679649348738,36.70558248346236],[-119.26661705860262,36.70539339243019],[-119.26650458952905,36.70526427616381],[-119.26637142506796,36.70517055530223],[-119.26622816893298,36.705103282216974],[-119.26609808748996,36.705114510126286],[-119.26592687308838,36.705205276801856],[-119.26577088423255,36.70544451126025],[-119.26565834149714,36.70568291891131],[-119.2656461145278,36.70571687245295],[-119.26559805286347,36.7058503256785],[-119.26542966007018,36.706037290303534],[-119.26533396523791,36.70610911777354],[-119.26520233779429,36.70606787175699],[-119.26479583755182,36.70591810008359],[-119.26460990066104,36.70587788239902],[-119.26442294148745,36.70580268853121],[-119.26424582515448,36.7056923030394],[-119.26388302525564,36.705550447741466],[-119.26357608260115,36.7054600314889],[-119.26337800677594,36.705376291355826],[-119.26313750082493,36.70525585344789],[-119.26305814455104,36.705216115789135],[-119.26288282484859,36.705166945665404],[-119.26267275112447,36.705171814930004],[-119.26234205521726,36.70525598524411],[-119.262008424514,36.705367334266015],[-119.26170763711583,36.70548680837715],[-119.26138537818572,36.705615438858494],[-119.26109800712638,36.70582216038529],[-119.26079900827393,36.70600285653603],[-119.26068132537846,36.70606634063207],[-119.26055175507683,36.706095058941905],[-119.26032058262159,36.70599444470394],[-119.2601760499806,36.70588343220018],[-119.25996378885874,36.705686201555814],[-119.25970910210265,36.7055247828573],[-119.25942388161006,36.70543393805764],[-119.2591947645002,36.70540328361211],[-119.25891236202266,36.705408650517626],[-119.25856325783865,36.705362771097526],[-119.25832251293573,36.70530608796672],[-119.25823459122563,36.70527275793502],[-119.25817593393249,36.7051251107404],[-119.25813439044389,36.70481962392018],[-119.2581158474198,36.70455746556789],[-119.25813040192402,36.70431217428924],[-119.25813583673151,36.70412010206868],[-119.25792541715597,36.704177513484474],[-119.25766760336437,36.70438367207666],[-119.25753152207356,36.70458167812288],[-119.25740834777675,36.70482902831932],[-119.25728245158462,36.70498309307059],[-119.257098614955,36.70513825581672],[-119.25689859158224,36.705235386856494],[-119.25671617159581,36.70526652678249],[-119.25666790691223,36.70527476728714],[-119.25624758069921,36.70527106835071],[-119.25588553269026,36.70527793615777],[-119.25567034575552,36.70535201855466],[-119.25537133253007,36.70553269348475],[-119.25524405742395,36.70564011632579],[-119.25516736285827,36.705710041414974],[-119.25489120996015,36.705961824359335],[-119.25469323025467,36.7061289165162],[-119.25446151162379,36.70613330679362],[-119.25405429991558,36.706082688233835],[-119.25363295501303,36.70604399671948],[-119.25315333370307,36.70599474142267],[-119.25285927917797,36.705943205967685],[-119.25267269550021,36.705910502779254],[-119.25253427948796,36.705950589371874],[-119.25241405705518,36.705985406304535],[-119.25230160504958,36.706104206797285],[-119.25213360392179,36.70630573445241],[-119.25202659660515,36.70661110949814],[-119.25201755955338,36.70679795704292],[-119.25202402562677,36.70701951473087],[-119.25200016727118,36.707194978120164],[-119.2518749331374,36.70737235606273],[-119.25158834271399,36.707482788833566],[-119.25125558876643,36.70750075005078],[-119.25089488553549,36.70755424694229],[-119.2505210588165,36.70765465820916],[-119.25022134131186,36.70781200345042],[-119.25006781833147,36.70801324936073],[-119.24995433505997,36.70809706655944],[-119.24975395864931,36.70818253069703],[-119.24953637950097,36.708174975386456],[-119.2493447014772,36.708061922185124],[-119.24920585876524,36.7077728583766],[-119.24911624103586,36.70768121611962],[-119.24885215161369,36.70756953556827],[-119.2485442809995,36.70744701258261],[-119.24849743206082,36.707331223071996],[-119.24835022603352,36.70725233250532],[-119.24807267535681,36.70717590847439],[-119.24776685110486,36.70712335043486],[-119.24719897391147,36.70702906505765],[-119.24667438742998,36.70699084285811],[-119.24652104680759,36.706949986933395],[-119.24645307398498,36.70685501572918],[-119.24638306288499,36.706690074181985],[-119.24621504289256,36.70651823649786],[-119.24602759234055,36.706425518225544],[-119.24582121518381,36.706429412997295],[-119.24563580111254,36.70640666084408],[-119.24559057183627,36.706346260873644],[-119.24545565116883,36.7061912971781],[-119.24544071038902,36.706051573125066],[-119.24543664012246,36.705911639962345],[-119.24543078580176,36.70571048649477],[-119.24539285174393,36.70552744253941],[-119.24536451259168,36.705300459622336],[-119.24531859790086,36.705135782652725],[-119.2452002340824,36.704883535352934],[-119.24508983742221,36.70482436357042],[-119.24498979025236,36.70474749780123],[-119.24479199020998,36.704672474235885],[-119.2446221987398,36.70443941241832],[-119.24462949665318,36.70431676920921],[-119.2445496481025,36.704187014470094],[-119.24442915707344,36.70415428676744],[-119.24423237572059,36.704114243170594],[-119.24406715847181,36.70403860104737],[-119.2439451421034,36.70395339805888],[-119.24362660040198,36.70383689675715],[-119.24347301004796,36.7037872900229],[-119.2432332946144,36.70376555762794],[-119.24307062588613,36.70377737846711],[-119.24289837123546,36.70383312501016],[-119.24258271043112,36.70393777237524],[-119.24247858221497,36.703972296374054],[-119.24224217168333,36.704064257785326],[-119.24203555108315,36.70405940141431],[-119.2417650979955,36.70392851695062],[-119.24170487493888,36.70389936786539],[-119.24149189875804,36.70367587029158],[-119.24131380236304,36.70353046205612],[-119.24100662884156,36.70343124311848],[-119.24050395316813,36.703335700035716],[-119.24024226224775,36.70330562668801],[-119.23982978551369,36.70332213980651],[-119.23972498176445,36.70345537320356],[-119.23947871940909,36.703582511921184],[-119.23914607325936,36.70372878143217],[-119.23888819209415,36.70382988982046],[-119.23863939469304,36.70386957562058],[-119.23835699131716,36.703874887897136],[-119.23802129628541,36.70391620135001],[-119.23790283544888,36.70395343406942],[-119.23783162689462,36.704121030417696],[-119.23778416710154,36.70435819045552],[-119.23778746481693,36.704471885767035],[-119.23770539293595,36.70463968840349],[-119.23758189883888,36.70487827788143],[-119.2375341866192,36.70510668732012],[-119.23744353582725,36.70535341141593],[-119.23742688196022,36.70552873312973],[-119.23732815800882,36.70587186303207],[-119.23716324349232,36.70618123397233],[-119.23711930868839,36.70632398906123],[-119.23707385483334,36.70647168220512],[-119.23702461907092,36.706647621447104],[-119.23700796700051,36.70682294380941],[-119.23698045070503,36.706998471743645],[-119.23690619416703,36.707061123928135],[-119.23687018519887,36.707071546388995],[-119.2367122011848,36.70711727283087],[-119.23642070506162,36.70718400401816],[-119.23605114084867,36.707182199247036],[-119.23580131397824,36.70718689698112],[-119.23568385835654,36.707259107952375],[-119.2356765505617,36.70738175006698],[-119.23566268057372,36.707653281233405],[-119.23566673197566,36.7077932133854],[-119.2355326296734,36.708040744811164],[-119.2355061230843,36.7082512601512],[-119.23546621991943,36.7083745135461],[-119.2353098798223,36.7086049679494],[-119.2351835856765,36.70874734981126],[-119.23514267550016,36.70883562330759],[-119.23523210637995,36.70892144814592],[-119.23533290543968,36.709024563997964],[-119.23546959039835,36.70924075727077],[-119.23552266915353,36.709572284704144],[-119.23545652170759,36.70991479522306],[-119.23528123703946,36.71024186057139],[-119.2351708727186,36.71055895335389],[-119.2350804653701,36.71081442124158],[-119.23499964214733,36.711025950147125],[-119.23499637946625,36.71128852932032],[-119.23499135069727,36.71148988710935],[-119.23486606356292,36.7116672536978],[-119.23464225908965,36.71182021229269],[-119.23443916258034,36.71193778601607],[-119.23417240695841,36.71210905707811],[-119.2339483410754,36.71225327382593],[-119.23367905400099,36.71233708207892],[-119.23343047489051,36.712385500838764],[-119.23304346808969,36.71253277473916],[-119.23276533979629,36.712686755633655],[-119.23257411362512,36.71283910369167],[-119.23231165734013,36.713159044648116],[-119.232036815084,36.71342671931269],[-119.23173948260644,36.713668562372476],[-119.23151769395267,36.713891487196314],[-119.23136990761373,36.714043017694486],[-119.23138633959688,36.714235222098644],[-119.23136815859385,36.71435807055312],[-119.23113195108148,36.714458755933045],[-119.23071310169878,36.714632870851545],[-119.23034729513867,36.71476223421647],[-119.23004616727903,36.71487288752149],[-119.2298859940706,36.71497214569476],[-119.22979202041044,36.715105162305086],[-119.22965484676823,36.71524774311265],[-119.22949492957967,36.71535574573789],[-119.22931430352885,36.715499144116286],[-119.22920870117731,36.71560612744509],[-119.22894116941097,36.715751149181],[-119.22869535531493,36.71589576306751],[-119.22848087176106,36.715996036696765],[-119.22829973097559,36.716121936983924],[-119.22809863591272,36.7163094642143],[-119.22783134669152,36.71646323087288],[-119.2276178710474,36.7165984865472],[-119.22753323447627,36.71667882210214],[-119.22748144570181,36.71676729819292],[-119.22745391054173,36.71694282861412],[-119.22731596794165,36.71705916530905],[-119.22731116824309,36.717269269975056],[-119.22716059622842,36.71732459196167],[-119.22698803615054,36.71737157533018],[-119.22683873255706,36.71747062577139],[-119.22663484732692,36.71756194527708],[-119.22648502899878,36.71764350900439],[-119.22639129878203,36.7177852670893],[-119.22632940306234,36.71790018467184],[-119.22620458934016,36.71809503291244],[-119.22603379984169,36.71820323387631],[-119.22578595645143,36.71827787555237],[-119.22550501643117,36.71833563498823],[-119.22512453589086,36.71833399969681],[-119.22508360595158,36.71842226938009],[-119.22500048034676,36.71855508199642],[-119.22489613563661,36.718705797535534],[-119.22476122664725,36.71884245699969],[-119.22473771863459,36.71886626613448],[-119.2245884015664,36.71896531608852],[-119.22438880579173,36.71920531562237],[-119.22412074132441,36.71933283511911],[-119.22379987388472,36.719513845849114],[-119.22351083555218,36.719668002128266],[-119.22340371414947,36.71972251015694],[-119.22328824560117,36.719864677720324],[-119.223167229956,36.71981443327748],[-119.22290448082022,36.71974933968004],[-119.2227288916232,36.71969136672849],[-119.22236584468764,36.719540636561675],[-119.22213795377816,36.71947870525673],[-119.22200431320998,36.71944238158129],[-119.22175268252248,36.719385831247756],[-119.2215212648272,36.71927639199486],[-119.22127647121731,36.7190796997751],[-119.22103318408219,36.718935479279935],[-119.22068758692104,36.71863566249014],[-119.22048599598813,36.71842941180032],[-119.22028188797579,36.718135702171836],[-119.22011842962839,36.71812125021807],[-119.21983597145525,36.71812652118509],[-119.21962830701273,36.718086644006405],[-119.21942164509004,36.71808174459684],[-119.21920436867397,36.718085800075194],[-119.21901083652745,36.71815941359526],[-119.21879910181835,36.718355876307164],[-119.21876319346151,36.71861906481347],[-119.21865858644331,36.71876102199801],[-119.21849840065848,36.71886026362655],[-119.21842870935873,36.71886156263382],[-119.2182159397904,36.71886553382277],[-119.21786628493912,36.71880204301961],[-119.2175608388779,36.7187639879724],[-119.21729960699665,36.718751353597554],[-119.21702801125195,36.71875641354034],[-119.21679911872093,36.71873442975338],[-119.21660155673209,36.71866810463709],[-119.21646892766691,36.71859182085353],[-119.216258244885,36.71844698233855],[-119.2161572059751,36.71833511149335],[-119.21608699275417,36.718161407488736],[-119.2160046684466,36.71794417647961],[-119.21592258848078,36.71773568952156],[-119.21578619277959,36.717528218034886],[-119.21576092676393,36.71748977855218],[-119.21569526800148,36.717389899318626],[-119.21560483639848,36.71726907555196],[-119.2154815704735,36.71714011173583],[-119.21540351316352,36.71707156161337],[-119.21513454049945,36.71698776572577],[-119.21508545655236,36.71697247537328],[-119.21487754058151,36.71692384275754],[-119.2146572584025,36.716822936660364],[-119.2142949974928,36.71669842225674],[-119.21417298292103,36.716613183618605],[-119.21393932572573,36.71642501912693],[-119.21391559133761,36.71635545519403],[-119.21374202873987,36.71636743755786],[-119.21359044252725,36.71638775860576],[-119.21341562049152,36.71635600894633],[-119.2130846973105,36.71618715031073],[-119.21286265892509,36.71602502205211],[-119.21270555346338,36.71585292872557],[-119.21260075959557,36.71560986260923],[-119.21242500780353,36.71516685302039],[-119.21227299758608,36.714793400526425],[-119.21216995992468,36.714611555587155],[-119.21192118767641,36.714274908286086],[-119.21167517505272,36.71403446127914],[-119.21151884932864,36.71391428898182],[-119.21141955584537,36.713837950069426],[-119.21128392910208,36.71365670776896],[-119.21127715670315,36.71342056875479],[-119.21130197805277,36.71314883833006],[-119.21122852101537,36.712861436266834],[-119.21118231257546,36.7127660352511],[-119.21106181795312,36.712733271595006],[-119.21085391455873,36.71268463269499],[-119.21061417936224,36.71266283584415],[-119.21039616812422,36.712640632114365],[-119.21024358567996,36.71262596812903],[-119.2100788840642,36.71256777016218],[-119.20991418604169,36.71250957719219],[-119.20954309289613,36.71245521239245],[-119.20929249077965,36.71243361711318],[-119.20914927327219,36.71236626901127],[-119.20889566539277,36.71223971661052],[-119.20865443000976,36.71216544425719],[-119.2084255599366,36.712143438420306],[-119.20820779753194,36.71212997912374],[-119.20806657967435,36.71213260041014],[-119.20787054571979,36.712118734956185],[-119.20774093948553,36.71214739267337],[-119.20763406422122,36.71221062828831],[-119.20750470861694,36.71224803270149],[-119.20734202102403,36.712259802546775],[-119.20708991782271,36.712185723208535],[-119.20679161426632,36.712016243292396],[-119.20651728854148,36.711925073464045],[-119.20627505333354,36.71181580793748],[-119.20600958859066,36.71165446908715],[-119.20561302820681,36.711469306235756],[-119.20540513469388,36.71142065645368],[-119.20523032703115,36.71138889321929],[-119.20501282064635,36.7113841741379],[-119.2046076445206,36.711277923075144],[-119.20435380218088,36.71114261626557],[-119.20421383298152,36.71118896608871],[-119.20403266614491,36.711314826724035],[-119.20382065744964,36.71150251835764],[-119.20367307592656,36.71166276075678],[-119.20361189706246,36.711803903358586],[-119.20358280422369,36.71192695373794],[-119.20353020516883,36.71200902898253],[-119.2034579455857,36.71212177896149],[-119.20340713148332,36.712245225624834],[-119.20337753738461,36.71235078186321],[-119.20338053596102,36.712455738087776],[-119.2033827844442,36.71253444760082],[-119.20316202885303,36.71241602791645],[-119.2029844705489,36.712288056937325],[-119.20283278641992,36.71222194949658],[-119.20254621036955,36.71216491207863],[-119.2022524055761,36.712152849844664],[-119.20192677257383,36.712167625540914],[-119.20167667351387,36.712163503497884],[-119.20129546623654,36.7121355529579],[-119.20105573463329,36.712113735787526],[-119.2008273604302,36.71210921118678],[-119.2006320774672,36.71212157084282],[-119.20050371899288,36.71219394856855],[-119.20029932262135,36.71226773696539],[-119.20025861366761,36.712364744493016],[-119.2003161714228,36.71247743633955],[-119.2003295302694,36.712564698809686],[-119.20022488911522,36.712706645578116],[-119.2000661855506,36.71285833756123],[-119.19995118053299,36.71301797798847],[-119.19982507054183,36.71316906949368],[-119.19958219753002,36.7134185747382],[-119.19944571828556,36.71358736024587],[-119.19929862095441,36.71376508853262],[-119.19913991110158,36.713916784186864],[-119.19902315975905,36.7140152010597],[-119.19892888067167,36.71413945192961],[-119.19875018599872,36.71435277196327],[-119.19864429798294,36.71445098304574],[-119.1985487720339,36.714531503034436],[-119.19845275111321,36.71459453001548],[-119.19818814695635,36.714844437491955],[-119.19795214336155,36.7149538067275],[-119.19767318771974,36.71508146650138],[-119.19756654422078,36.71515344106029],[-119.19742780840832,36.715243510338716],[-119.19723401934364,36.715308342036],[-119.1970291055425,36.715364629653116],[-119.19681333200788,36.715421118137634],[-119.19644695950913,36.7155328895318],[-119.19614427576744,36.715590981557995],[-119.19597195553973,36.71564666624376],[-119.19574482101173,36.71568585987362],[-119.19559347734423,36.71571490583441],[-119.19526956641235,36.7157908871527],[-119.19507351988135,36.71577699931575],[-119.19486761613678,36.71579830273522],[-119.19466195044573,36.71582834599057],[-119.19443580945445,36.715902521190216],[-119.19425486270507,36.71603711680263],[-119.19411836459598,36.716205897277675],[-119.19397050639176,36.716357387926394],[-119.19384660805285,36.71658718614637],[-119.19378590619414,36.716745815019614],[-119.19361731127994,36.71693268688652],[-119.19338378164541,36.71712950917884],[-119.19332158858334,36.717235662858634],[-119.1932310258263,36.717491096304784],[-119.19319428562949,36.7177280437001],[-119.19311011258907,36.71782585298339],[-119.19283213341596,36.717988484376804],[-119.19254502286799,36.71821254374765],[-119.19227126218347,36.718523858886606],[-119.1919624267787,36.71874831777573],[-119.19165937293108,36.718828710128236],[-119.19146616777134,36.71887996547458],[-119.19110790077141,36.71889531377303],[-119.19095653015448,36.7188657851274],[-119.19077999323483,36.71883134774774],[-119.19020637580677,36.71853564073172],[-119.1900352835761,36.71863504610797],[-119.1898246439133,36.718887326033546],[-119.18978298993191,36.7189372081676],[-119.18959389636123,36.71916820622383],[-119.18914480878777,36.71943023840244],[-119.18872408821434,36.71954298541101],[-119.18827865947902,36.71955117902059],[-119.18778977743679,36.71956016757999],[-119.18741965177678,36.71954072440949],[-119.18704754263663,36.71945130534755],[-119.18679171591847,36.71924599581506],[-119.18667613148749,36.719003097409654],[-119.18651559895295,36.71870852732849],[-119.18647829371584,36.7185429530788],[-119.18641777691009,36.71832529830406],[-119.1862491191138,36.7181271368513],[-119.18602539099734,36.7179037296234],[-119.18579105198076,36.717689270199585],[-119.18562437496968,36.71756106893643],[-119.18530164262744,36.717295725910695],[-119.18513298303455,36.717097561802035],[-119.18495197430143,36.71684711582706],[-119.18472726881794,36.71658872426259],[-119.18454477606795,36.716285803346594],[-119.18440772459665,36.71605205305362],[-119.1843368448258,36.71585208837031],[-119.18426125788282,36.71548594824482],[-119.18423358528052,36.715276437828194],[-119.1842325612011,36.715240204339075],[-119.18422863376665,36.71510152073019],[-119.1843004702433,36.714951439735195],[-119.18429674762477,36.71482024761348],[-119.18421748567398,36.71470794590204],[-119.18413797399155,36.714586893962895],[-119.18399328234875,36.71446704369952],[-119.18377303969558,36.71436607388592],[-119.18357725098109,36.71436091787894],[-119.1833377637196,36.71434781254621],[-119.18300050202598,36.714336501012646],[-119.18271706109596,36.7143066969716],[-119.18212573967027,36.714151283415],[-119.18185291592859,36.714112530432786],[-119.18138356505727,36.71404237895188],[-119.18094655892607,36.713962882456116],[-119.18068336063266,36.713880202960006],[-119.18040881122731,36.713780229018745],[-119.17998440127303,36.71376175366461],[-119.17961356145238,36.7137160426986],[-119.179361725949,36.71365065012488],[-119.17909680648351,36.713506738450704],[-119.17892990579193,36.713369784326325],[-119.17882743766239,36.71320539613537],[-119.17868053436737,36.71300682540686],[-119.17856622195083,36.71280765357889],[-119.17850894267337,36.71270369521268],[-119.17843708823041,36.712468742925],[-119.17829587037279,36.71247132819336],[-119.17808996213667,36.712492599403454],[-119.17786380946724,36.71256673965684],[-119.17761692188446,36.71267627128322],[-119.17741323338535,36.712776252421996],[-119.17714659005281,36.71295614512311],[-119.17688192391225,36.71320600968067],[-119.17665206120073,36.7135339856543],[-119.17647330903559,36.71374726992291],[-119.17616444578302,36.71397168875987],[-119.17589483082354,36.71404662547414],[-119.17559115085015,36.71406967781378],[-119.1751561228092,36.71406012980225],[-119.17492823010309,36.71407304651384],[-119.17467886586506,36.71409510508653],[-119.17449443814398,36.71410722966562],[-119.17428951446134,36.714163474235754],[-119.17395545795665,36.71426583629523],[-119.17368485485035,36.71430578386801],[-119.17334833786009,36.71432068372981],[-119.17303157122964,36.71426521627737],[-119.17282919427088,36.714219843344424],[-119.17267061108049,36.71418429562596],[-119.17226373624055,36.714016711142904],[-119.17199091699045,36.713977940089926],[-119.17153218779904,36.71389880574639],[-119.17127987439191,36.71381590510511],[-119.17110236369851,36.71368788388889],[-119.17093940840769,36.713690857980495],[-119.17065868757632,36.71375723492186],[-119.17046634300262,36.713874499631245],[-119.17034610889175,36.7138504448295],[-119.17010046727223,36.71361865305336],[-119.16987680113955,36.71339521543132],[-119.16957463482743,36.71308569998398],[-119.16934355310205,36.7129849105468],[-119.16893988973925,36.71293101128486],[-119.16852560739147,36.71288605595752],[-119.16829624953311,36.71284648715338],[-119.1677298806111,36.71280430066616],[-119.16746891552948,36.7128003053997],[-119.16720573879566,36.71271759080644],[-119.1668324528625,36.71258437994823],[-119.16649127541253,36.71243307917544],[-119.16624859823344,36.712306235231274],[-119.16598149496352,36.71208358449977],[-119.16550332622936,36.711698506239486],[-119.16516042581068,36.71148598035166],[-119.16474695553993,36.711082220017474],[-119.16441394647084,36.710834505389954],[-119.16407277261415,36.71068320117135],[-119.16387380655847,36.7105643105374],[-119.16382667644709,36.71043390813],[-119.16377635192656,36.710189800813446],[-119.16377291317566,36.710067351860495],[-119.16375591794879,36.709848899626536],[-119.16376211901921,36.70968252275185],[-119.1637683254795,36.709516146957306],[-119.16396980951288,36.70933746975367],[-119.16373727341507,36.709184184304334],[-119.16350645579439,36.709092121715464],[-119.16331166420987,36.70912192057766],[-119.16317142551591,36.70915947052669],[-119.16286849204255,36.70920873243701],[-119.1625443250908,36.70927587662052],[-119.16234756978908,36.709235699581875],[-119.16188446580222,36.70899909183736],[-119.16169833038377,36.70894996950436],[-119.16134753467207,36.708842586577994],[-119.16098489557167,36.70870040941966],[-119.16057807193566,36.7085327841688],[-119.16018064647419,36.70831248033771],[-119.15977235678768,36.708092373202035],[-119.1594758830995,36.707983996679516],[-119.15929097208479,36.7079786033075],[-119.1590092774797,36.70800996321476],[-119.15875003985836,36.70806717223716],[-119.15864117033414,36.708060394700794],[-119.15863921110851,36.70799042493897],[-119.15866837042263,36.707867384099416],[-119.15869679940641,36.70771811357398],[-119.158693370537,36.70759566572358],[-119.15866773172046,36.70745611778663],[-119.15868505034084,36.70729828857666],[-119.15873471729456,36.707131126944226],[-119.15881573904497,36.70691964061046],[-119.15886589378391,36.7067699656613],[-119.15891359522384,36.706532833951286],[-119.15896252196578,36.70633942989161],[-119.1589583618677,36.7061907447929],[-119.15898629947304,36.7060239725352],[-119.15893795214444,36.70584983522743],[-119.15888716139828,36.705588240701026],[-119.1588839822605,36.70547453695825],[-119.1589106909705,36.70526403417726],[-119.15895046926961,36.70513205418142],[-119.15906677325113,36.70501618124064],[-119.15918381295288,36.704926551539366],[-119.1593139177521,36.70491543955497],[-119.15961732463764,36.704883685154876],[-119.15974546661795,36.704802598339384],[-119.1598511516145,36.7046956755892],[-119.15992033356947,36.704449399510324],[-119.15993569026925,36.704221600294794],[-119.15995104517242,36.703993807606125],[-119.1599789791845,36.70382703778317],[-119.16005183255402,36.703711956549036],[-119.1601005077677,36.703509805588865],[-119.16021142455246,36.70320151718478],[-119.16027145357302,36.703016660944485],[-119.1603107369004,36.70286718869838],[-119.1604248310263,36.70267260073149],[-119.1605902935151,36.70237207515682],[-119.16071598129811,36.702203528616934],[-119.16076784283607,36.70211508257051],[-119.16064738324803,36.70208226467734],[-119.16049409203302,36.7020412901864],[-119.16032895563265,36.70196553510774],[-119.16006631698967,36.701900299627354],[-119.15982539781363,36.70183466724481],[-119.15970444774548,36.701784353392306],[-119.15944973403991,36.70161396609063],[-119.15929423835917,36.701494274210475],[-119.1591382593848,36.70135709196896],[-119.15890209049999,36.70107260885895],[-119.15881054318938,36.70090800421764],[-119.15862965842376,36.700657516275975],[-119.15852872461676,36.700545584957126],[-119.15843987494695,36.700477192167504],[-119.15831100802617,36.700532033598826],[-119.15816138732741,36.70062225686218],[-119.15784835768856,36.700697935478736],[-119.15765235786998,36.70068398585409],[-119.15733663777688,36.70066345970575],[-119.1570863258162,36.700650498245864],[-119.15677207357025,36.70068244741948],[-119.15664197865247,36.700693554974215],[-119.15637081499746,36.700675916994825],[-119.15632625406779,36.70067302450696],[-119.15616381890146,36.700693469265566],[-119.1559357231761,36.70069759840603],[-119.1557078771824,36.7007104784708],[-119.15542473628967,36.70068935452965],[-119.15516087953117,36.70058037480839],[-119.15493132314514,36.700532024235685],[-119.15455958051764,36.70045125261711],[-119.15439641232607,36.70044545249927],[-119.1540485945295,36.700442999351104],[-119.15375435495146,36.700413323886494],[-119.15355737776584,36.70036438476947],[-119.15310912472728,36.70026748813562],[-119.15295218455556,36.70009530909967],[-119.15280634217089,36.69993168262295],[-119.15260936947685,36.69988274103856],[-119.15240251441637,36.699868987893836],[-119.15198709030985,36.6997802402576],[-119.15182464885534,36.6998006787714],[-119.15158643091335,36.699831239658444],[-119.15141191160984,36.699808143433565],[-119.15113549640367,36.69963812484111],[-119.15105605389154,36.69951704844126],[-119.15098673808755,36.699369538561946],[-119.15087471278176,36.69924905882994],[-119.15078391825935,36.69911068487983],[-119.15069263505345,36.698954820679226],[-119.15064236622847,36.698710710032074],[-119.15063505573868,36.69844832052684],[-119.15070279679594,36.698149571174824],[-119.15084754143936,36.69788443481625],[-119.15116606517448,36.697616155727026],[-119.1511781385319,36.69759250783017],[-119.15123819809514,36.697474840852344],[-119.15126395459099,36.69722935338492],[-119.151303006153,36.69707113511328],[-119.15134108663622,36.696877931970825],[-119.15128287939906,36.69673897248837],[-119.15115181969071,36.69671509239212],[-119.15096717727226,36.69671842727962],[-119.15072871588683,36.69674023801659],[-119.15051076483594,36.696717923805274],[-119.15030245091148,36.69665168412455],[-119.15014795595394,36.69656696489864],[-119.1499816328791,36.696447463236936],[-119.14984496319178,36.69622241123371],[-119.14965983568308,36.696208254796005],[-119.14936439326085,36.69613483489026],[-119.1490820087496,36.696139935217815],[-119.14873494194465,36.696163700247325],[-119.14866290783864,36.6961733217905],[-119.1485075864311,36.69619405801993],[-119.1483453991998,36.69622324243996],[-119.14816124726148,36.69624406436948],[-119.14798722562465,36.69623845408885],[-119.14773693881682,36.69622547387573],[-119.14748566835374,36.69617750303423],[-119.14724526391237,36.696129336965924],[-119.14702755989819,36.69611576033947],[-119.1468105763329,36.69612842364633],[-119.14657163345049,36.6961327338232],[-119.14633220547779,36.69611955263311],[-119.14607153953517,36.69612425176367],[-119.1458654192966,36.696136722753394],[-119.14564770989256,36.69612314756885],[-119.14551616060236,36.6960817636612],[-119.14538266825616,36.695970409830736],[-119.14523660758088,36.69579802813323],[-119.14510068439354,36.69559921146396],[-119.14497562273631,36.695400196921014],[-119.14489668328073,36.69529661332751],[-119.14477356467948,36.6951675694164],[-119.14457660995173,36.695118615435085],[-119.1444226126609,36.69505138541317],[-119.14421576119366,36.695037609074966],[-119.14410593855695,36.69499583706469],[-119.14415854389999,36.694933636033774],[-119.14429609213965,36.694799894463124],[-119.1444415796898,36.69456100286916],[-119.14448138404005,36.6944290225029],[-119.14454241198719,36.69427916548406],[-119.14459161541026,36.69409451036014],[-119.14461326121533,36.69370033885325],[-119.1445917070384,36.6933156921454],[-119.14455572501969,36.69319383217376],[-119.14444444621387,36.693099576529434],[-119.14444201088114,36.69301211403973],[-119.14448205508157,36.6928888835499],[-119.14459690379232,36.69272054743833],[-119.1447004049844,36.69253491902409],[-119.14478413335878,36.69241964728744],[-119.14494315582532,36.692276771292306],[-119.14502590413771,36.692126518223844],[-119.1450227456612,36.692012814016245],[-119.14504033647108,36.69186373816101],[-119.14504244212209,36.691548670878475],[-119.14505573628999,36.69146697572588],[-119.14506100580745,36.69143457611916],[-119.14512373785868,36.69134593687992],[-119.14521735039615,36.6911954911051],[-119.1452897276586,36.69106292653594],[-119.14536113024893,36.69089537230967],[-119.14541899882123,36.69063180647574],[-119.14545806655292,36.69047359263523],[-119.1454425894789,36.690307607461904],[-119.14533009884576,36.6901696208081],[-119.14509595296694,36.68995507317685],[-119.14499504970266,36.68984313491937],[-119.1448366892945,36.68961846553647],[-119.1446844068875,36.68961245858282],[-119.14442060312962,36.68950345667591],[-119.1443300736102,36.68937382244218],[-119.14418573590362,36.689262664916036],[-119.1440766480888,36.6892471306118],[-119.14383796751443,36.68926018043607],[-119.14366420189744,36.68926330746641],[-119.14352156290506,36.68921337221305],[-119.14330126096307,36.68905654717],[-119.14311118194055,36.68896152432301],[-119.1430201322966,36.688910660340994],[-119.14292780704497,36.688813873891775],[-119.14290483622484,36.68874905369973],[-119.14278192064282,36.68884275208229],[-119.14267895035505,36.68894961836519],[-119.14257561085972,36.68904335972435],[-119.14246431139266,36.689143809579996],[-119.14223192980506,36.68928582049615],[-119.14201619310137,36.689440650432914],[-119.14195267322762,36.68950085838905],[-119.14187176556327,36.689522007014965],[-119.14169392698477,36.68954632227286],[-119.14149872846345,36.68958778605481],[-119.14144244272268,36.689615049662436],[-119.14131429804739,36.689696115761386],[-119.1411957617524,36.68982950747924],[-119.1411560903528,36.689893195103195],[-119.14103071518356,36.690049056065064],[-119.14094530156973,36.69020154408331],[-119.14091690851852,36.69035300819931],[-119.14091982175499,36.69045795988947],[-119.14089993215629,36.690622400339635],[-119.14085433097752,36.69074134847442],[-119.14079262929393,36.69086716119791],[-119.14064259447179,36.691040495423884],[-119.14051518012684,36.691147796613315],[-119.14036875024394,36.69115699234872],[-119.14027027782083,36.691132511924195],[-119.14008853426579,36.69104389970932],[-119.139932858922,36.69101388206067],[-119.13966279210995,36.690972797221896],[-119.13950639541898,36.69091654000098],[-119.13940032594348,36.6909118852128],[-119.13910745809287,36.69093027457796],[-119.13888084548603,36.69098685305681],[-119.13866236981904,36.6910432838261],[-119.1385090660276,36.691098542575936],[-119.13812877772678,36.69119725951472],[-119.13791067126739,36.69126680804466],[-119.13779754552536,36.69130165323838],[-119.1376111100696,36.69133781661748],[-119.13732910913897,36.691454454996396],[-119.1372373336563,36.6913773453525],[-119.13700272334849,36.691145289143634],[-119.13681789228383,36.69094515015862],[-119.13668139237808,36.69072446240155],[-119.1365557683755,36.69060201341085],[-119.13640316167672,36.69038817507763],[-119.13623680446588,36.69026646245767],[-119.13604710363408,36.690184546959664],[-119.1360042009944,36.69010655794783],[-119.13589685770786,36.69005598141877],[-119.13586100863982,36.68993848947475],[-119.1357498582931,36.689750151616],[-119.13561608746919,36.68962785810887],[-119.13540195605489,36.68954637990049],[-119.13523759759558,36.68949682517348],[-119.13500844814638,36.68946155920012],[-119.13478616721584,36.68938022056281],[-119.13463411298098,36.68918606019969],[-119.13446413645784,36.68893314898212],[-119.13430556764054,36.6887981666123],[-119.1342626658992,36.68872017763512],[-119.13421867629803,36.68860283492453],[-119.13418174565838,36.688445983423925],[-119.1340544283315,36.68821308491482],[-119.13391661059723,36.68794428511445],[-119.13383599758025,36.6877794650695],[-119.13378578984073,36.6875353412701],[-119.13375608974079,36.68724710288683],[-119.13368440687607,36.68701212032126],[-119.13352560270013,36.686769943410646],[-119.13321378668523,36.686495511005866],[-119.13268115938361,36.68609376755602],[-119.13244826845126,36.68592292477708],[-119.13232156647034,36.68566266934317],[-119.13226050528553,36.685418743413294],[-119.13205947669799,36.685221075575456],[-119.13175177945865,36.68509532853479],[-119.13150104439151,36.685064812937675],[-119.13121796548253,36.68504363066859],[-119.13090255800313,36.685031776692476],[-119.13054201287562,36.68495947496286],[-119.13016820052972,36.68479989944176],[-119.12993821834226,36.68473401112952],[-119.12957768040128,36.68466170479761],[-119.12942371634811,36.68459445410644],[-119.12909382533137,36.684451591667255],[-119.12888194958678,36.68425411512988],[-119.12885031092247,36.68422228087594],[-119.12873667763229,36.684107949762414],[-119.12854917138473,36.684006292426986],[-119.12841475377381,36.68385993496258],[-119.12804167804643,36.683726591242525],[-119.12788675099927,36.68362435492125],[-119.12781822032287,36.683503067439275],[-119.12778033926567,36.6833112277866],[-119.12776272599788,36.68306652068301],[-119.12772292434259,36.68280470670531],[-119.12759936646515,36.682658152443786],[-119.12754338884655,36.6825978995079],[-119.12737881029994,36.682539587311815],[-119.12716065892478,36.68250848284514],[-119.12696398626807,36.68246824210715],[-119.1264523921205,36.68243362920589],[-119.12603949766982,36.682432253219204],[-119.12585513013585,36.68244430210711],[-119.12558533551332,36.68251037032242],[-119.12535124353343,36.682689567346365],[-119.12515045210111,36.68289442415406],[-119.12498079447992,36.68304621027538],[-119.12482031135274,36.68313658877453],[-119.12455411627954,36.68333385133972],[-119.12427514446807,36.68346134607461],[-119.12410066738535,36.68343820603037],[-119.1238139907237,36.683285808339356],[-119.12357195494177,36.683176364501705],[-119.12317379914992,36.682920948115076],[-119.12300970749027,36.68288012118102],[-119.12275993990865,36.68288457185967],[-119.12251353741611,36.6830114816488],[-119.1222763166041,36.683076966568585],[-119.12214600339571,36.683079289877405],[-119.12185014954511,36.68298830544891],[-119.12173357966228,36.683095391666434],[-119.12158323042978,36.68315932476224],[-119.1214226880138,36.68324417834818],[-119.1211205998551,36.68332508547007],[-119.12089351653105,36.68336413637421],[-119.120687902044,36.68339405471167],[-119.12043885311463,36.683424743147874],[-119.12009231362073,36.683465919187924],[-119.12002523192687,36.683397105617836],[-119.11984883694106,36.68330398989067],[-119.11971924777481,36.683332548129876],[-119.11969050707559,36.683473074942775],[-119.11955197697732,36.683571799509245],[-119.11935770461903,36.683619011708885],[-119.11906641600669,36.68369420422337],[-119.11879492716152,36.683699040268905],[-119.11856663740005,36.68369435262578],[-119.11833547123307,36.68358470333473],[-119.11823485902292,36.6834814892393],[-119.11807898425313,36.68334424531994],[-119.11787679324561,36.68310282409146],[-119.11785315767216,36.683033240082175],[-119.11775278171895,36.682938763785884],[-119.1175433350189,36.68282873088097],[-119.1172132346947,36.68267708913279],[-119.1167933791989,36.68242203489629],[-119.1163870325683,36.682262992979844],[-119.11619739012701,36.6820825990729],[-119.11601812412555,36.681884517786685],[-119.1157650040313,36.68176650690451],[-119.11546748919571,36.68161428024277],[-119.11524982560574,36.68160064486071],[-119.11498848413004,36.68157903875109],[-119.11483597624591,36.68156424708867],[-119.11457343641763,36.681498902803895],[-119.11423344564216,36.68138242943053],[-119.11413547537727,36.68137542549022],[-119.11388738854355,36.68144108398353],[-119.11360575771883,36.681472338729336],[-119.11337724158192,36.68145889495413],[-119.11314632334991,36.68135798407673],[-119.11292243353672,36.68111693627752],[-119.11277025892758,36.6807171012432],[-119.11263492593339,36.680535732571606],[-119.11242429076222,36.680381961751614],[-119.11222523756999,36.680254230653766],[-119.11193859684093,36.680101801439015],[-119.11163942551197,36.679888340234896],[-119.1114179359972,36.67973475039133],[-119.1111959703753,36.679563675194515],[-119.11106111618318,36.679399801859184],[-119.11093497654761,36.67915701525935],[-119.11095191428231,36.67898170112499],[-119.11097923205008,36.678927066219195],[-119.11101371837385,36.67885809225181],[-119.11102147173307,36.67874419407808],[-119.1109850675062,36.678604825751165],[-119.1107930535125,36.678336954891556],[-119.11062491224753,36.678147422209946],[-119.11050164452594,36.678009590969666],[-119.1101701437282,36.67780545025326],[-119.10978339743883,36.67756728467902],[-119.10947576847146,36.677441472532045],[-119.1089955955959,36.67736247420263],[-119.1084275998249,36.67725002626277],[-119.10812259753145,36.67722042109734],[-119.10787284432287,36.67722484544633],[-119.10767715172813,36.67721955870587],[-119.10737024051467,36.677119983766794],[-119.10707252535478,36.676958989960355],[-119.10688506312466,36.67685729724006],[-119.10659963422295,36.67674858921678],[-119.10634916685372,36.6767267684866],[-119.10602221422627,36.67668880283654],[-119.10564097371127,36.67665179106475],[-119.10543489659186,36.676664185240774],[-119.10508909012322,36.67673155886043],[-119.10476570919737,36.676824784849686],[-119.10451762865186,36.67689042777464],[-119.1043226475228,36.676911373815614],[-119.10389044468343,36.67699777248192],[-119.10351181736758,36.67705697072486],[-119.10313366975208,36.67713365596613],[-119.10285253300079,36.67718237716059],[-119.10226735245841,36.67723647079866],[-119.10204146030041,36.677319214207536],[-119.10181890268878,36.67752441312585],[-119.10159824501396,36.67779958718844],[-119.10138797006721,36.67805707170996],[-119.10131780266036,36.67811612288601],[-119.10116493006026,36.67824477827069],[-119.10083258933773,36.67840815839717],[-119.10030311781772,36.678513757501165],[-119.10003185534798,36.678592926835414],[-119.09970328575304,36.67876207195418],[-119.09952013363963,36.678951987838815],[-119.09931806570133,36.678978887790294],[-119.09902627313411,36.67890235928403],[-119.09864729188206,36.67881570339624],[-119.09825668463357,36.678834251270146],[-119.09784250199878,36.67905157193372],[-119.09726344706831,36.67959849759395],[-119.09696572921351,36.67983709634579],[-119.09683201947506,36.679856564690674],[-119.09677559539372,36.67977044083968],[-119.0967107199622,36.67951489210959],[-119.09661593242838,36.679224867230616],[-119.09650602804496,36.6789117733376],[-119.09626518792064,36.678577648296375],[-119.09583992816007,36.67838678481661],[-119.09533186079832,36.678316591362695],[-119.09488591912499,36.67846191832593],[-119.09442703721999,36.678633343228576],[-119.09404180279523,36.67885013781415],[-119.09359801977348,36.67904462973938],[-119.0929672748833,36.67928907947253],[-119.09263868462709,36.67945820504966],[-119.09241176030484,36.67963721250453],[-119.09209986344156,36.67988771417624],[-119.09169039696201,36.68027995008212],[-119.09103636234973,36.680734817284964],[-119.0903750603668,36.680921448919975],[-119.08987049912963,36.68101198192543],[-119.08935051202235,36.68106778315886],[-119.08871405474524,36.68110228933153],[-119.08839488422309,36.68108455320248],[-119.08815034842969,36.68102809783531],[-119.08797214872848,36.680986958672776],[-119.08753651073145,36.68094793033581],[-119.08743862760315,36.68107799085534],[-119.08727086632553,36.68130261890944],[-119.08697657015361,36.68166948165064],[-119.08673577853833,36.681872057452864],[-119.08648050697899,36.68207488702817],[-119.08625230704905,36.68220723151583],[-119.08602711737362,36.6823525396023],[-119.0855749225276,36.68233577775965],[-119.08518145594157,36.68224932817586],[-119.08484788901869,36.68217231376187],[-119.08475871865033,36.68215172431775],[-119.08424910259302,36.68205563969187],[-119.08383738673201,36.681829494476226],[-119.08354748422013,36.68182290049426],[-119.08319714575092,36.68172402023384],[-119.08275930328817,36.681603335628196],[-119.08236805194764,36.68159851313889],[-119.08181814644982,36.68161980441969],[-119.0814989759277,36.6816020503995],[-119.08099062379999,36.68155259717566],[-119.08026351842588,36.681448629674506],[-119.079547747994,36.68122778210727],[-119.07894718649735,36.68098157853545],[-119.0785414525178,36.680976998790605],[-119.07828396571296,36.681098169224555],[-119.07822223797822,36.681179695286424],[-119.07806014327342,36.68139377391052],[-119.07790745931952,36.681641466710545],[-119.07782716969605,36.68188789221988],[-119.07771416342995,36.68199487190704],[-119.0775838466283,36.681997150582745],[-119.07724768267593,36.68188633756005],[-119.07670786346213,36.681744073801255],[-119.07628733422986,36.681728076190026],[-119.07589576308911,36.681711570680314],[-119.0754321039434,36.681707985156685],[-119.07520106354053,36.68173534809388],[-119.07482585341604,36.68178856322267],[-119.07466689472987,36.68180300183722],[-119.07454384979047,36.68153678539307],[-119.07446236271272,36.68119983832827],[-119.07445683268385,36.68117395927334],[-119.07441266431793,36.680967348690146],[-119.07438878530105,36.680617730390104],[-119.07445366432583,36.680336573858966],[-119.07459062237237,36.68004248738787],[-119.07473071733588,36.679865031974636],[-119.0747546574382,36.679677926610296],[-119.07470526806387,36.67945709989505],[-119.07453597246375,36.67908668130135],[-119.07436699127396,36.67872792567554],[-119.0743434302607,36.678389965602314],[-119.07438059895388,36.67815596532948],[-119.07446026694316,36.677886215402644],[-119.07459973218766,36.67768543312642],[-119.07438982285521,36.677420729084375],[-119.07416731824418,36.67722625178555],[-119.07390701701758,36.67724245494377],[-119.07360328224696,36.67725941818428],[-119.07314153202125,36.67732579993005],[-119.07246416277114,36.67745427363994],[-119.07170461114728,36.67775919052997],[-119.07094857193617,36.67810488022687],[-119.07035886298645,36.678441836525806],[-119.0701267850294,36.67843031437986],[-119.06983304221973,36.67827985198397],[-119.06934416466906,36.67805499680572],[-119.06875918085774,36.67784736488577],[-119.06784351910547,36.6775521334573],[-119.06710451554541,36.67736272636339],[-119.06658037193334,36.677262926105584],[-119.06613552710296,36.67723953131503],[-119.06573511564149,36.67743316780497],[-119.06564482956553,36.67766809318111],[-119.06565023293196,36.677870243645934],[-119.06577272091589,36.678117027053666],[-119.06589395485169,36.67831716772304],[-119.06613227520161,36.678561948292156],[-119.06619559654767,36.67876308778342],[-119.06610365128341,36.678935813138],[-119.06603267179953,36.67917040108102],[-119.06599613731696,36.679248821921],[-119.06596251696912,36.679436093309846],[-119.06583070806582,36.67956283660383],[-119.06535139577628,36.679695609751256],[-119.06487125613839,36.67979728287002],[-119.06446666930745,36.67983541412728],[-119.06416276924686,36.68002737339584],[-119.06383831124094,36.680173011956356],[-119.06348956638303,36.68013238672597],[-119.0629637384298,36.67997037044258],[-119.06253735487681,36.679915533076155],[-119.0620756872961,36.67998575821106],[-119.06151955916833,36.680135406782874],[-119.06123121703011,36.68018707048562],[-119.06096051690578,36.680176198431646],[-119.06066968643422,36.68013456531663],[-119.0602111566688,36.680051103781295],[-119.05993293674723,36.679939244764824],[-119.05971077259767,36.679756397363484],[-119.05938756145339,36.67958697201904],[-119.05919715813901,36.679508593309265],[-119.05900923507316,36.679523513605155],[-119.05882660488098,36.6797366926899],[-119.0587462631552,36.679983108451836],[-119.05852671579808,36.680441949864004],[-119.05841523666797,36.68060722581583],[-119.0582455224529,36.68076184484914],[-119.05787589535788,36.681024925803776],[-119.05779336982769,36.68118970341074],[-119.05769729500805,36.681389717936774],[-119.05755715782374,36.6815671597468],[-119.05747660319724,36.68161245614043],[-119.05734307491848,36.68168753679035],[-119.05702732158768,36.68179800862142],[-119.05679626950672,36.68182533478527],[-119.05634708940677,36.68182142724028],[-119.05589635701803,36.68175920762772],[-119.05554481031474,36.681613597285015],[-119.05525025363139,36.681431995869886],[-119.05501112839097,36.6811560978071],[-119.0548456452409,36.68092559497174],[-119.054457082558,36.68047725887666],[-119.05431900610893,36.68018794076855],[-119.05403242377038,36.679761176021636],[-119.0536749993902,36.67939396989481],[-119.05317247643038,36.67901760445363],[-119.05299438452695,36.67885732281617],[-119.05284339030412,36.67862657174255],[-119.05279468634437,36.67842906079798],[-119.05266127304995,36.67831467928722],[-119.05238369362715,36.67822612002563],[-119.0522059170324,36.678077506632356],[-119.05200900901708,36.67775419777214],[-119.05178532671471,36.677513026288615],[-119.05166453564834,36.6773284252852],[-119.05181977081764,36.677174069523694],[-119.05203673462002,36.67698018094002],[-119.0522876592317,36.676792631236935],[-119.0527176827582,36.6766218643411],[-119.05293021427296,36.67644317984398],[-119.05311254352954,36.676218344513906],[-119.05341348992953,36.676096474741065],[-119.05352560147362,36.675954530250934],[-119.05360688732871,36.675743105127445],[-119.05375871159488,36.67546045812501],[-119.05388312466849,36.67523662283022],[-119.05429369158423,36.67487950059634],[-119.054620180681,36.674628842122004],[-119.05445564615188,36.67443332891062],[-119.05413092404127,36.67420557332935],[-119.05355697064331,36.67386543623623],[-119.05324951594915,36.67374239625769],[-119.05289035332886,36.67385359854981],[-119.05246220548466,36.674094342726335],[-119.05203281706706,36.67428843023259],[-119.0517044630678,36.674469110438274],[-119.05159049111276,36.6745410812387],[-119.05147466772989,36.67454307410234],[-119.05137208192109,36.67449817269539],[-119.05107663231234,36.674281574066974],[-119.05065428488993,36.6741955080983],[-119.05013090035428,36.674122844583984],[-119.0499266548997,36.674068024664],[-119.04954959963561,36.67405118104177],[-119.049172551558,36.67403433741581],[-119.04903482275698,36.67375667571249],[-119.04888230499141,36.67346760539729],[-119.04858253718109,36.673087723746086],[-119.04828246124868,36.67269617887812],[-119.04792571419817,36.67235228127471],[-119.04758375790885,36.67201979500412],[-119.04725968078864,36.67181534802832],[-119.04711211813019,36.671712873958676],[-119.04700459068899,36.671481362208624],[-119.04666944273121,36.6714054516515],[-119.04643810408768,36.67142109547494],[-119.04607616028329,36.671427315680766],[-119.04555310722596,36.67136629884807],[-119.04509935649784,36.67118741048771],[-119.04480331939092,36.67094746996175],[-119.0446240327282,36.670740524971286],[-119.04413423530268,36.67029388616146],[-119.04372238379607,36.67005593222665],[-119.04342820620177,36.66988596529747],[-119.04312016311106,36.66973956871895],[-119.04292171268838,36.66969622734096],[-119.0426248500297,36.6696313924789],[-119.04236024587287,36.669484251105374],[-119.04202264371773,36.66931502218215],[-119.04159848349511,36.66915894339387],[-119.04153796758766,36.66912529290542],[-119.04133388382984,36.66901179823483],[-119.04118121065571,36.66907659759196],[-119.04104741288235,36.66913339389688],[-119.04080099152517,36.66912594499093],[-119.04062418241602,36.669012298287875],[-119.04059299829925,36.66899631027824],[-119.04040393976288,36.668899391410164],[-119.04021358136428,36.668820983078234],[-119.03996654016957,36.668790210277365],[-119.0397644704346,36.66881701290626],[-119.03965042032614,36.66886765455959],[-119.03946383664835,36.668950506402815],[-119.03914779944994,36.669049265458646],[-119.03890321963912,36.66911179293225],[-119.03858625807426,36.66917556255928],[-119.03822401333426,36.66917009513167],[-119.03778938504361,36.66916587134899],[-119.03750106177,36.669217473246746],[-119.03724354621912,36.66933856276863],[-119.03704577941433,36.66952863593421],[-119.03668166797519,36.67000157847307],[-119.03630152879472,36.67041646115195],[-119.03598701513901,36.67057352234462],[-119.03562907063426,36.67073132751536],[-119.03522522671008,36.67079657070648],[-119.03454477444194,36.670808200632685],[-119.03404976499114,36.670711648630544],[-119.03332096359776,36.670537413328816],[-119.03307361787418,36.67049496296743],[-119.0326091017357,36.67045622760466],[-119.03223237525499,36.67045099227681],[-119.0319406770109,36.6703742946106],[-119.03155903944054,36.670182451038414],[-119.03137947968996,36.669963822780915],[-119.03137334868816,36.669730574333045],[-119.03146242114015,36.66926233378271],[-119.03143813518643,36.6688893744816],[-119.03131526272357,36.66862311118876],[-119.03119423090871,36.66842682038255],[-119.0310417921949,36.6681377221184],[-119.03090229640767,36.667790063772784],[-119.03081979423366,36.66740643171771],[-119.03074561045919,36.666994943204585],[-119.03057981289876,36.6665399212695],[-119.03019060702215,36.66661207097959],[-119.02985886008602,36.66666440379602],[-119.02957269276915,36.666797627934976],[-119.02927265815917,36.66695442558417],[-119.02894243746073,36.66706506844695],[-119.0285515553278,36.6670717278233],[-119.028274041482,36.66698311238735],[-119.02793831860244,36.66688382179083],[-119.02756313542741,36.66693688290564],[-119.02723413823436,36.66709416664607],[-119.02693225938314,36.667180986331864],[-119.02655646535372,36.66721071857506],[-119.02599307973676,36.667266978723816],[-119.02564899084697,36.66740117888908],[-119.02542224978103,36.66759172591843],[-119.025281452335,36.66774580403739],[-119.02528451109852,36.66786242775488],[-119.02541785971425,36.66797684281832],[-119.02550747564699,36.668080331348484],[-119.02552124771861,36.66810429455266],[-119.02561370861586,36.66826520817245],[-119.02570668873936,36.66849698827326],[-119.025658262359,36.668859514631045],[-119.02564119436859,36.668895024946025],[-119.02556211747077,36.66905950717392],[-119.02543487470405,36.669178350313096],[-119.02543701718598,36.66925998988159],[-119.02544099223114,36.669411603316966],[-119.02544223999107,36.66945934659378],[-119.02544802603983,36.669679850386515],[-119.02550093681003,36.6700406541539],[-119.02558983858214,36.670669212775714],[-119.02563663721517,36.670796762364986],[-119.02574379275383,36.671016628268816],[-119.02578069824065,36.67131936589375],[-119.02570208846677,36.67163573947837],[-119.02562696774946,36.67173374287342],[-119.02554802739554,36.67183671478841],[-119.02562562207314,36.67203374910844],[-119.02563453785234,36.67206758277534],[-119.02568995492223,36.67227768362006],[-119.02575551127674,36.67256826498008],[-119.02571574735069,36.67270895843996],[-119.02563499419652,36.67294369073742],[-119.02555638172768,36.67326006268694],[-119.02551845216145,36.67347072946722],[-119.02536378023582,36.6736483819153],[-119.02506462597486,36.673840157766065],[-119.02453289698853,36.674000883591944],[-119.02418724592842,36.674076769253354],[-119.02390195896052,36.674244972536094],[-119.02375830487183,36.67434311526438],[-119.02367427466353,36.674400528741984],[-119.02356180738659,36.67453078621649],[-119.02349460621683,36.674730284177485],[-119.02349919121805,36.67490522470361],[-119.02356229966338,36.675102508377485],[-119.02357959672418,36.67514914867075],[-119.02368698941807,36.67543875734924],[-119.02363487814844,36.675661331944646],[-119.0235562540015,36.67597770424719],[-119.02340493099527,36.67628364141052],[-119.02342583030034,36.67652831461619],[-119.02349046947494,36.67678391217258],[-119.02343774555428,36.67698316149519],[-119.0234353479508,36.6770855175946],[-119.02343090398506,36.677274977244096],[-119.023439767662,36.67761319797786],[-119.02337898495493,36.678057611329166],[-119.02323071083076,36.67848017738511],[-119.02302604496462,36.678962037318286],[-119.02291784378697,36.679255576061685],[-119.02280772111291,36.679555192027735],[-119.02271501138233,36.67980741797103],[-119.02264811294482,36.68001857761153],[-119.0224931176257,36.68018455833598],[-119.02239695297452,36.68021351397129],[-119.02220565942973,36.680271118305185],[-119.0221357067202,36.68036565479211],[-119.02218158907168,36.680458217183684],[-119.0222139095573,36.68058600989975],[-119.02232350761523,36.68089918342957],[-119.02249042357815,36.68118805003875],[-119.02265947483652,36.68155854712529],[-119.02274439886854,36.682035491831265],[-119.0228370888362,36.6822556094618],[-119.02294669318232,36.68256877475326],[-119.02315021728971,36.68314871751709],[-119.02321913783494,36.68356758876402],[-119.02322952864785,36.68396412108683],[-119.023171157019,36.68422966420525],[-119.02309072815665,36.68459555054249],[-119.02304941643338,36.68483060676754],[-119.02298159812099,36.68500677996113],[-119.0230012757173,36.68520479773691],[-119.0230659157902,36.685460397440885],[-119.02316074644315,36.68576214965999],[-119.02332606340488,36.686071036037646],[-119.0233587719627,36.6861321571888],[-119.02342158665896,36.686317776566945],[-119.02323609084098,36.68642594231236],[-119.02315774247684,36.68646563709728],[-119.02295013911974,36.68657081740859],[-119.02251999162571,36.686741479375726],[-119.02206118607752,36.686924289281706],[-119.0216074874517,36.687111383502504],[-119.02111612965255,36.687348722081424],[-119.02077133828017,36.687459584143106],[-119.02048202506315,36.68747616765942],[-119.02013295501511,36.68742374886736],[-119.01962581291806,36.687420688756184],[-119.01927826551443,36.68742658566526],[-119.01892950538516,36.687385831718686],[-119.01872615914417,36.68736594602673],[-119.01847091812758,36.687391591040594],[-119.01830712291192,36.68740805210945],[-119.0179167420389,36.68743800777355],[-119.01752575480306,36.68744463657202],[-119.01732186328472,36.687460748973],[-119.017149859264,36.687474342255356],[-119.01658875626617,36.68762386820305],[-119.01630400379584,36.68781537725812],[-119.01607901174978,36.688075881855],[-119.01579700003938,36.688372358007825],[-119.01574983040213,36.688405898507945],[-119.01561209261793,36.688503835877604],[-119.01533390323908,36.68839186597303],[-119.01502766935535,36.68831537564627],[-119.01448821036597,36.68818449102924],[-119.01420880826146,36.68802587163357],[-119.01397011780563,36.68776154750823],[-119.01377367691425,36.687590923102526],[-119.01349576331819,36.68734952312826],[-119.01306669110755,36.6870067463684],[-119.01243306621853,36.68659741285942],[-119.01180035850939,36.68622306802175],[-119.01149078828273,36.686018275548925],[-119.01124158124985,36.68590581072667],[-119.01105120398664,36.68582735056917],[-119.01086264671017,36.685818865932],[-119.01063095592706,36.68582278191851],[-119.01023966865392,36.68581772484982],[-119.01000371985633,36.68580520608201],[-119.00990600291635,36.685800023666005],[-119.00957234077204,36.68578232175773],[-119.00926763492264,36.68576412854575],[-119.0088329087156,36.685759798337315],[-119.00854913900218,36.68572763189057],[-119.0082952993574,36.68569886202824],[-119.00794775824197,36.68570472377059],[-119.00773206555573,36.68576670318627],[-119.00753236288156,36.68588675308844],[-119.00738937534284,36.6859591706477],[-119.00726360221991,36.686136308002325],[-119.00721234434982,36.686393868352205],[-119.00724767149667,36.68663830193342],[-119.00719581265363,36.68687253141345],[-119.00707154870035,36.68710799056885],[-119.00671619044532,36.68737067594761],[-119.00645977263568,36.68753835095117],[-119.00613125604134,36.68771890855089],[-119.0058961094393,36.687780902911605],[-119.00580030501258,36.687806162393656],[-119.00562663641362,36.68781408565003],[-119.00539513697167,36.68782465407254],[-119.00516555543282,36.687910199820415],[-119.00492240484161,36.688030976100784],[-119.00460775374367,36.688187958832664],[-119.00430939808498,36.68841467316308],[-119.00415373801253,36.688557309252815],[-119.00393111931548,36.6889110961535],[-119.00376097121413,36.68905397408034],[-119.00347346540742,36.68914049093192],[-119.00328853283315,36.68927195020008],[-119.00304809874736,36.689497688147654],[-119.002838135516,36.68978125387428],[-119.00261701790377,36.69019335454746],[-119.00244989353169,36.69045285918499],[-119.00225229111864,36.690654538086655],[-119.00208425675318,36.69087905821481],[-119.00198772469106,36.6910673673767],[-119.00190839536663,36.6913604003524],[-119.00179949889294,36.691630597889166],[-119.00172591159979,36.69214522063817],[-119.00160102062249,36.69235734836992],[-119.00142272839479,36.69274538751494],[-119.00135636804814,36.69297986130771],[-119.00118832649612,36.693204378967906],[-119.0009765324982,36.69341796240327],[-119.00064827372033,36.693610168691976],[-119.00040540430183,36.6937426006551],[-119.00003550771221,36.69400551115436],[-118.99980255299948,36.69417132051473],[-118.99965297541986,36.694270091852886],[-118.99962149036746,36.69437047293479],[-118.99959233823985,36.69444613033472],[-118.99939136444954,36.69450097750928],[-118.99923707071466,36.69457460930242],[-118.99904336609163,36.69464787295297],[-118.99883744078748,36.69466883144534],[-118.99867451244609,36.694671570015544],[-118.99837083426935,36.69469417077868],[-118.99813435995732,36.69479440220562],[-118.9979438308788,36.69499012297061],[-118.99786078073248,36.69514028040641],[-118.99777140554825,36.695465566849684],[-118.99769243105834,36.69577317967913],[-118.99757815367613,36.69597637018946],[-118.99740175599533,36.69622873171421],[-118.99731849025335,36.696370143956635],[-118.9972367211046,36.69656987266687],[-118.99721620268521,36.69689691701829],[-118.99719568426579,36.69722396430004],[-118.99716970139453,36.69740963253246],[-118.99718486495651,36.697575644149815],[-118.99722626740963,36.6976530436081],[-118.99733331874373,36.69785318385929],[-118.99733626342125,36.69796689671608],[-118.99730548534295,36.69803742012434],[-118.99716408153411,36.698284579623746],[-118.99694997437435,36.69857719471162],[-118.99673928440592,36.698834508117386],[-118.99659105699415,36.698985760037395],[-118.99642381763769,36.699242345338796],[-118.99627830044315,36.69949856317554],[-118.99610993010775,36.69971140887506],[-118.99597256781936,36.699862481168196],[-118.99587910170729,36.7000303183565],[-118.99585212889258,36.700208827054524],[-118.9958145981783,36.70047769705775],[-118.99579626805496,36.70060926946659],[-118.99578019719449,36.700828314793924],[-118.99573040627325,36.70100416756212],[-118.9956258486624,36.70116343648633],[-118.99541289314283,36.70133327812846],[-118.99531140327865,36.70138130337143],[-118.99514448731571,36.701460288553584],[-118.99497407151642,36.7015944096234],[-118.9949346202041,36.701628565916046],[-118.99463392173915,36.701888894072006],[-118.99446440964503,36.70205800740105],[-118.99422337189138,36.7024033300384],[-118.9940510175277,36.70251200612148],[-118.99396673129952,36.70256514781455],[-118.99369809280876,36.70268341486812],[-118.99334458238827,36.702881857426895],[-118.99292747214398,36.70314261779003],[-118.99245807545856,36.70348301288727],[-118.99204276543807,36.703813753481754],[-118.99161591206622,36.70411843046423],[-118.99126465282382,36.704404339112095],[-118.99109294884042,36.70467728591552],[-118.99095161779509,36.704908381582364],[-118.99079408204034,36.70512104017389],[-118.99056094946117,36.70535246651726],[-118.99027215636869,36.70553231394175],[-118.99023075481387,36.70555588593604],[-118.98990798114913,36.70573967594414],[-118.98942318284818,36.705905300112605],[-118.98918621536107,36.70598801987849],[-118.98885440194962,36.70618608444776],[-118.98839245589117,36.70639507663081],[-118.98804887724448,36.70655833717717],[-118.98766161532211,36.70671356876142],[-118.98734949388002,36.7068325488945],[-118.98726528670359,36.706938963823994],[-118.98715872764626,36.70716707474512],[-118.98712108464262,36.707247654220076],[-118.98696421094623,36.707486552479516],[-118.98673354064924,36.707814189898976],[-118.9864578378071,36.7080813207295],[-118.98608638623374,36.70842880849608],[-118.98577628150946,36.70862650237042],[-118.9855071561318,36.70872725215432],[-118.9852475493029,36.7087753411928],[-118.98509455363357,36.70874288766661],[-118.98505098085074,36.70872805873973],[-118.9846779015301,36.70860107328785],[-118.98437010278113,36.70846619170486],[-118.98395232688523,36.708280632998964],[-118.98345580107822,36.70799138060783],[-118.98289725019411,36.70782567091347],[-118.98265846721183,36.70783839638669],[-118.9822689442299,36.707906140951685],[-118.98187874032499,36.70794764668419],[-118.98176820442592,36.70796349768675],[-118.98132648124113,36.70802684981198],[-118.980893270492,36.70808657005996],[-118.98061080962395,36.708091271339626],[-118.98018352236582,36.70795836645616],[-118.9798320619008,36.70781544732291],[-118.97938439366548,36.70773538264816],[-118.97904559944595,36.70766226110241],[-118.97898779734899,36.70765036308184],[-118.97865225143754,36.70758128812581],[-118.97823852963852,36.70755316451699],[-118.97777933511978,36.707447034187986],[-118.97732237560946,36.70742837294551],[-118.97699579039298,36.70740754684377],[-118.97666987262475,36.70741295898053],[-118.97646502979052,36.707477621562],[-118.97640926147938,36.7075270206639],[-118.97627374253392,36.707647069718625],[-118.97609151568528,36.70774635379074],[-118.97581062507236,36.70781227351572],[-118.97528982768468,36.70784716954424],[-118.97495551066856,36.70794898404514],[-118.97447580851019,36.708315733342936],[-118.97408010691575,36.70856732626813],[-118.97356356125434,36.70876841536488],[-118.97329553361794,36.70891287747709],[-118.97300958728661,36.70920639839509],[-118.97277616724655,36.70942904162036],[-118.97254453575223,36.7097216661327],[-118.97223820125717,36.71006803024459],[-118.9720025354289,36.71020320211762],[-118.97185334232822,36.710319438835214],[-118.9716391857611,36.71044549749568],[-118.97142637127706,36.71062404537682],[-118.9712372956727,36.7108809554992],[-118.97103646561283,36.71110305592549],[-118.97076753337295,36.71121252338529],[-118.97047486405002,36.71124362272173],[-118.97023673863451,36.71128257014893],[-118.96991460457023,36.71143666805122],[-118.96965542444109,36.71150221733932],[-118.96936453647737,36.71160329029566],[-118.96909534192943,36.71174288903242],[-118.96878678859565,36.71196289065372],[-118.96864822076816,36.71207019792621],[-118.96845846783404,36.71230086088606],[-118.96825828725613,36.71254919873928],[-118.96811087192137,36.71273540677444],[-118.9678798782309,36.713054266535025],[-118.96780784412489,36.71321297255503],[-118.96782384401843,36.713413982522844],[-118.9679053697237,36.71357864967404],[-118.9679269867827,36.71362230117962],[-118.96813036176977,36.713925222516195],[-118.96813437544245,36.71408267373646],[-118.96805125253259,36.71423281043713],[-118.96789185546857,36.714375466315104],[-118.96758189986463,36.71458186254984],[-118.96735864516032,36.71477807373173],[-118.96706179148478,36.71507176667327],[-118.96682856368422,36.715303147926754],[-118.96663767258465,36.71549007010966],[-118.9663616535355,36.71574841568252],[-118.96614724544013,36.71586571695815],[-118.96596387683276,36.71592125454474],[-118.96573548915492,36.71591627722648],[-118.96535587459059,36.7159488004527],[-118.9649771556466,36.716016311756654],[-118.96444855010246,36.71617380693782],[-118.96385519848427,36.716349871584676],[-118.9633265893469,36.71650735960112],[-118.96308956167265,36.716590029789096],[-118.96281926399358,36.71664699407305],[-118.96230859960234,36.7166554141002],[-118.96195831323536,36.716676885057296],[-118.96191789533582,36.71667936217036],[-118.96164648194912,36.71669258952084],[-118.9614307389572,36.716757401993014],[-118.9613257546466,36.71683289621977],[-118.96128129073496,36.716864874670456],[-118.96104625642236,36.71702626666709],[-118.96046931882104,36.717420816133554],[-118.96002983962782,36.71766433449204],[-118.95938680398788,36.718024963556594],[-118.95886631562068,36.71843170379775],[-118.95837051295752,36.71888324971543],[-118.95794417701526,36.719216970631194],[-118.9576748351436,36.71945475949936],[-118.95746462846883,36.719738252161164],[-118.95726683740955,36.71993985782725],[-118.95696437195842,36.72001484200435],[-118.95673256798759,36.72001865544063],[-118.95631213128179,36.72001390016625],[-118.95589346246047,36.72007912243005],[-118.95549225060006,36.72026073984996],[-118.95509516470176,36.720605635783514],[-118.95482374143361,36.72076177865724],[-118.95434978040825,36.720932916279715],[-118.95387404251524,36.721034074756005],[-118.95342669228354,36.72111142466756],[-118.95321084778202,36.721173309293],[-118.95277946420616,36.72130873812613],[-118.95235657330302,36.72142214770034],[-118.95223815558563,36.72146784544053],[-118.95202327138315,36.72156763008615],[-118.95183011652907,36.72166705890032],[-118.95153118235535,36.7218819882068],[-118.95139257949351,36.72198927298418],[-118.95102977510311,36.72225775500667],[-118.95073105113515,36.722481426785315],[-118.95017309313913,36.722770605904714],[-118.9498739289967,36.722976784455284],[-118.94956300770382,36.7231481482722],[-118.94924816975629,36.72328622189015],[-118.94938849828178,36.723328733114506],[-118.94951656749858,36.723346077883136],[-118.94956198901428,36.723375109426975],[-118.9496215742671,36.723413198191075],[-118.94968814661615,36.723455756146926],[-118.94977789909282,36.72358860182158],[-118.94997280745835,36.72386779868574],[-118.95010947714565,36.72402820393897],[-118.9503413493885,36.724217807127246],[-118.95062150068794,36.72440905940994],[-118.95096944065536,36.72453772373514],[-118.9512564092695,36.724599419115656],[-118.95165876109199,36.72461312391333],[-118.95200082428082,36.72454690539565],[-118.95217758398265,36.7245208386068],[-118.95235829986497,36.72449418931482],[-118.9529719165777,36.72447615214821],[-118.95325096564429,36.72438182398382],[-118.95416993499343,36.724075666341754],[-118.95475136147623,36.7240565281635],[-118.95534343838504,36.72414157493667],[-118.95598274152496,36.72429358274969],[-118.95644236992999,36.7243996120461],[-118.9566690463172,36.72438136749191],[-118.95695557296023,36.724144520542744],[-118.95725180140833,36.723880278854026],[-118.95744610880091,36.72370695172207],[-118.9579164621921,36.72334656534243],[-118.95808216093785,36.72326134920202],[-118.95833105176372,36.72312704849961],[-118.95881319105143,36.72315642430074],[-118.95914708406276,36.72324565040162],[-118.95985318053732,36.72330859751018],[-118.96055745612682,36.72309892122069],[-118.96134083825852,36.722917884377665],[-118.96219131106724,36.72268720937299],[-118.96259094189276,36.72275270297972],[-118.96288925443231,36.722905606382156],[-118.96307559287,36.723041724110935],[-118.96334443527834,36.72314170976046],[-118.96361667870833,36.72317691563984],[-118.96387078784771,36.72325043931732],[-118.96415097418145,36.723441658727644],[-118.96433009465585,36.723588088442874],[-118.96438288145858,36.723631241043144],[-118.96475168929005,36.72366972065402],[-118.96517828484541,36.72352846160704],[-118.96521721423659,36.72351556952618],[-118.96558104090981,36.723395092367966],[-118.96581817458524,36.723316566789144],[-118.96625542865148,36.72327949681837],[-118.96645195039126,36.72322126948064],[-118.96693749070062,36.72318583753219],[-118.96722718390502,36.72319566738121],[-118.96742584992337,36.72320106760539],[-118.96779522728673,36.72312409277413],[-118.9681901132109,36.72280853728122],[-118.96821589665619,36.72278793495865],[-118.96878344057461,36.722417823764964],[-118.96901892673978,36.72223112869068],[-118.96916923015819,36.72203575811162],[-118.96933031874987,36.72182636636441],[-118.96964035071063,36.721447517095946],[-118.96990359481812,36.72136033311994],[-118.97006692380815,36.72130623812081],[-118.97042776717629,36.72118868305498],[-118.97076862213109,36.72083683043695],[-118.97101630023131,36.72041692518805],[-118.97113423106184,36.72010170060088],[-118.97122247436879,36.719865824057635],[-118.97137529307,36.71977178257617],[-118.9715223230275,36.719681304570734],[-118.97216877226552,36.719651303145746],[-118.9726268420935,36.719524056362054],[-118.9729005955915,36.71922184404593],[-118.97314054997693,36.71917264400077],[-118.97322652952938,36.71915501242276],[-118.97372474866071,36.71918487290838],[-118.97391239504547,36.719211985605725],[-118.97442879607812,36.719286598939014],[-118.975050034996,36.719339535334136],[-118.97543997479623,36.719372763495564],[-118.9761152267172,36.71940860620023],[-118.9762606343173,36.71946418514943],[-118.97663683618185,36.719607971893836],[-118.97698142184002,36.719801342556245],[-118.97721944215262,36.719874294856304],[-118.97788522672886,36.72009151464671],[-118.9781661182401,36.72026974776789],[-118.97843753791499,36.72062936444585],[-118.9786518849249,36.72115577466083],[-118.97882471809064,36.72155099056035],[-118.97922084009664,36.721992698220255],[-118.97942059127985,36.72218116229095],[-118.98000376768083,36.722746008102696],[-118.97996670588714,36.723147099187955],[-118.9797600475577,36.7233996847067],[-118.97963453225128,36.72364203782978],[-118.97962506310986,36.72382342289752],[-118.97973366763108,36.72390497205589],[-118.9800682712098,36.72398118576072],[-118.9804377680491,36.724006662314416],[-118.98073748196049,36.72413361150348],[-118.98100229811972,36.72431129307032],[-118.98145822456746,36.72453437421444],[-118.98184381742,36.724560393477574],[-118.98235019415242,36.72443474678712],[-118.98263056194584,36.724314435235144],[-118.9830578096781,36.72416015219747],[-118.98351060819202,36.72382502711104],[-118.98352757646943,36.72378042377046],[-118.98362271793948,36.72353030199549],[-118.98395148606211,36.723100127992375],[-118.98432841825701,36.722983076094316],[-118.98467585786281,36.7228131087741],[-118.98501992070148,36.72270792548808],[-118.98541091332719,36.722630280529806],[-118.98565300390636,36.72262548077488],[-118.98584478523638,36.7226579190766],[-118.98634168743749,36.72271363608139],[-118.98669576199997,36.72272559873254],[-118.98722417979619,36.72279535778611],[-118.98757960542487,36.72278140137226],[-118.98778343406114,36.72289211512948],[-118.98790978300417,36.72302307529652],[-118.98795169839532,36.72306652342701],[-118.98848069021498,36.72343481270481],[-118.98874889931109,36.72354769928057],[-118.98906674302154,36.723636299224445],[-118.98940270485295,36.723686577888515],[-118.98970782931731,36.723709853423294],[-118.9901899964528,36.723739102277094],[-118.99059640866038,36.72367494011848],[-118.99098936230835,36.723677650294135],[-118.99107992776037,36.72367827671626],[-118.99168680261687,36.72378959904122],[-118.99175075907183,36.72379175767419],[-118.992765151962,36.72382596890247],[-118.99326341780571,36.72385574908959],[-118.99350011849319,36.72395458020281],[-118.99376631895626,36.72410632629822],[-118.9938950771809,36.724110665146874],[-118.99440614850897,36.72389427178936],[-118.99470057134333,36.723813341840454],[-118.9949413198395,36.723834436384294],[-118.99522765693798,36.72390898114533],[-118.99554820637408,36.72394574192243],[-118.99575284529075,36.72375460729004],[-118.99593530570137,36.723322813758614],[-118.99620090249658,36.72317601560222],[-118.99644232113593,36.723184149061765],[-118.99678360907866,36.723442249150295],[-118.99712692002744,36.723661474921876],[-118.99738419482985,36.72378179613702],[-118.99742598625349,36.723801340477344],[-118.99776599769022,36.72377385282718],[-118.99820998552784,36.72360709785322],[-118.99840876832714,36.72353076857286],[-118.9987693278277,36.72339231161957],[-118.99907782007604,36.72335078326927],[-118.99913857493533,36.72343872605511],[-118.99914617737758,36.723586708152595],[-118.99934329919195,36.72382696469567],[-118.99962560105821,36.72397923953973],[-119.00007289469606,36.724059188644205],[-119.0005919700133,36.72399878598993],[-119.00072310967174,36.72394130154117],[-119.00083944778923,36.723890303740546],[-119.00101805712224,36.72389638433792],[-119.00112781418198,36.72392596433133],[-119.00121361676634,36.724136519668725],[-119.0013403079675,36.72449121420141],[-119.00152335946956,36.724692059295535],[-119.00215169148491,36.72501171760332],[-119.00282226677652,36.72544960299403],[-119.00374432094033,36.726012755079886],[-119.00388312502479,36.726134233975095],[-119.00388510311502,36.72640686022687],[-119.00384816349224,36.72680796891323],[-119.00385484516131,36.72698989873928],[-119.00407278363576,36.727139995813324],[-119.0044040733294,36.72728092566125],[-119.00472729255853,36.72757733411703],[-119.00526110653463,36.727854858352025],[-119.00570910265503,36.72792183720212],[-119.00645203364952,36.727910951738984],[-119.00651591105273,36.727910015037544],[-119.00694646907684,36.72800235819001],[-119.00738774849385,36.72819889220314],[-119.00800941950139,36.72864808612777],[-119.00840040404228,36.728881863606915],[-119.00894832067004,36.72919878729428],[-119.00924273092801,36.729429318185474],[-119.00948214093438,36.72978779258395],[-119.00955053327021,36.73002371353162],[-119.01014136511404,36.730757399913806],[-119.01028621486034,36.731073761493896],[-119.0104283813389,36.73144194685591],[-119.01049409220361,36.73172969337185],[-119.01034129775694,36.73190935809938],[-119.01032238193203,36.7319315922569],[-119.01019762210872,36.73216102782507],[-119.01030156976351,36.732333244440376],[-119.0104538072547,36.732507085579876],[-119.01047190291777,36.732780252919056],[-119.010759598269,36.733451840297896],[-119.01095071754065,36.73412018932772],[-119.01102179044928,36.7346157800495],[-119.0109882374751,36.734952107104746],[-119.01097816376752,36.73514645709652],[-119.01106266109979,36.73538291591365],[-119.01132692210015,36.735573494626024],[-119.01164887650135,36.73558430197207],[-119.01213850234866,36.73578244069963],[-119.0124087973328,36.736167904318805],[-119.01247988641113,36.73635199688434],[-119.01253487228968,36.73684704839016],[-119.01283936793334,36.737506215828276],[-119.0131854645578,36.73798507601731],[-119.0135959524218,36.73846609719871],[-119.0136797930856,36.73871551090961],[-119.01360197023588,36.73928397775176],[-119.01349933322312,36.73970884343778],[-119.01356371997112,36.740022501725356],[-119.01366634171252,36.74022063259667],[-119.0139722081853,36.74054239017941],[-119.01433979071473,36.740918134052734],[-119.01476439201019,36.74112706269912],[-119.01503002204306,36.74129172226488],[-119.01554853770989,36.74155571327327],[-119.01582158153882,36.741729432749004],[-119.01617304200384,36.74195304493035],[-119.01681969605774,36.74254580499995],[-119.01695509642556,36.742706019346464],[-119.01721480656073,36.74301331708132],[-119.0174375195809,36.743384199292144],[-119.01763541484475,36.74361147566902],[-119.0178467237524,36.74389111800912],[-119.01793929604075,36.74397209518037],[-119.01829147515798,36.74402283417952],[-119.01876708549021,36.744181545310525],[-119.01911256227713,36.74436184817999],[-119.01916499244871,36.74437914212821],[-119.02003226465153,36.74466522053807],[-119.02079299037348,36.744924322401],[-119.02144034870656,36.74519260761949],[-119.02177712800489,36.74554133762719],[-119.0221152520812,36.74586415694915],[-119.02262243909398,36.74634838518541],[-119.02296994337851,36.74648980955519],[-119.02399100625966,36.74701718769656],[-119.02427010203867,36.74723419538119],[-119.02456060732008,36.74754243376016],[-119.02459886836466,36.747738404534125],[-119.02477128561041,36.74783502535468],[-119.02513088840516,36.74805471988739],[-119.02545962418844,36.74824742652239],[-119.02571794193491,36.74855458762127],[-119.02589508701398,36.748872011684185],[-119.02596488161998,36.749082010594684],[-119.02607089450161,36.749215348170665],[-119.02616548889766,36.749257451315955],[-119.02658344266001,36.749284408718225],[-119.02696785153303,36.749336201568816],[-119.0272657373728,36.74950191167999],[-119.02743080550121,36.749741055682875],[-119.02741876268652,36.74997427732056],[-119.02769586869717,36.75023014529697],[-119.02818563468162,36.75042822750307],[-119.02863044447771,36.750559910140204],[-119.02900951376469,36.75071534934423],[-119.02934496175976,36.75077847762687],[-119.02956034722219,36.75098036311825],[-119.02976904293067,36.751311814748284],[-119.03067617787426,36.751861290965714],[-119.03092644671577,36.7520124226508],[-119.03145183718945,36.75245828367898],[-119.03197455966678,36.752955973549156],[-119.03247243653996,36.75331006062366],[-119.03304341292106,36.75349785547042],[-119.0336358374779,36.753582529910354],[-119.03425579360157,36.75375897661844],[-119.03453293554482,36.75401483197329],[-119.03470478595361,36.75443589938651],[-119.03486921627817,36.754687993310235],[-119.03538121826087,36.75508147550704],[-119.0357811751748,36.75545823570163],[-119.03626499071885,36.75577290056912],[-119.03659787582043,36.756199340401984],[-119.03689313947791,36.75641685758759],[-119.03738230269283,36.75662786000383],[-119.0377399786013,36.75688639536159],[-119.0380466814056,36.7571951433843],[-119.03842522158484,36.75767501785844],[-119.03877423324242,36.75810198689416],[-119.03895011618853,36.758445310144545],[-119.03905291399975,36.75895492321785],[-119.03911808407867,36.75925561604212],[-119.039379826203,36.75949796968393],[-119.03987644363814,36.75987794101591],[-119.04021537260495,36.760187760120296],[-119.0405234300687,36.76047058996629],[-119.04081671922918,36.76072697061085],[-119.04125894636884,36.76091043716018],[-119.04154947410812,36.7609071381645],[-119.04221772006821,36.76077365394332],[-119.04279267418937,36.76057216413876],[-119.04299935407838,36.76063096407881],[-119.04306853423672,36.76085391305221],[-119.04306130459533,36.76130794567196],[-119.04306617975236,36.76184025027502],[-119.04325552664797,36.762235933218406],[-119.04376772895498,36.76294088811583],[-119.04419531265717,36.763409397870355],[-119.04447051962929,36.763704105174156],[-119.04461556790328,36.76402043170339],[-119.0444908431143,36.76424990663857],[-119.0444258643765,36.76457222049562],[-119.04444951881457,36.76505323909583],[-119.04482613480249,36.765571965586936],[-119.04509802339797,36.76593145569104],[-119.04545188056817,36.76657921770525],[-119.04564735756723,36.76716978770969],[-119.04579308227264,36.7674731583954],[-119.04597634667543,36.76767394571766],[-119.04614350877675,36.76787419712376],[-119.04644295409187,36.76832545799416],[-119.04681015663395,36.76871407479734],[-119.04706051261206,36.76886517831588],[-119.04747125559761,36.769034594637844],[-119.04789877102786,36.769191591756055],[-119.04807126912198,36.76928818555693],[-119.04844169212434,36.76930050794467],[-119.04908590635391,36.769321937553755],[-119.04982076329063,36.769463189326416],[-119.05042544625782,36.76962606681225],[-119.05139044528211,36.76968410711538],[-119.05165145797444,36.769627888105646],[-119.05190582313365,36.76970123920386],[-119.05212464285542,36.76983830368928],[-119.05250319561108,36.770006637035664],[-119.0528495365773,36.77017389638531],[-119.05335427208765,36.770398331627355],[-119.05399997302906,36.77070532775757],[-119.05450073079936,36.7710075029023],[-119.05512501590438,36.771417614288644],[-119.05563856388768,36.771785108873935],[-119.05608370156884,36.772228202634544],[-119.0563468729128,36.77244460580263],[-119.05654694659117,36.77263296111471],[-119.05684499053446,36.77279860362977],[-119.05733763831438,36.77294475066233],[-119.05784895488253,36.77299932016087],[-119.05825636062681,36.77296226123194],[-119.05858313898108,36.77288224937323],[-119.05877359529606,36.77262898838975],[-119.05870552006552,36.772068620557384],[-119.0584931565357,36.7714904887539],[-119.05824725979467,36.77093719904479],[-119.05816324485771,36.77063406513588],[-119.05813834445635,36.77054421267125],[-119.05814765908754,36.77047283764435],[-119.05820323515921,36.77004708378599],[-119.05824461964605,36.76973004597297],[-119.05828470696558,36.769645126706614],[-119.05833754137905,36.76953320957574],[-119.05844370338099,36.76930833788414],[-119.05868046964548,36.76909554688779],[-119.05906883290237,36.768757995031436],[-119.05955249034291,36.768449557650136],[-119.060147556845,36.76817077408163],[-119.06081982546091,36.767959441456384],[-119.06118321824785,36.76785871973231],[-119.06123419943685,36.7678376185766],[-119.06177451182573,36.767588743524875],[-119.06208850535691,36.76749957184469],[-119.06267489503166,36.767333045706785],[-119.06294973998271,36.76715877612275],[-119.0632584801661,36.766963010394974],[-119.06388639536317,36.76667231599442],[-119.064525105615,36.766485811304065],[-119.06524566586398,36.76627605361361],[-119.06551461696847,36.766064314933686],[-119.0657983462577,36.76587902349925],[-119.0661734036686,36.76580058887452],[-119.0667686246809,36.765833278793416],[-119.06767401779115,36.7661098587257],[-119.06883842843546,36.76636904648602],[-119.06916471361464,36.766613468873366],[-119.06946276294782,36.76677908265524],[-119.07005071119957,36.76695428644862],[-119.07070374329199,36.76711866391039],[-119.07110857805795,36.767404618672195],[-119.07142340342907,36.767557802296345],[-119.0719354718871,36.76763963457573],[-119.07256424497525,36.767647443816045],[-119.07281730218745,36.76774666614615],[-119.07336709719246,36.76803740540726],[-119.07372406163522,36.767997287897664],[-119.07412604245351,36.76802355292688],[-119.07428048441044,36.76815845007313],[-119.07430925295739,36.76818358238428],[-119.07446581404004,36.76832032647936],[-119.07475174330342,36.7684076535749],[-119.07506039994345,36.768365935854774],[-119.07552058171066,36.768212648782395],[-119.07557847992737,36.768193362575126],[-119.0759466391752,36.768070730506885],[-119.07658599980732,36.767871199944544],[-119.07678595670473,36.76775225321377],[-119.07726814360316,36.76746541318305],[-119.07766062563562,36.76736155688399],[-119.07814643543958,36.76732567899832],[-119.07864896109439,36.76735353101027],[-119.07872557571001,36.76735777818214],[-119.07960121661803,36.76726986844075],[-119.08098868433729,36.76695222761729],[-119.08170458861812,36.76683307005139],[-119.08238009925394,36.76655682735229],[-119.08309243452813,36.76619093694237],[-119.08328538276969,36.765959495312934],[-119.08341889667544,36.765799339596356],[-119.08360133372986,36.76570152090589],[-119.08388990943006,36.765736995118935],[-119.08443749188451,36.76575504202032],[-119.08479576876591,36.765688976293305],[-119.08533383716322,36.76557691809722],[-119.08601290063594,36.7655473764621],[-119.08642833911549,36.765625957431055],[-119.08674121334579,36.765817977299385],[-119.08718491012924,36.765975364565655],[-119.08769962592243,36.76600529607453],[-119.08803981971715,36.76597756231158],[-119.08878923924291,36.76583350835535],[-119.08924216262268,36.76580947990631],[-119.0896911432966,36.76586319812396],[-119.0901877742065,36.76593146216771],[-119.09063675128718,36.76598517670179],[-119.09115410004244,36.76596326113038],[-119.09146734887022,36.76583079750915],[-119.09188513644426,36.76554601563666],[-119.09237883435473,36.765354585907275],[-119.09275715804002,36.7652112799217],[-119.0932321135004,36.765071147268166],[-119.09350047800503,36.764990662288426],[-119.0937110017851,36.76497144147743],[-119.09375288843016,36.76496723159461],[-119.09411036042106,36.76493129645684],[-119.0948505434691,36.764968608981945],[-119.09537610013115,36.765102700471765],[-119.09584413407227,36.76541660757997],[-119.0960557951195,36.765696131587426],[-119.09622372348377,36.766519351525815],[-119.09630128043213,36.766898303631606],[-119.09649091838186,36.76729391658145],[-119.09687449092334,36.767682922166145],[-119.09748453234121,36.768377893550436],[-119.0980179968727,36.76899247140428],[-119.09881607544247,36.769797447380554],[-119.09963487455256,36.77051224434685],[-119.10011380505809,36.770930330633455],[-119.10027586113534,36.77123417647413],[-119.10037677787437,36.77147111918052],[-119.10042674217047,36.77175830401327],[-119.10044008484738,36.77180447908753],[-119.10064633534168,36.772518319746226],[-119.10087315725598,36.77313579806416],[-119.10108847714136,36.77366204177079],[-119.10130905756107,36.77408462175596],[-119.10159604503983,36.77447044486142],[-119.10167744318436,36.7745127507289],[-119.10220912006844,36.774789090684976],[-119.1026907158754,36.77515533725235],[-119.10299907607141,36.77543801979468],[-119.10347411058352,36.77593384230509],[-119.10371541513683,36.7762662445369],[-119.1040500860892,36.7766666033675],[-119.10438804667214,36.77700217408886],[-119.10467010778984,36.77716718045818],[-119.1052401508214,36.77738056136457],[-119.10587856912078,36.777518307177516],[-119.10604985269264,36.777640739217965],[-119.1061876021549,36.77778802896738],[-119.10644801656929,36.778380637354424],[-119.10668181839331,36.77918004796062],[-119.10672744202998,36.77957860720987],[-119.10674893242651,36.779766323346024],[-119.10681832009568,36.77998924402474],[-119.10704682006293,36.78025632736677],[-119.10766456363604,36.780484240617746],[-119.10823739324161,36.78071002637753],[-119.10899343514765,36.781008017838566],[-119.10954544360153,36.78125973014769],[-119.10995443756721,36.781467817934605],[-119.11013594217039,36.78170739252915],[-119.1102743680641,36.781841723110304],[-119.11063569472587,36.782035264352885],[-119.11106311044313,36.78239786381641],[-119.11119267984644,36.782507782175514],[-119.11153659536137,36.78272671260627],[-119.11202031119244,36.782796986225954],[-119.11211325358667,36.78281048637414],[-119.11249922552827,36.782836102402456],[-119.1127491125858,36.783000031398686],[-119.11292238323107,36.78308358039374],[-119.11320579990657,36.78322264912942],[-119.11323548922672,36.7832365621765],[-119.11347376106761,36.783348234109326],[-119.11414865725575,36.78368488858616],[-119.11419776815232,36.78370938771689],[-119.11463376906872,36.784022181902884],[-119.1148583811274,36.784366992770316],[-119.11494975057158,36.78452661543445],[-119.11521422626934,36.784988667882885],[-119.11554965000994,36.785376039749075],[-119.11587682362293,36.78560739182737],[-119.1164591421328,36.785899000065506],[-119.11697770451202,36.78608382511971],[-119.11714074783778,36.786141937856094],[-119.11753303134257,36.78636243347237],[-119.11785694227447,36.78665856767757],[-119.11788261792192,36.786687901175206],[-119.11820784308905,36.78705942186872],[-119.11843418799793,36.78768983413608],[-119.11864769687972,36.788254931621026],[-119.11880836685648,36.78859916229752],[-119.11876822024813,36.78906359518339],[-119.11870588704888,36.78965861344327],[-119.11871215998451,36.78996484684526],[-119.1187151980868,36.790113199206814],[-119.11866726488155,36.79042313785581],[-119.11845690908642,36.79075372983399],[-119.11833742776375,36.79090709197119],[-119.1182498294471,36.79101952967061],[-119.11817163199997,36.791289544216646],[-119.11836940778785,36.791550515097136],[-119.11853473373274,36.79176867225016],[-119.11884397248107,36.79228441310442],[-119.1190110213947,36.79256300466584],[-119.11940635737481,36.793043183654454],[-119.11975822208173,36.79334021930918],[-119.1198861852973,36.79344824513384],[-119.12002072328248,36.79366031102333],[-119.12001399130772,36.793793596271684],[-119.12001024892625,36.793867640014795],[-119.12004549342812,36.79412838054887],[-119.12001906589076,36.79497118320904],[-119.11993120436779,36.79607156768266],[-119.11983991756861,36.79660074275897],[-119.1195597276416,36.797539294500815],[-119.11952909059883,36.79764192301552],[-119.1189249511124,36.79873841571995],[-119.11879134198522,36.79886064194055],[-119.11863728091399,36.79900158104196],[-119.11846829163937,36.79915181058545],[-119.11835131302308,36.79955035011769],[-119.11831817237561,36.799886734876225],[-119.11806874525553,36.8006703266406],[-119.11779141286944,36.80168663667852],[-119.11777673888926,36.80229618936437],[-119.1178141555175,36.80291712415004],[-119.11782062428586,36.80302447329163],[-119.11780465673165,36.80307740083341],[-119.11774306823577,36.80328152872136],[-119.11766092359125,36.80362928825294],[-119.11754786073129,36.8039500763823],[-119.1175889972831,36.804094196803135],[-119.1176347179378,36.80414760983228],[-119.1180730697453,36.80409704367684],[-119.11843085434992,36.804043839920375],[-119.11893628066476,36.80394354467181],[-119.1190748916114,36.80396815672368],[-119.11938419863172,36.8040230788722],[-119.11971604617912,36.804163717888365],[-119.12004068923798,36.80444689760821],[-119.12002956090822,36.80466718158295],[-119.12014668774657,36.80490463877242],[-119.12019449428934,36.80503774981322],[-119.12023158662575,36.805141042227554],[-119.12039640681913,36.80539303776112],[-119.12044558059779,36.80544242995082],[-119.12070363423955,36.805701603383724],[-119.12088325956712,36.8059800389774],[-119.1213141733241,36.80639647961362],[-119.12165167576623,36.80674496654171],[-119.12213486608283,36.807085233817354],[-119.12232562423172,36.80714338096974],[-119.12246214929029,36.80731657284127],[-119.12275524441466,36.80758573302393],[-119.12319140882447,36.80789850093184],[-119.12357530925101,36.808287439238505],[-119.12368787264768,36.80861560080187],[-119.12369150094312,36.80865717290583],[-119.12374923746307,36.80931849364375],[-119.12388848801021,36.80952384626784],[-119.12406410325836,36.8097960309109],[-119.12441316881485,36.81023574970412],[-119.12483258413616,36.81056094336758],[-119.12499461595888,36.81080863386685],[-119.12546192945116,36.811204496989845],[-119.12617905454249,36.81170813086911],[-119.12682280434306,36.812066599794434],[-119.12727202037561,36.81219012662252],[-119.12741189794683,36.81222858842758],[-119.12777275928129,36.812435049432786],[-119.12822443579941,36.812761285928346],[-119.12838994859388,36.81300031245391],[-119.12844068903438,36.813274536570866],[-119.12836119262332,36.81357047468255],[-119.12818892090465,36.81378550613004],[-119.1280262243286,36.81413064689963],[-119.12794977051138,36.81468627201269],[-119.12789088055465,36.81498412988076],[-119.12786307949322,36.81512474660621],[-119.12792513511305,36.81581468369861],[-119.12800483095013,36.816005833490124],[-119.12804034045497,36.81609100630518],[-119.12815663186007,36.81666589695529],[-119.12825680389575,36.817240260467514],[-119.12841447978766,36.8176347858054],[-119.12858196348587,36.8178349397401],[-119.12882307579969,36.818079158430606],[-119.12896593847258,36.818223861365865],[-119.12903597382709,36.81825877407134],[-119.12932813560188,36.81840440651025],[-119.12960909718171,36.818595277282476],[-119.12983582567124,36.818901195788435],[-119.12988200356841,36.819266126196396],[-119.12983538998832,36.819485915922606],[-119.12984170424646,36.819745051164276],[-119.12984030197629,36.81993184620537],[-119.12983887096006,36.82012136481793],[-119.12968200624682,36.82081267855925],[-119.12963129814567,36.82103614210005],[-119.12962715781052,36.82143837037067],[-119.12960428670337,36.82189190602254],[-119.1295679058327,36.82229308494336],[-119.12968247247245,36.82258236602219],[-119.1297504012776,36.82269292352342],[-119.12995103280979,36.82301944348686],[-119.13001462904033,36.82335898477421],[-119.130112427727,36.82366070059076],[-119.13015141461032,36.82416816863626],[-119.13046637652536,36.82464569524152],[-119.13068463210509,36.82512006932607],[-119.1307541167923,36.82534298530006],[-119.13088403204704,36.825578619516875],[-119.13177555606758,36.82634282346088],[-119.132336994137,36.82666769558699],[-119.13244478747956,36.82672135100879],[-119.13249093034241,36.8267443206001],[-119.13303594810677,36.82701561853501],[-119.13367223380565,36.82723143696342],[-119.13431804254488,36.827716981261],[-119.13441382092046,36.82788428720311],[-119.13458358544116,36.82818084688482],[-119.13534323947299,36.82893021626414],[-119.13639855421764,36.83000507475821],[-119.13680210439271,36.830482716649854],[-119.13699297572933,36.830823380284116],[-119.13750551580289,36.83120237387702],[-119.13823961815474,36.8315421240364],[-119.13880625926633,36.831764942208935],[-119.13920307926328,36.83196266416794],[-119.13958419491246,36.832152561380546],[-119.13998370805867,36.83248142088041],[-119.13997437366456,36.832666919387314],[-119.13994603451228,36.83300044873282],[-119.13996356603336,36.8332516299633],[-119.13998632485108,36.83357775543811],[-119.14018408536762,36.834011537516844],[-119.14046962386384,36.83430881903675],[-119.14095101934649,36.83507107074666],[-119.14125144562189,36.83544149394962],[-119.1412844703867,36.835482218909455],[-119.14132479845475,36.835617844955244],[-119.14141584720036,36.83594679165167],[-119.14156280169938,36.83647182524472],[-119.14178098810886,36.836729751182425],[-119.1420938120335,36.836944303435736],[-119.14233614785276,36.83711869827991],[-119.14252196886086,36.83738909380038],[-119.14261118953486,36.83756887836444],[-119.14262564163117,36.83763048354245],[-119.14286993128614,36.83828874284723],[-119.14305851551207,36.83867576890199],[-119.1435692661416,36.83909184400877],[-119.14396043753204,36.83958764272172],[-119.14403085377222,36.83978041615803],[-119.14415413047696,36.84011790096568],[-119.1441947981082,36.84022923329851],[-119.14420427533446,36.84025517448947],[-119.14427327582976,36.84072192534543],[-119.14429092772508,36.8408350447667],[-119.14435368403083,36.841237252348606],[-119.14436069358499,36.84128218278794],[-119.14441200715066,36.841605171171615],[-119.14456140057565,36.84170038393188],[-119.14498833210095,36.84202269117519],[-119.14525430978186,36.84203785667223],[-119.14547997915766,36.84204920113783],[-119.14571079049013,36.842070007947335],[-119.14604014700926,36.84210732532207],[-119.14630336416728,36.842142490252364],[-119.14656524912374,36.84220423912338],[-119.14682979938165,36.84221282509676],[-119.14713928157344,36.842316049370744],[-119.14741169119179,36.842497934510114],[-119.1476827659136,36.8427064044371],[-119.14784611107329,36.84279094005586],[-119.14795718057165,36.84284842097381],[-119.14822492254378,36.84312333252132],[-119.148266618746,36.84319245439256],[-119.14845425345264,36.84350349017801],[-119.14849985283479,36.84358483659567],[-119.14858717357198,36.84374060761958],[-119.14871265294583,36.84396445638039],[-119.14903467741559,36.84414795007913],[-119.14954592750841,36.844191157776145],[-119.15007371558562,36.844234898148905],[-119.15052335292803,36.8445157053689],[-119.15070376248485,36.84488096147482],[-119.15069280124177,36.84575914939456],[-119.15057959465135,36.84602537866794],[-119.15051358554595,36.84618062137894],[-119.15048622286238,36.84624496572111],[-119.15027897523817,36.846744075181086],[-119.15032977406915,36.84705187887069],[-119.15071128497704,36.84737041396275],[-119.15109479733141,36.84764907321131],[-119.15150805559976,36.84799525454497],[-119.15178049126922,36.84817713264525],[-119.1524101923171,36.84817092460023],[-119.15321778943562,36.84825034383193],[-119.15360078615701,36.848209509935316],[-119.15382041705746,36.84812344698497],[-119.15467762812914,36.84820446715886],[-119.155897172874,36.8486566177746],[-119.15682641086516,36.84895293374362],[-119.15751560463933,36.84908173559866],[-119.15802156814671,36.849231227082186],[-119.15825737590879,36.84938806055776],[-119.15835817496851,36.84945510146174],[-119.15843047138257,36.849527550169036],[-119.15909942880835,36.85019789927075],[-119.15956168029396,36.85055895108728],[-119.15989430398582,36.85086256085248],[-119.16038840703649,36.85091848015289],[-119.1606596524382,36.85079414174433],[-119.1611194515231,36.8505427845065],[-119.16155672445399,36.85041050307385],[-119.16206746340539,36.85013416854884],[-119.16237975642571,36.849851415933784],[-119.16297316912934,36.84957775204744],[-119.16338857437125,36.8495512446949],[-119.16401563167723,36.84959813628518],[-119.1647425753546,36.84963493745098],[-119.1652690833325,36.84970519280057],[-119.16568781413758,36.84961222920366],[-119.16600009637811,36.84932946818862],[-119.16610875389992,36.84905345251899],[-119.16631347186834,36.84894245364026],[-119.16641956649666,36.84889043193587],[-119.16684360634507,36.84869114350929],[-119.16700107113292,36.84852318147543],[-119.1677572343115,36.84797520989991],[-119.16799472192317,36.84786307365781],[-119.16831289441701,36.84779347509128],[-119.16884869546654,36.84767765801342],[-119.16940169296555,36.84754907951568],[-119.17006911337388,36.847450815993284],[-119.17068692521899,36.84735094424527],[-119.17099320491677,36.84718777841545],[-119.17113744021542,36.846952826111114],[-119.17149072426047,36.8465116346904],[-119.17186845056608,36.8462442813524],[-119.17216548390468,36.845934383196735],[-119.17251411377822,36.845586219922886],[-119.17278929919078,36.84538210924468],[-119.17328276623424,36.845118480815074],[-119.17375969259834,36.84485431734301],[-119.17414996118195,36.844667223702984],[-119.17463413695043,36.844589648297344],[-119.17532071662714,36.844438723613955],[-119.17607870069082,36.84451639047192],[-119.17635980869608,36.84452544634032],[-119.17662503987695,36.8445206764995],[-119.17725933131592,36.84475408779129],[-119.17796043136089,36.844976334062515],[-119.17858415322222,36.84508959312429],[-119.1792720354561,36.84524485283181],[-119.1796722079657,36.84519117445814],[-119.18010677696755,36.8451119784976],[-119.18031516724885,36.845017347250796],[-119.18046263648252,36.844950379376414],[-119.18106652893225,36.84479676101182],[-119.18153548813815,36.844692046953526],[-119.18188671144792,36.844623472075305],[-119.18233516121754,36.84459796298131],[-119.18268042690036,36.844649001289675],[-119.18302978620592,36.84473778051854],[-119.18322015628262,36.84478615812776],[-119.18370961863654,36.844935010293064],[-119.18380384831657,36.844916610378434],[-119.18394376451533,36.84488929409928],[-119.18420304615411,36.84467133215641],[-119.18429542799961,36.84452989555559],[-119.184543679225,36.84414982495564],[-119.1848366863145,36.84391963750815],[-119.1852130355028,36.84367881469852],[-119.18572355526526,36.84325125707102],[-119.18574877726348,36.84323013138993],[-119.18604574861833,36.842920198013175],[-119.18624211405123,36.84253127898173],[-119.18654177226708,36.84193777655776],[-119.18670909157356,36.8415704315941],[-119.18692336132843,36.840925054909135],[-119.18710457128415,36.84061140252347],[-119.18711315917827,36.840438626763834],[-119.1871276966145,36.84014624414633],[-119.18739884499817,36.839689051630366],[-119.18774737515875,36.839340837633586],[-119.1878337769194,36.839249054157385],[-119.18802712760619,36.83904365691154],[-119.18825793085385,36.83873159286837],[-119.18832470712049,36.83838764003404],[-119.18827177838394,36.83811971404593],[-119.18817056789582,36.837823610604545],[-119.1880184346092,36.83755249694486],[-119.18792647407356,36.83707033451307],[-119.18787949038759,36.83668279490227],[-119.18779682561849,36.83655666540703],[-119.18771016424475,36.83642443886392],[-119.18755206883958,36.83594014979283],[-119.18790058552541,36.835591932388276],[-119.18849182161111,36.83535799919436],[-119.1887571992174,36.835256084134436],[-119.18909958849466,36.83512459229673],[-119.18946861192182,36.83502994653401],[-119.18958300249177,36.834727453033544],[-119.18964713771149,36.834526398536205],[-119.18970068987885,36.83435851107965],[-119.18988252955359,36.83403156353357],[-119.19002404205862,36.83384974022394],[-119.19025151704814,36.83360412668629],[-119.19051601969531,36.83327982685617],[-119.19060657077429,36.83313082689914],[-119.19091275165742,36.83262698095556],[-119.19107075723103,36.83211290596924],[-119.19107467927557,36.83170037645097],[-119.19105843054874,36.83164913680584],[-119.1908742309997,36.83106830674124],[-119.19098992412684,36.83073923049363],[-119.191249135697,36.83052125338821],[-119.19177388836687,36.82999344377126],[-119.19192887919442,36.82983755055472],[-119.19257621147635,36.829139493978964],[-119.19290945590403,36.82876414719914],[-119.19360170035692,36.827827917472476],[-119.19417429550218,36.827300500572726],[-119.19437216471486,36.82698046822161],[-119.19440833268484,36.82692197157564],[-119.19447919448938,36.826873291448415],[-119.19487118065183,36.82660401644174],[-119.19506842912865,36.826457605044084],[-119.19514623940194,36.82639984863138],[-119.19536439257372,36.82600749619064],[-119.19590527808776,36.825785221403144],[-119.19650372405195,36.82573783415499],[-119.1968963983239,36.82562000120339],[-119.19702477835779,36.82558147637771],[-119.19782885138545,36.8253942449883],[-119.19899464723191,36.825258523157146],[-119.19979542254418,36.82513772616739],[-119.20033233840299,36.82499517555093],[-119.20134135936776,36.824681363644075],[-119.20172159556627,36.82469352683664],[-119.20247473501566,36.82453125609812],[-119.20340972402124,36.82437479446498],[-119.20388484117838,36.82423318298593],[-119.20401473397521,36.8241944661862],[-119.20421911058382,36.82418279692368],[-119.2044630651672,36.824168865426905],[-119.20481220438553,36.82414009134828],[-119.20592301884507,36.823776244832956],[-119.20631047749846,36.823642198481295],[-119.20674293006948,36.82360277020505],[-119.20706360437141,36.82347989962618],[-119.20715086222653,36.8233895065341],[-119.20719420773563,36.82324127256214],[-119.20727041092283,36.82298066495009],[-119.20740857450849,36.822865276269255],[-119.20791962966688,36.822575431768655],[-119.20835601416393,36.82245625426725],[-119.20858515912157,36.82239771317391],[-119.20932862820688,36.82220776586164],[-119.20990723308138,36.82222623667751],[-119.21051692685123,36.82228563434996],[-119.21152732134011,36.822277939980935],[-119.21221743139589,36.82221580972054],[-119.21222545065642,36.821887555445784],[-119.21215525540178,36.82163239476654],[-119.21214883783742,36.82157699050485],[-119.21210880711173,36.82123156690327],[-119.21218333134769,36.820728104987055],[-119.21217191555706,36.82028845940713],[-119.21236818487024,36.82000186636225],[-119.21259358205648,36.8197960708195],[-119.21282960721086,36.81971041887599],[-119.2128881081971,36.81969499078669],[-119.21368514741609,36.81948478329887],[-119.21406390678428,36.81919069248289],[-119.2146614975523,36.818823707873165],[-119.21517723203503,36.81877359223883],[-119.21556006436472,36.81873254628089],[-119.21596597890563,36.81855912134624],[-119.21610645744975,36.81851202662626],[-119.21632726065167,36.81843800455275],[-119.21650941473678,36.81826572885176],[-119.216898157981,36.818030131805656],[-119.21755494053974,36.81773676676827],[-119.21873133291332,36.8174794391299],[-119.21926019896887,36.81722640321735],[-119.21961388995074,36.8171045493451],[-119.21972212077279,36.81709356363097],[-119.22001324050186,36.81706401452612],[-119.22027904031633,36.81704585529421],[-119.22039933551268,36.81695650096567],[-119.22044272683583,36.816773566979805],[-119.22046201546162,36.81669226540277],[-119.22050693841233,36.816620479573785],[-119.22064171534934,36.81640512815526],[-119.22106772879643,36.81615258562906],[-119.2213964636814,36.815957707363],[-119.22206250876903,36.81613086275459],[-119.22297167839675,36.81615978727192],[-119.22340604976921,36.81608042101669],[-119.22373992481423,36.816024481277545],[-119.22380248169397,36.81601075900912],[-119.2240579284248,36.81595472500919],[-119.22425302543654,36.816027485922554],[-119.22463994959234,36.81623946052469],[-119.22517976431455,36.81670921941934],[-119.22592644847028,36.81701249539822],[-119.22611501742483,36.81721816322593],[-119.22618656015239,36.81744673528344],[-119.2263798991611,36.81789216326138],[-119.22666438842506,36.81816743849381],[-119.22696802168602,36.818390070525986],[-119.22728557613897,36.81866639390307],[-119.22765403272915,36.818917709207284],[-119.22772126533997,36.81895881763031],[-119.22813625017031,36.8192125719782],[-119.22865610792017,36.81941544799672],[-119.22909461693284,36.819589114055304],[-119.22999060198711,36.81993209645977],[-119.23054647319672,36.82037877562095],[-119.23075295815131,36.820546958390075],[-119.23126068774651,36.82078225788582],[-119.23134425532247,36.82082098432219],[-119.23140051501208,36.82084705793989],[-119.23171940166657,36.82109678835387],[-119.23218381270215,36.821417693860376],[-119.23224112342065,36.82146928409107],[-119.23264632110596,36.82183443811995],[-119.23276092278003,36.82195516194205],[-119.23302150697596,36.82222965815728],[-119.23342573807402,36.822361917145464],[-119.23378741867204,36.8224802548873],[-119.23417962492172,36.82258587449675],[-119.2344924281851,36.82262241756194],[-119.23463150984897,36.82261444134083],[-119.23479130576496,36.822605273575434],[-119.23491769423389,36.82272908685495],[-119.23523813856706,36.82328502563494],[-119.23558880761634,36.823562375454365],[-119.23611076652566,36.8237316269802],[-119.23668083021842,36.8239164736389],[-119.23741655672434,36.82444563174571],[-119.23812159228855,36.82458777710672],[-119.2384359550273,36.82493052641971],[-119.23876945906808,36.82522063596655],[-119.2391571234357,36.82541928230551],[-119.23964268710125,36.8256476457884],[-119.2398228801641,36.82569616418606],[-119.24003491221556,36.82575324952107],[-119.24013511569225,36.82572928300463],[-119.2407721227383,36.82557691963797],[-119.24149605705948,36.82533360357833],[-119.24201768538877,36.82516375229365],[-119.2428525194267,36.82468432408552],[-119.24325320667097,36.824617132751115],[-119.24370218914157,36.82457808968408],[-119.2442127520232,36.8246341763351],[-119.24462411754124,36.82468712417259],[-119.24469823933197,36.824704012420305],[-119.24502314739382,36.82477803993861],[-119.24510176615087,36.824797207638035],[-119.24554762248425,36.82510236717912],[-119.2458795787278,36.825086239799106],[-119.24592985384099,36.825064917108016],[-119.2462008557993,36.82494997092478],[-119.2465775777884,36.82469564523818],[-119.24675943812443,36.824701392822234],[-119.24703594495877,36.82480331547162],[-119.24713152480668,36.82521900007709],[-119.24723344496385,36.82532041868713],[-119.2473525876217,36.82543897332752],[-119.24752958537708,36.82547329598049],[-119.24768064427862,36.8255025858498],[-119.24832152845345,36.8256027104794],[-119.24935206317097,36.825861567583196],[-119.24983190546652,36.82603501767559],[-119.25036087393,36.8262262217575],[-119.25110386780653,36.826609098752634],[-119.25172953182552,36.826682097612164],[-119.25252572572983,36.82665398529367],[-119.25291377996625,36.82650649180602],[-119.25314169243529,36.82624744777056],[-119.25343833051514,36.825937326929605],[-119.25360010631803,36.825676196389075],[-119.25361438414116,36.82538378898115],[-119.25333270211249,36.82470931633319],[-119.25324063827058,36.82455997897512],[-119.25315377567416,36.8243043173782],[-119.25324747265327,36.82408097555759],[-119.25342447579852,36.823846947479765],[-119.25365497451727,36.82353473802599],[-119.2538319803575,36.823300713311234],[-119.2540122300142,36.82300023003919],[-119.25433316572587,36.822531131776],[-119.25478116903278,36.822172534957666],[-119.25510177057117,36.82204952976758],[-119.2556311315984,36.8217201191775],[-119.25597798550265,36.8213982614017],[-119.25631284689786,36.82098284296694],[-119.25675240334618,36.82079702273299],[-119.25708887811562,36.82068782593463],[-119.25733945148605,36.82064247637916],[-119.257493426319,36.820540835115274],[-119.25807917639325,36.820412865392136],[-119.25833169102299,36.82032764273343],[-119.2586535753556,36.820178042975286],[-119.25909506946998,36.81995233974105],[-119.25959685581128,36.81984834027615],[-119.25988795398075,36.81999062793328],[-119.26005392132276,36.81998254285051],[-119.26029831967394,36.81972400528587],[-119.2604231091416,36.81954157051559],[-119.26072845369319,36.81939144425814],[-119.26095567266286,36.81914567643545],[-119.26131578749732,36.81889078060369],[-119.26174008606054,36.81867783891789],[-119.26207784003093,36.81854204117167],[-119.26229045868227,36.81825587522714],[-119.2624693644593,36.81798195876889],[-119.26262850460515,36.8177739773555],[-119.26283400320956,36.81763401704093],[-119.26290918680895,36.81745001674354],[-119.26315292400004,36.81720476263045],[-119.26351237677615,36.81696314950665],[-119.26409190691537,36.816621966782385],[-119.26446918047009,36.81635428746679],[-119.26471613901978,36.81604257171256],[-119.26495857006046,36.815823900461275],[-119.26517181843082,36.81552443421575],[-119.2652218815416,36.81546124489755],[-119.26529529366324,36.81536857840339],[-119.26543077667608,36.81530627784501],[-119.26574615900267,36.81528957378729],[-119.26609846208743,36.81527038356987],[-119.2662109715852,36.815264255557956],[-119.26656070728488,36.81522200239546],[-119.26697980100928,36.8151153737001],[-119.26721834593806,36.81497643837353],[-119.26738005257069,36.8147152862531],[-119.26745909982408,36.814451534148795],[-119.26746130967969,36.81406556211836],[-119.26767389689,36.81377938303355],[-119.26810331854526,36.81346008523751],[-119.26820831812725,36.81334357897453],[-119.26843032327497,36.81320412333794],[-119.26867014830302,36.81303860771976],[-119.2688722782251,36.81295911956249],[-119.26897294523248,36.81297303008589],[-119.26962569794884,36.81313518724802],[-119.270197816987,36.8132862743808],[-119.27050027794651,36.81353538579656],[-119.27078001063103,36.813570796156775],[-119.27124674560827,36.813505580008346],[-119.27138870906757,36.81351003893892],[-119.2715878754475,36.81351629222897],[-119.27213811961019,36.81356019110193],[-119.27253808460898,36.813506186998254],[-119.27293482555422,36.81351864107822],[-119.2733976851993,36.81353316568141],[-119.27368322728877,36.813448940780084],[-119.27410359482428,36.81331570124438],[-119.2745615352949,36.8130904553137],[-119.27501818578473,36.81289179207583],[-119.27527130318401,36.81279323590898],[-119.2754132244225,36.81259800963234],[-119.27565561414066,36.812379310561205],[-119.27594823854783,36.81214887432116],[-119.27615949714982,36.811889263863556],[-119.27631536473308,36.81174771990098],[-119.27656139083152,36.81179536968883],[-119.27710109416263,36.811932094942605],[-119.27743621876422,36.81184941743205],[-119.2777752061215,36.81168699144258],[-119.27810710666955,36.8116707698972],[-119.27851156953297,36.81152370278644],[-119.27866614264391,36.81140873842255],[-119.27882427757494,36.81124880569612],[-119.27885763741135,36.81121506209568],[-119.279045272118,36.811101135081046],[-119.27942740376176,36.81107317166808],[-119.27970648786265,36.81112185177696],[-119.279779483166,36.81132381643395],[-119.28011073602873,36.81132087920941],[-119.28067663513184,36.81125873501992],[-119.28095894148966,36.81124095055432],[-119.28117705513559,36.81118122354541],[-119.28142501261189,36.81118898519677],[-119.281554476014,36.81159239867621],[-119.2815632103335,36.81191741540815],[-119.28180946460401,36.812202888012685],[-119.2828554952602,36.81313813519076],[-119.28348579548435,36.81366341664215],[-119.28373083074104,36.8138303591996],[-119.28421164950528,36.81424826956329],[-119.28427101646746,36.81429986750339],[-119.28472938543446,36.814407392706215],[-119.28510960546329,36.81441928496481],[-119.28577021125189,36.81445326088427],[-119.28622112599864,36.8144938467088],[-119.28667686200352,36.81453486185784],[-119.28763613875945,36.81489765269935],[-119.28787556942707,36.815009353991734],[-119.28818663984029,36.8151544769706],[-119.2889393759461,36.81533774420362],[-119.28943532144142,36.8153532429303],[-119.28960372052288,36.815297020027636],[-119.2898728494938,36.81520716815194],[-119.29009033072579,36.81516071574298],[-119.29040121788266,36.815236989818445],[-119.29068289541979,36.81523247417435],[-119.29107644285419,36.815311325667174],[-119.29172550798631,36.81558452317084],[-119.29222289617597,36.81578740880608],[-119.29263005308692,36.81604132972574],[-119.29270826760208,36.816182614044486],[-119.29278860932783,36.8163952440866],[-119.29279464420992,36.81659740554304],[-119.29282883229301,36.816751435803326],[-119.29284823769977,36.81690574622233],[-119.29300230685581,36.816915641731505],[-119.29304567661943,36.81692454193545],[-119.29323182730923,36.81696274318694],[-119.29362153803906,36.81712134002368],[-119.29389423781322,36.817302905361366],[-119.29420691082089,36.81768539551757],[-119.2944216782424,36.818038207026696],[-119.29472858226931,36.81854032315798],[-119.29502714993042,36.819215234911866],[-119.29531930631532,36.82002306605614],[-119.2955231807657,36.820601839881235],[-119.29541742120898,36.82107777074085],[-119.29523669185191,36.82139161827977],[-119.29517169514786,36.82170907803571],[-119.29507170816514,36.822065375899584],[-119.29495582459516,36.82240787403956],[-119.29495695826908,36.82272739338454],[-119.29515777575251,36.82302652151866],[-119.29521477655223,36.823560776922],[-119.29532587030509,36.82400353531272],[-119.2954891328198,36.82439467631196],[-119.29575480417517,36.824722450994265],[-119.29633782876087,36.82499356266702],[-119.29694622446515,36.82542520600749],[-119.29730598266846,36.825862406014444],[-119.29764037065151,36.826139074886775],[-119.29791110311518,36.82668411025704],[-119.29803370249022,36.82691011649342],[-119.29824800548272,36.82693010841634],[-119.29854114821781,36.82688909056193],[-119.29871481322347,36.826864792916076],[-119.29889070964431,36.82686320739573],[-119.29904613345981,36.82686180523485],[-119.29944103555367,36.82691404901287],[-119.29979017297538,36.82688499481535],[-119.30034797735945,36.8266494487514],[-119.30064387432923,36.826593198913],[-119.30093051865154,36.82658772615176],[-119.30130696306125,36.82667932492237],[-119.30164446370675,36.82681753504781],[-119.30172916495657,36.826852219487144],[-119.30204075369771,36.82691517145985],[-119.30237527822467,36.82684571705481],[-119.30262969997774,36.82672051977748],[-119.30291654552269,36.82660964523764],[-119.30385464808909,36.82644454977749],[-119.30476378897069,36.82622747867929],[-119.30519980605678,36.826111925195306],[-119.3053391688933,36.82607498974933],[-119.30580515108234,36.82590546728534],[-119.30627861533934,36.825756619070276],[-119.30749244859565,36.82572621258629],[-119.30770795892387,36.825727816825946],[-119.30806875468136,36.82573050038591],[-119.30850573026983,36.82563503692509],[-119.30901141440116,36.825521258647974],[-119.30934745887757,36.82540901901266],[-119.30956251465831,36.82529819003112],[-119.3096343439484,36.825261174375356],[-119.30983849328325,36.8252470719357],[-119.30987091168521,36.82525103330352],[-119.31043692397604,36.825320193617785],[-119.3108660428991,36.825388050913375],[-119.31150128116235,36.82540097045589],[-119.3117765240671,36.825449780952454],[-119.31212739433899,36.82555050751203],[-119.31247804721855,36.825644062671074],[-119.31303090997027,36.825640475239155],[-119.3134493515178,36.82561211014489],[-119.31358146674664,36.825690488583504],[-119.31376832530889,36.82585986842958],[-119.31382751620127,36.826216126114495],[-119.31394266315272,36.826819482973995],[-119.31404209856986,36.8270291698523],[-119.31438666985494,36.827460314911924],[-119.3146588468096,36.82761870807503],[-119.31494991802967,36.827736794649006],[-119.3156216243002,36.82787350508871],[-119.31698491206697,36.82808619325001],[-119.31778883866926,36.82811794125331],[-119.31814799769622,36.82805410512496],[-119.31881292438133,36.82780209358578],[-119.31924078386633,36.827719937270686],[-119.31972822860412,36.827632807920374],[-119.31997287578861,36.8275592505467],[-119.32009813327856,36.82752159027726],[-119.32072788373374,36.8272957382862],[-119.32119887762371,36.827203772098095],[-119.32146876656938,36.827151074794756],[-119.32192255233178,36.8271350923765],[-119.3222423974887,36.82715178378215],[-119.32288666561722,36.82718540243216],[-119.32386445036292,36.82748149096813],[-119.32398350857912,36.827520375081626],[-119.32434862163981,36.827639610848536],[-119.32486604495527,36.82770761564943],[-119.3249120952917,36.82792047540506],[-119.32491985404077,36.82796758374946],[-119.3249732930204,36.828292035526964],[-119.32495272519365,36.82843029235321],[-119.32489592202332,36.828603940830064],[-119.32477836938354,36.82875706682186],[-119.32477054236244,36.828920402840694],[-119.32473340511032,36.829106462201686],[-119.32507685978953,36.830486185215946],[-119.32617523707394,36.8339856675451],[-119.32647338252684,36.83502610933709],[-119.32658317282423,36.835302587615665],[-119.32672069950434,36.83581840193059],[-119.32681198360856,36.83612715909554],[-119.32696557126764,36.836437844002305],[-119.32717930472823,36.83679552486787],[-119.32736500895534,36.837087140941705],[-119.32739182546322,36.83712738116495],[-119.32756293027032,36.83738415096449],[-119.32778169788979,36.837767064864146],[-119.32792595205304,36.83801225954564],[-119.3281785160901,36.83834104999782],[-119.32840184715124,36.83862881165969],[-119.32862541716422,36.838911566953584],[-119.32881568034138,36.83910803170325],[-119.3290565105842,36.83929101366677],[-119.32939439301369,36.83953216231346],[-119.3294654398712,36.83956537579377],[-119.32958969753626,36.839623462324276],[-119.33012054347867,36.84007362407103],[-119.33033945303194,36.84027835497764],[-119.33050768682341,36.840439098381424],[-119.33074619132798,36.84060201548482],[-119.33096569646428,36.84073357123645],[-119.3310198289433,36.84076601494399],[-119.3312603636404,36.84088657229891],[-119.3314718396347,36.840878964633724],[-119.33200829735271,36.840697575297796],[-119.33243597627634,36.84058352466156],[-119.33300689157198,36.840417336389834],[-119.33332849024033,36.84031414549947],[-119.33365956074505,36.84038092907453],[-119.33384874414723,36.84047161554463],[-119.33403523260358,36.84061877800169],[-119.33429333655104,36.84073986831328],[-119.33456630761643,36.84091798212775],[-119.33494265860134,36.84114170615054],[-119.33514671540969,36.84128940794696],[-119.33556562677613,36.84135890172],[-119.33573431062356,36.84139523811552],[-119.33594872770207,36.84144142585292],[-119.33627356210211,36.84164506106153],[-119.33680280275512,36.8419768344897],[-119.33763941545729,36.84245662377952],[-119.33800149400898,36.842664272825786],[-119.33846570472025,36.84289069698385],[-119.33893058647304,36.84310299688066],[-119.33956710663224,36.84340543209456],[-119.3401347071445,36.84367745526091],[-119.34049082447594,36.84395710279173],[-119.34085306202947,36.84447732161594],[-119.3411037800286,36.84475371540691],[-119.34112782433552,36.84477691537923],[-119.34125515603544,36.844899784103745],[-119.34128446267327,36.84492394446488],[-119.3415937175913,36.8451788851253],[-119.34196607197151,36.845487309040934],[-119.34207557480802,36.84577349175293],[-119.34223239819876,36.84617425070596],[-119.34226211177341,36.8465629621456],[-119.34226489924573,36.84659946644083],[-119.342316183167,36.846682438525484],[-119.34246627009139,36.846927137358286],[-119.34262177295864,36.84723263778516],[-119.34278601194204,36.847478084631234],[-119.34314686968327,36.847658883513176],[-119.34347124684078,36.84786684048129],[-119.34381453982323,36.848047097862874],[-119.34408621551798,36.84825343203646],[-119.34427432723002,36.84838417525844],[-119.34434167123194,36.84843098130204],[-119.34450860516118,36.84861994912557],[-119.34475800623017,36.84892457513706],[-119.34490805003544,36.849098881559186],[-119.34503850607592,36.849315002137004],[-119.34504530362769,36.84954145763893],[-119.3450364040182,36.849728198620845],[-119.34503117312828,36.849837972172686],[-119.34506159906692,36.849937891709565],[-119.34526838944872,36.85002910022424],[-119.34540086849525,36.85020286140585],[-119.34560496752442,36.85035054929395],[-119.34587867431003,36.85051451993819],[-119.34631559869455,36.85069063850714],[-119.34644836969356,36.85074415918974],[-119.34686196303349,36.85092657202994],[-119.34737895515761,36.85115458764781],[-119.34758239033181,36.85131639074179],[-119.34790679533711,36.851524337761234],[-119.34814738842469,36.85164486234028],[-119.34845422867124,36.851852265755625],[-119.34872929370955,36.85198799143871],[-119.34881310293228,36.852075412202254],[-119.3490496688725,36.85228065440165],[-119.34957080312836,36.852791592783674],[-119.34982023294343,36.85309621151709],[-119.35013994604797,36.85340298833392],[-119.35026975530145,36.85363322989309],[-119.35056920870143,36.85399594460565],[-119.35071994870107,36.85415612294727],[-119.35085378779692,36.85430164248842],[-119.35087750421874,36.85454275817236],[-119.35085052601413,36.85473989508654],[-119.35057083644875,36.855070666483584],[-119.35036747942799,36.855276518800004],[-119.35000809492384,36.85580280621528],[-119.3497621918946,36.85616289498715],[-119.34957707516568,36.85635517021036],[-119.34933655124834,36.85660229845765],[-119.34915154770717,36.856852808460786],[-119.34897916908899,36.85708622307293],[-119.34898388165095,36.85730583082659],[-119.34898463443916,36.85734091688965],[-119.34898740753846,36.8576520913401],[-119.34887055109304,36.85788888673904],[-119.34864560845432,36.85821826232912],[-119.34862240946212,36.858282478662815],[-119.34846247700217,36.85874536755923],[-119.34835249177037,36.85915972704329],[-119.34792749431789,36.859585004957324],[-119.3476991452676,36.85994562790666],[-119.34742144277561,36.86023403203556],[-119.3472187343385,36.86042576011708],[-119.3466977177619,36.860650113453566],[-119.34612263158837,36.860901077367906],[-119.34572865206432,36.861044493984416],[-119.34551173048277,36.86116507901933],[-119.34515901686795,36.86155015148623],[-119.3447954596893,36.86179348314262],[-119.3444582878272,36.86222145024142],[-119.34421509501516,36.86289269925762],[-119.34412184449876,36.86300295125614],[-119.34425636182269,36.86313435778074],[-119.34477948764354,36.8632353085417],[-119.34551617355015,36.8632862740354],[-119.34613120061786,36.8633052085644],[-119.34616824175029,36.863357155774445],[-119.34621367404579,36.86342086900309],[-119.3462583140272,36.8635919297286],[-119.34617451648255,36.86374007112665],[-119.34608535419903,36.86389769416155],[-119.34611511358777,36.864011733736604],[-119.34628275808439,36.86418657640755],[-119.34648420438855,36.86439074324582],[-119.34668901668006,36.8645243113979],[-119.34704046906025,36.86453512931126],[-119.34714920024393,36.864515156561446],[-119.34750206208079,36.86445034894113],[-119.34764197378794,36.86446879374469],[-119.34772310603118,36.86461269382014],[-119.34768736206601,36.864993385696145],[-119.34771492776882,36.86520633069248],[-119.34773881217559,36.86539089816224],[-119.34805346776511,36.86555670873699],[-119.3483275383684,36.86559283886599],[-119.34846273841192,36.86571012008508],[-119.34864056800724,36.86604081884922],[-119.34866931319803,36.86608153469835],[-119.34885488716942,36.8663443599308],[-119.34901648869915,36.86664628133274],[-119.3491347932288,36.86674890270126],[-119.34920267532155,36.8667918547098],[-119.34932271449804,36.86686780636428],[-119.34948230020825,36.86721208240475],[-119.34969124295344,36.867628581465965],[-119.34971697519475,36.86782733685188],[-119.34963793961943,36.868008732967574],[-119.3495771470309,36.8681765494141],[-119.34961573865552,36.86847468267607],[-119.34966518103043,36.86891455579019],[-119.34963819114772,36.86911169012779],[-119.34967476605449,36.86945218598539],[-119.34987152674614,36.869755181710104],[-119.35000805899124,36.869977619038465],[-119.35008384446188,36.870101082543485],[-119.35030142810177,36.87022393212254],[-119.35037519954953,36.870265585735005],[-119.35063208178818,36.87041488990081],[-119.35080244368854,36.870533249592285],[-119.35098701154682,36.870722749186356],[-119.35110398028165,36.87085360776362],[-119.35123247080831,36.8711120867689],[-119.35132581115623,36.87136948263023],[-119.35149348529728,36.871544321399206],[-119.35164761913204,36.871633901571805],[-119.35183219327851,36.871823402028745],[-119.35183456393256,36.87214919338966],[-119.35193101334968,36.87233549107484],[-119.35202771788832,36.87252229062638],[-119.35228730225934,36.87261510993979],[-119.3525908699433,36.87289310584677],[-119.35287686478365,36.87317056536901],[-119.35311686318654,36.87330520185111],[-119.35336905352447,36.873553337399905],[-119.35373957174825,36.873904090367375],[-119.35390733122924,36.873992134250976],[-119.35399714568966,36.874039266672355],[-119.35418509390836,36.87415816401891],[-119.35459950112195,36.87432643692812],[-119.3547407153863,36.87438333433547],[-119.35478946426184,36.87440297538221],[-119.35504435583381,36.87459462694962],[-119.3550680480011,36.874685367688734],[-119.35513368161072,36.87493674038041],[-119.3552731818895,36.87516396647985],[-119.35535269716519,36.87529086657808],[-119.35554551784598,36.87552914583704],[-119.3561199563342,36.87587673006499],[-119.35708968858171,36.87636841412654],[-119.35737705784449,36.87661762120061],[-119.35772050893043,36.87679784742236],[-119.35790309869842,36.87702969639199],[-119.3584960954821,36.87751452567717],[-119.3589011341656,36.87788046339186],[-119.35920474676534,36.87815844732102],[-119.35933125920175,36.87845927650971],[-119.35929959089304,36.878755254892134],[-119.3592942989177,36.878913127189236],[-119.3594193947109,36.87919728198657],[-119.359685179254,36.87953066439759],[-119.36016538087567,36.880079200854546],[-119.36021943609957,36.88014094638415],[-119.36043073961733,36.88029429898382],[-119.36115527940302,36.880820107987724],[-119.36182131101589,36.881250597662934],[-119.36234875503834,36.88163441779109],[-119.36265842857128,36.881785312139144],[-119.36321217257031,36.881986109422265],[-119.36349205796846,36.882022965408304],[-119.36367803258844,36.88218420735375],[-119.3637268650073,36.882475056056705],[-119.36373291875398,36.88251112070136],[-119.3636471916281,36.8828337229034],[-119.36385382300809,36.883054726044556],[-119.36411655866911,36.8833288793594],[-119.36422686280285,36.88360092569812],[-119.3641529916421,36.883778845511344],[-119.36408773083333,36.88393603416968],[-119.36397771865205,36.884399300783144],[-119.36372172394891,36.88497121062122],[-119.36372120112944,36.885352987295505],[-119.36379232614037,36.88570867751558],[-119.36382157169274,36.88576812072096],[-119.36396892145048,36.886067601484534],[-119.36417314714213,36.88621526029436],[-119.36427258166093,36.886345570699184],[-119.36417597683526,36.88652643785303],[-119.36399387305582,36.88672141077108],[-119.36384214221447,36.886883858484],[-119.36360840686571,36.887357472119454],[-119.3632874451029,36.887814271019806],[-119.36316655612016,36.88813579752309],[-119.36285095640132,36.88847963355382],[-119.36278816056968,36.88868981520208],[-119.36280386491748,36.889100368908224],[-119.36290157736589,36.88928679623999],[-119.36291685501392,36.88931593880603],[-119.36290813416913,36.88949949748801],[-119.3627507394499,36.88984818563395],[-119.36272375765202,36.88988768392841],[-119.36270414114114,36.889916401652954],[-119.36254261596824,36.890152894444476],[-119.36219519971861,36.89042505369418],[-119.36193823393666,36.8905149055704],[-119.36171185309517,36.890594058791166],[-119.36074916992769,36.8908473484024],[-119.3597676922078,36.89149598559304],[-119.35953043546318,36.89167252986109],[-119.3593520794551,36.89209127215018],[-119.35933328041115,36.8924866262159],[-119.35917183159503,36.89292002587407],[-119.35869260644208,36.89337195429172],[-119.35835266597228,36.893856435550106],[-119.35807285423601,36.89418721935761],[-119.35787757845952,36.89459129424292],[-119.35776000785347,36.894842214899526],[-119.35774925681613,36.895068130288195],[-119.35800635015887,36.89558507437902],[-119.35802200060776,36.89564005216032],[-119.3581119444256,36.895955965835],[-119.35811071283531,36.89635185880093],[-119.35789986476343,36.896713036638296],[-119.35762070700068,36.89702969947003],[-119.35757278098197,36.89706535781083],[-119.3571826561288,36.897355619648245],[-119.35680341526361,36.89782550883908],[-119.35671492222497,36.897935155819226],[-119.35657692482765,36.8980109974805],[-119.3561544696074,36.89824317571343],[-119.35549400844758,36.89880264797127],[-119.35524798145084,36.89916274167369],[-119.35489790439134,36.8998590044097],[-119.3548986769425,36.900212539466146],[-119.3548943120285,36.90105544791282],[-119.35489223692024,36.90145669203283],[-119.35473621662337,36.90214477698891],[-119.35470662252463,36.90276604628692],[-119.35465599257694,36.9030897158312],[-119.35455448474646,36.90324414437895],[-119.35445694477457,36.903392540738544],[-119.35498898547633,36.90373350007687],[-119.35575220941307,36.904324392710585],[-119.35636130759988,36.90488784802023],[-119.35701706158761,36.90536193968486],[-119.35722571687191,36.90549310524345],[-119.35755876906015,36.90556015581823],[-119.35778436926564,36.90557978812684],[-119.35780683792754,36.90569260753887],[-119.35779345302981,36.90601864731037],[-119.35806326561865,36.90654030115099],[-119.35837326613837,36.906856235785796],[-119.35881791333937,36.907312491322244],[-119.35940476025662,36.907750409627255],[-119.3598993043801,36.90804930636678],[-119.36088840250851,36.908647096332565],[-119.36158547720268,36.909145130866435],[-119.36228417425424,36.909609161726195],[-119.36318099114848,36.91006791834938],[-119.36350018502681,36.910191189898285],[-119.36399458721647,36.910354302340096],[-119.36435187774768,36.910410224062915],[-119.36481596538975,36.910458491136545],[-119.36494244189358,36.91047371559628],[-119.36513408847628,36.91060442560294],[-119.3653083966757,36.91080269850568],[-119.36563902071768,36.91098306094374],[-119.36677793897088,36.91140380968479],[-119.3673306022966,36.91167040637128],[-119.36751083578365,36.911744019989996],[-119.36799335416039,36.91170204711344],[-119.36870986570237,36.91179207433362],[-119.36992959819517,36.91199963479092],[-119.37034867754654,36.91210324673609],[-119.37127904112675,36.91215440299469],[-119.37172795891863,36.91222487809537],[-119.3719809406723,36.912221928944994],[-119.37201042607488,36.9122025188496],[-119.37214797521287,36.912010742618726],[-119.37263679976293,36.91153768562578],[-119.37292603752148,36.91139898871288],[-119.37351769222212,36.911439774470345],[-119.37480960794123,36.91161544229405],[-119.3759609427083,36.91177545671634],[-119.37645059550503,36.91188120290793],[-119.37690058947862,36.91192899428314],[-119.37722464953086,36.91195023600204],[-119.37768377128604,36.91180536928669],[-119.3780744719593,36.91161301744963],[-119.37860093412314,36.911538293274035],[-119.37927834379742,36.911558970549244],[-119.37962687126303,36.91166039527566],[-119.38040127024192,36.91231956903332],[-119.38072657535913,36.91261321829059],[-119.38114960280619,36.91293254663176],[-119.38179790976022,36.913270091179314],[-119.38240101977736,36.91336792528801],[-119.38277010428995,36.91333378287685],[-119.38309523872725,36.91333234495353],[-119.38357508551437,36.91334697197947]]]}}]}
