{"type":"FeatureCollection","name":"usgs_03611500_nldi","provenance":{"source":"NLDI basin upstream of an indexed USGS gauge","site":"USGS-03611500","index":{"comid":1840007,"reachcode":"05140206000050","measure":30.975,"request":"https://api.water.usgs.gov/nldi/linked-data/nwissite/USGS-03611500"},"splitCatchment":false,"simplified":true,"requests":["https://api.water.usgs.gov/nldi/linked-data/nwissite/USGS-03611500","https://api.water.usgs.gov/nldi/linked-data/nwissite/USGS-03611500/basin?splitCatchment=false&simplified=true"],"date":"2026-09-06T18:09:45Z","geometry_sha256":"4d84f9473515523598457baecf6e8d138245981e168dfc2fe9553ac9295a5154","geometry_type":"MultiPolygon","area_km2":522879.1,"area_projection":"ESRI:102008","comparison":{"site":"USGS-03611500","name":"OHIO RIVER AT METROPOLIS, IL","request":"https://api.waterdata.usgs.gov/ogcapi/v0/collections/monitoring-locations/items?id=USGS-03611500&f=json","drainage_area_mi2":203000.0,"drainage_area_km2":525767.6,"contributing_drainage_area_mi2":null,"contributing_drainage_area_km2":null,"polygon_vs_total_pct":-0.55}},"features":[{"type":"Feature","properties":{"name":"usgs_03611500_nldi","area_km2":522879.1},"geometry":{"type":"MultiPolygon","coordinates":[[[[-88.736816399,36.977132237],[-88.738342469,36.980597563],[-88.74240228,36.978677132],[-88.747339033,36.980019059],[-88.74980835,36.97795022],[-88.754203903,36.978250244],[-88.758714844,36.976289288],[-88.766232329,36.981586712],[-88.769996418,36.98001476],[-88.77171553,36.981254888],[-88.774800949,36.988152835],[-88.775893073,36.986894593],[-88.786454558,36.989488559],[-88.789279875,36.988858362],[-88.791999887,36.990256632],[-88.791103844,36.997243117],[-88.792548649,37.000723668],[-88.797907172,37.003353524],[-88.800850918,37.002992326],[-88.803951796,37.005342309],[-88.802905281,37.008092889],[-88.810263168,37.00611532],[-88.815774993,37.009128946],[-88.829256355,37.002442764],[-88.83777339,37.003207061],[-88.842685932,37.005749592],[-88.845598432,37.004349215],[-88.852675484,37.005146546],[-88.853591266,37.006274824],[-88.851807305,37.01220608],[-88.853086837,37.015105344],[-88.844958365,37.0185333],[-88.844502047,37.021094715],[-88.847818047,37.03090278],[-88.845819435,37.035640253],[-88.840117573,37.040577465],[-88.841129386,37.042764515],[-88.839363862,37.043677074],[-88.840046554,37.047069605],[-88.838778357,37.048219342],[-88.840074117,37.051117557],[-88.837171668,37.059587471],[-88.834435829,37.062512722],[-88.835014499,37.063988151],[-88.827001292,37.065792177],[-88.824380126,37.068711461],[-88.818992448,37.077188451],[-88.815915536,37.085660168],[-88.814644607,37.083864453],[-88.804970783,37.083072082],[-88.804060997,37.086883814],[-88.797370677,37.090155658],[-88.795144339,37.093718865],[-88.786392299,37.096711852],[-88.784663433,37.098962114],[-88.781479645,37.097985145],[-88.77342146,37.104603686],[-88.775743539,37.111524458],[-88.772993175,37.114443448],[-88.774236102,37.115421935],[-88.772884207,37.117191176],[-88.774478593,37.117685153],[-88.774291301,37.121571419],[-88.772487719,37.122654959],[-88.775531681,37.126791208],[-88.772625721,37.127041056],[-88.776777324,37.128845911],[-88.778255725,37.131971733],[-88.774157542,37.131596549],[-88.772605454,37.13322376],[-88.77186153,37.140422461],[-88.76834677,37.144818541],[-88.777576,37.145924504],[-88.779146112,37.150284969],[-88.78137344,37.151229869],[-88.78023825,37.159604995],[-88.789850917,37.164386842],[-88.784417544,37.171043347],[-88.77052826,37.169432844],[-88.765443829,37.173741249],[-88.761580555,37.172658252],[-88.760932013,37.174435964],[-88.757969968,37.174940221],[-88.75679576,37.173686768],[-88.755777907,37.177116251],[-88.758090851,37.192022293],[-88.7571136,37.195032582],[-88.759693058,37.200173183],[-88.756947862,37.203767685],[-88.756872387,37.208059106],[-88.752034012,37.206346936],[-88.74725698,37.207793096],[-88.750063686,37.215758351],[-88.746592964,37.218719719],[-88.746400429,37.222861484],[-88.749259122,37.228075624],[-88.747489835,37.230587364],[-88.742143184,37.232454432],[-88.741367203,37.234541152],[-88.737228926,37.233999038],[-88.730855502,37.225949202],[-88.723771657,37.225833617],[-88.721392823,37.23328192],[-88.723747012,37.237870624],[-88.719890511,37.238137792],[-88.718709328,37.242771749],[-88.712725092,37.246487127],[-88.710665066,37.2513198],[-88.713483585,37.254145252],[-88.704083954,37.265497699],[-88.701569515,37.265952274],[-88.698237876,37.265000285],[-88.696866506,37.262752703],[-88.694340911,37.262830967],[-88.691313475,37.265945689],[-88.681217822,37.267407944],[-88.678812723,37.268869281],[-88.678763985,37.271375193],[-88.671714099,37.273774044],[-88.669321955,37.2768911],[-88.664473485,37.275686862],[-88.663086941,37.277587252],[-88.662273127,37.275935238],[-88.653997963,37.275961775],[-88.645205217,37.280137127],[-88.642572816,37.280637901],[-88.639666469,37.278850073],[-88.635825814,37.280172951],[-88.634922155,37.281783589],[-88.636387523,37.285229201],[-88.633016972,37.288772788],[-88.632650258,37.292094315],[-88.630745869,37.292806996],[-88.630170917,37.297498272],[-88.63209798,37.299717556],[-88.633169679,37.30638025],[-88.638901415,37.309036449],[-88.645586735,37.309014836],[-88.648835159,37.314313815],[-88.646929646,37.319417247],[-88.650700011,37.321286584],[-88.662360789,37.321440016],[-88.674611283,37.325959705],[-88.692692036,37.328644271],[-88.702511306,37.327377908],[-88.712698086,37.331779648],[-88.714883315,37.335632269],[-88.712683847,37.350434836],[-88.718208184,37.347916439],[-88.720862125,37.350165145],[-88.730820723,37.348673999],[-88.737831445,37.350560706],[-88.74131691,37.346473843],[-88.739537565,37.345521888],[-88.740267467,37.343919061],[-88.742353224,37.343270062],[-88.742598557,37.340375464],[-88.745088784,37.339450711],[-88.76104816,37.356613103],[-88.766306248,37.355108652],[-88.770621945,37.358191592],[-88.773237301,37.358047691],[-88.774954281,37.362235992],[-88.794465183,37.367634766],[-88.799480942,37.372496952],[-88.804801117,37.372399783],[-88.812943899,37.367031244],[-88.821979234,37.366190951],[-88.829646022,37.368006102],[-88.832161288,37.371481361],[-88.830020571,37.374532241],[-88.832639328,37.376327305],[-88.829109754,37.381770924],[-88.834418282,37.387185699],[-88.839966847,37.38848049],[-88.843610125,37.392665931],[-88.846993914,37.391955421],[-88.851429073,37.394213731],[-88.8549565,37.398331115],[-88.84591851,37.401139106],[-88.844957088,37.416950752],[-88.840107398,37.4295903],[-88.83342333,37.428637596],[-88.831502321,37.43134078],[-88.823178205,37.433979798],[-88.82315748,37.43768668],[-88.825895587,37.438712777],[-88.827939245,37.445008196],[-88.825228202,37.446777416],[-88.825564653,37.449066633],[-88.823816738,37.450720808],[-88.828415351,37.452871968],[-88.828954458,37.456534307],[-88.827627325,37.457636646],[-88.828732407,37.459912552],[-88.831728006,37.462335808],[-88.835199828,37.470355446],[-88.837514966,37.47160789],[-88.836124029,37.476146131],[-88.840437195,37.476910323],[-88.840265,37.479471442],[-88.844263335,37.486947082],[-88.842234918,37.492752287],[-88.844457817,37.498527113],[-88.834768205,37.507277967],[-88.834813885,37.510720202],[-88.830751366,37.513949282],[-88.837509355,37.518993597],[-88.841479747,37.518913151],[-88.844136844,37.522729487],[-88.846057664,37.522689568],[-88.848665325,37.526131654],[-88.850499874,37.533636647],[-88.855207373,37.53471902],[-88.859316178,37.54170743],[-88.871864249,37.543616812],[-88.875439656,37.542350158],[-88.879498964,37.536187579],[-88.884388939,37.534788035],[-88.888352792,37.536964286],[-88.892103915,37.536714106],[-88.898026308,37.540984337],[-88.901751755,37.538509369],[-88.906031099,37.538771969],[-88.916396827,37.531548368],[-88.921784802,37.53217498],[-88.924432188,37.529644934],[-88.929609656,37.52940961],[-88.934444967,37.531156895],[-88.93442747,37.534915978],[-88.93775775,37.537668124],[-88.941377294,37.536964198],[-88.948252218,37.53935157],[-88.952058232,37.537787871],[-88.95209849,37.53569943],[-88.964088806,37.533704093],[-88.968217084,37.542373285],[-88.973863789,37.548351529],[-88.986028031,37.551310851],[-88.988626619,37.544909818],[-88.992111526,37.548180918],[-88.996937156,37.545540191],[-89.001305084,37.546603454],[-89.004939228,37.550149062],[-89.009734794,37.550611725],[-89.008953371,37.552602915],[-89.018045867,37.55734067],[-89.01334238,37.570759194],[-89.010660189,37.57219654],[-89.008726425,37.577883381],[-89.004698724,37.579113192],[-89.001362071,37.582779502],[-89.001045787,37.586779065],[-88.99460612,37.595972344],[-88.994095395,37.603498269],[-88.997654325,37.607211513],[-88.99509051,37.611043846],[-88.996013322,37.613646904],[-88.990584537,37.618947626],[-88.982057368,37.62139364],[-88.983408504,37.625401327],[-88.975955645,37.62416584],[-88.973849286,37.625455426],[-88.974805281,37.627108555],[-88.970318661,37.627417573],[-88.966175563,37.633473181],[-88.961004143,37.635916859],[-88.957538321,37.633799564],[-88.951705383,37.636720425],[-88.954231628,37.640572207],[-88.949482926,37.649207237],[-88.942659525,37.650541606],[-88.939146098,37.647991153],[-88.939165816,37.643896803],[-88.937223866,37.643760992],[-88.930268346,37.647943153],[-88.929438621,37.654569808],[-88.919654596,37.65543934],[-88.916173023,37.658935873],[-88.911807663,37.66056478],[-88.909008603,37.658002623],[-88.907358144,37.662031355],[-88.903608822,37.664524244],[-88.90412918,37.666838308],[-88.898593946,37.670137031],[-88.90220053,37.677263615],[-88.897319305,37.68013072],[-88.896627061,37.683443544],[-88.898691277,37.683773718],[-88.899819578,37.687125661],[-88.896249328,37.687122838],[-88.894762202,37.689885958],[-88.888574775,37.689088395],[-88.885766604,37.695760799],[-88.882852868,37.697878393],[-88.883546481,37.702721284],[-88.881214818,37.704017267],[-88.874144828,37.703513442],[-88.872301578,37.700161302],[-88.867341804,37.697175982],[-88.85465055,37.700850301],[-88.851649531,37.696484008],[-88.842028493,37.696598077],[-88.835048574,37.700503384],[-88.8349819,37.70319013],[-88.837710072,37.706754378],[-88.835231824,37.715188051],[-88.824131748,37.719557066],[-88.816545679,37.719944413],[-88.813951428,37.714703524],[-88.808332078,37.713362956],[-88.805734093,37.713809264],[-88.805950328,37.7162611],[-88.804593681,37.716896079],[-88.799338164,37.717042559],[-88.797467461,37.71480322],[-88.786136122,37.711036786],[-88.784729781,37.71336528],[-88.787559549,37.719564627],[-88.786350272,37.722768879],[-88.788423731,37.729963586],[-88.784489723,37.736197379],[-88.784401445,37.739389388],[-88.781541996,37.74013014],[-88.778660924,37.745223427],[-88.784361786,37.74839676],[-88.787553368,37.747512009],[-88.789255182,37.749473009],[-88.796846641,37.750942476],[-88.802419454,37.755883645],[-88.803434175,37.759843333],[-88.798828204,37.759760946],[-88.793180596,37.76245849],[-88.787136548,37.769761936],[-88.777777487,37.772217039],[-88.773128338,37.777108965],[-88.776083596,37.778626435],[-88.774333224,37.780764597],[-88.778960772,37.782375891],[-88.781695489,37.785683744],[-88.780824643,37.788444532],[-88.774968115,37.793081529],[-88.774980086,37.795574793],[-88.78040036,37.800249806],[-88.779345101,37.804397459],[-88.780730119,37.808699087],[-88.786521468,37.811742069],[-88.793426101,37.812940021],[-88.795488659,37.816551644],[-88.778266368,37.816909502],[-88.763263223,37.822150073],[-88.761820519,37.825369678],[-88.763403353,37.828500424],[-88.770182159,37.829345059],[-88.773294969,37.834119336],[-88.768575034,37.84824532],[-88.771402681,37.852689147],[-88.768345601,37.857627233],[-88.772392489,37.8656519],[-88.770685039,37.868265562],[-88.766665085,37.868739291],[-88.760794918,37.874869422],[-88.755551165,37.874394601],[-88.753256307,37.8795727],[-88.754297895,37.881328066],[-88.751492458,37.885082217],[-88.755436306,37.888880646],[-88.754749681,37.897624091],[-88.74635357,37.896313749],[-88.738436689,37.899783688],[-88.739017977,37.90374536],[-88.743016637,37.907676397],[-88.741208553,37.9118116],[-88.74534488,37.91785947],[-88.74483215,37.924684835],[-88.733891812,37.9280924],[-88.727550821,37.928220319],[-88.726329922,37.93271122],[-88.724252993,37.933811233],[-88.722902734,37.940292042],[-88.719704727,37.941175228],[-88.718172644,37.946184427],[-88.711133198,37.947404568],[-88.707179275,37.945143603],[-88.686531344,37.948052084],[-88.685211434,37.950710037],[-88.687096572,37.953457152],[-88.682802334,37.954271693],[-88.681783185,37.957705819],[-88.683652763,37.959767275],[-88.681566164,37.963939684],[-88.683052451,37.967277462],[-88.679376584,37.969580314],[-88.677136831,37.976482598],[-88.684697031,37.987405256],[-88.68392368,37.992114599],[-88.681252435,37.995145703],[-88.676999678,37.995518038],[-88.673637393,37.997749409],[-88.675732764,38.002085368],[-88.672507091,38.004977179],[-88.673521924,38.008086468],[-88.670358027,38.012525573],[-88.671820499,38.016568802],[-88.668418036,38.017292851],[-88.659104665,38.015132604],[-88.659637117,38.017219971],[-88.655635721,38.021776262],[-88.654727597,38.026079986],[-88.65078667,38.029129699],[-88.646480918,38.028603391],[-88.637951404,38.02416589],[-88.632662256,38.033086232],[-88.632752903,38.04036226],[-88.629020205,38.042584959],[-88.628122759,38.047411475],[-88.63016801,38.0572561],[-88.628815192,38.061902071],[-88.636269712,38.066335021],[-88.635594385,38.075752433],[-88.641227382,38.081317991],[-88.641236139,38.083663357],[-88.635959576,38.087989448],[-88.638554688,38.090014345],[-88.637993351,38.092755375],[-88.63273586,38.095964625],[-88.63446511,38.10042074],[-88.63165166,38.10267698],[-88.630942022,38.106326663],[-88.633484151,38.106293031],[-88.637644007,38.109671535],[-88.641424348,38.115951804],[-88.646347933,38.115196922],[-88.655632172,38.117853738],[-88.654674188,38.120504947],[-88.657370424,38.12302408],[-88.657551852,38.127791669],[-88.66341386,38.13152604],[-88.666498964,38.129044154],[-88.667808157,38.129733928],[-88.667955881,38.133082716],[-88.67082502,38.133687586],[-88.671179659,38.135805054],[-88.68010866,38.142005999],[-88.696679798,38.133211792],[-88.698571364,38.133466169],[-88.699982847,38.138824886],[-88.697699604,38.148066559],[-88.703394284,38.15469243],[-88.711294185,38.158921022],[-88.714792935,38.155102531],[-88.721478015,38.152766289],[-88.727122389,38.145155344],[-88.72963428,38.145246823],[-88.731124619,38.150763851],[-88.736317694,38.154770321],[-88.738953956,38.159852885],[-88.739717876,38.169467532],[-88.741703738,38.173985052],[-88.74695051,38.173548153],[-88.747939083,38.17503064],[-88.751260615,38.173296788],[-88.754325268,38.177074671],[-88.759262744,38.175187654],[-88.764187218,38.177855683],[-88.763552175,38.183254964],[-88.768047649,38.191770422],[-88.776416444,38.195933942],[-88.777096868,38.198794641],[-88.785894092,38.207627714],[-88.783778289,38.21630357],[-88.77695729,38.219600069],[-88.77662323,38.222828781],[-88.782726892,38.227821757],[-88.78643062,38.228060696],[-88.784972687,38.238174038],[-88.786915566,38.243119993],[-88.793964965,38.243422239],[-88.798158174,38.246775349],[-88.799954872,38.25294551],[-88.804265661,38.25729192],[-88.798125315,38.266885179],[-88.79230618,38.267867698],[-88.793473425,38.273763992],[-88.80088506,38.279496265],[-88.801493877,38.284236698],[-88.799158805,38.286412723],[-88.799135879,38.292667908],[-88.797648052,38.292872083],[-88.796359095,38.296961162],[-88.798614235,38.300713012],[-88.792326538,38.303315428],[-88.789576601,38.307024021],[-88.771985434,38.313642648],[-88.774997694,38.317250812],[-88.776462753,38.32813279],[-88.783031904,38.329673555],[-88.786516735,38.333015552],[-88.792306489,38.333627134],[-88.796826008,38.337109221],[-88.799744313,38.336087169],[-88.79979441,38.339002891],[-88.805709555,38.341660519],[-88.809920326,38.351923554],[-88.809300265,38.358655382],[-88.811011235,38.359981243],[-88.807309359,38.364301428],[-88.827986266,38.376783822],[-88.825799145,38.378287584],[-88.827787147,38.383614666],[-88.826485325,38.38697668],[-88.829101576,38.387722838],[-88.832601401,38.392819282],[-88.831424398,38.396655203],[-88.8262142,38.400391014],[-88.828606818,38.404256993],[-88.828332849,38.408745329],[-88.837755214,38.411978863],[-88.844972728,38.41642536],[-88.847753426,38.423565836],[-88.845629211,38.424305132],[-88.844454987,38.427002678],[-88.84635723,38.43073167],[-88.852107983,38.432408178],[-88.849534601,38.435961755],[-88.854539329,38.442220584],[-88.863495301,38.444074309],[-88.866941742,38.448263655],[-88.87409992,38.449520539],[-88.878344214,38.45443199],[-88.883472119,38.455073746],[-88.881163633,38.457450134],[-88.887368739,38.466646435],[-88.886430083,38.467546241],[-88.889643994,38.474151649],[-88.892779122,38.475948448],[-88.890896249,38.48230853],[-88.893553498,38.486115837],[-88.898935136,38.48713737],[-88.90179322,38.494065698],[-88.897871962,38.497047657],[-88.896063922,38.502860665],[-88.898939765,38.504876063],[-88.901887105,38.512657677],[-88.899348932,38.515089379],[-88.89993647,38.516772453],[-88.888092189,38.515895804],[-88.884757091,38.518848403],[-88.885766844,38.524522226],[-88.884176621,38.53196654],[-88.868844683,38.534032972],[-88.867363842,38.541117604],[-88.862537955,38.544512832],[-88.861904956,38.545976492],[-88.864415585,38.546833901],[-88.865736437,38.552488239],[-88.86865542,38.55337654],[-88.868832228,38.559263384],[-88.870678531,38.560878997],[-88.870076854,38.563472651],[-88.865311766,38.568183211],[-88.870974178,38.571492857],[-88.871081717,38.573348557],[-88.865413147,38.579690701],[-88.862660071,38.586430129],[-88.856325451,38.585250454],[-88.852287949,38.587290429],[-88.847390828,38.596435193],[-88.860756691,38.601914733],[-88.863403636,38.608950159],[-88.867156328,38.611953156],[-88.865833886,38.620298915],[-88.868008694,38.62294631],[-88.867709367,38.627264378],[-88.860223943,38.632100684],[-88.863584794,38.634884976],[-88.862892919,38.640593664],[-88.873503486,38.644735429],[-88.876913655,38.647416253],[-88.877357712,38.650965757],[-88.881536677,38.652058391],[-88.882699112,38.654283193],[-88.871997943,38.665448784],[-88.869259573,38.672150592],[-88.870296403,38.677222168],[-88.867614663,38.682697402],[-88.870533786,38.684558342],[-88.870909679,38.692598698],[-88.875112964,38.694415213],[-88.872685626,38.696420183],[-88.87235801,38.700469289],[-88.867508445,38.703945741],[-88.867217782,38.705717624],[-88.871929947,38.709675223],[-88.868676702,38.718024942],[-88.869645863,38.72064233],[-88.883946317,38.731108085],[-88.876990016,38.737498848],[-88.876343676,38.739336206],[-88.879246897,38.74345217],[-88.870703065,38.746270215],[-88.862723623,38.751624086],[-88.855874962,38.750055866],[-88.845718092,38.761108144],[-88.838977788,38.758570196],[-88.83231834,38.764233713],[-88.817694395,38.764806988],[-88.800863366,38.778811562],[-88.797594049,38.779862449],[-88.796221884,38.778879654],[-88.794761968,38.774146367],[-88.786263261,38.775634169],[-88.79075405,38.780480541],[-88.791319058,38.789838141],[-88.787119078,38.797685647],[-88.780327303,38.800251136],[-88.775070909,38.811374163],[-88.773907058,38.826181949],[-88.771127859,38.829509046],[-88.763575476,38.830011913],[-88.758612832,38.833492998],[-88.754363072,38.840653195],[-88.748349064,38.842218437],[-88.743955078,38.845902252],[-88.740951691,38.851016067],[-88.737275199,38.86453879],[-88.741541102,38.864921357],[-88.750857438,38.861930934],[-88.759472447,38.862544675],[-88.760051259,38.865136026],[-88.763964826,38.864085814],[-88.767536656,38.865508986],[-88.78533935,38.858932125],[-88.792786556,38.866142056],[-88.793739248,38.876730186],[-88.800430235,38.880139597],[-88.804264276,38.886196736],[-88.803916696,38.889073625],[-88.815338008,38.888503304],[-88.821488516,38.890009512],[-88.827223096,38.888607863],[-88.831216311,38.89071825],[-88.831848844,38.893014447],[-88.826989703,38.898378055],[-88.825453111,38.902999969],[-88.817120993,38.901328609],[-88.812985081,38.902264906],[-88.808215475,38.906895981],[-88.806047248,38.912633375],[-88.806717259,38.929560088],[-88.799446398,38.935574383],[-88.79695171,38.939729355],[-88.807289418,38.9466489],[-88.81282843,38.947798896],[-88.826631874,38.947037064],[-88.836017515,38.952543107],[-88.836794478,38.957657644],[-88.835144923,38.961003459],[-88.829362932,38.965215211],[-88.819693082,38.96875053],[-88.814630699,38.9686614],[-88.811441219,38.963536639],[-88.795103053,38.967734546],[-88.793916839,38.977401386],[-88.798197199,38.988477712],[-88.791758911,38.996110084],[-88.794839101,38.999327978],[-88.799388458,38.999999288],[-88.793845345,39.006387825],[-88.793835241,39.008642696],[-88.799960211,39.00931749],[-88.806108023,39.01529269],[-88.806077149,39.019502941],[-88.796468952,39.028240372],[-88.800047758,39.032249343],[-88.798275928,39.039444422],[-88.7917011,39.041451989],[-88.786625677,39.045661457],[-88.781609519,39.057343251],[-88.774434046,39.067534957],[-88.767158667,39.070044825],[-88.766898276,39.074608863],[-88.769300406,39.078489271],[-88.760795668,39.086680869],[-88.731631399,39.091878553],[-88.722127326,39.095616562],[-88.710086947,39.10418809],[-88.709388689,39.108076363],[-88.699017912,39.117907048],[-88.698993577,39.125232635],[-88.695799764,39.129774202],[-88.696658723,39.133506624],[-88.703445727,39.138011304],[-88.702551503,39.140104306],[-88.693038555,39.150820045],[-88.683095588,39.151845221],[-88.67589925,39.155028388],[-88.666829065,39.163236004],[-88.656517505,39.167793588],[-88.656075252,39.172264308],[-88.657743976,39.174631342],[-88.655259714,39.18209496],[-88.648106283,39.188438077],[-88.649555843,39.191477066],[-88.658755179,39.191399203],[-88.658284669,39.196365375],[-88.655209352,39.201658945],[-88.652064983,39.203594573],[-88.651303544,39.207009274],[-88.639711677,39.216331168],[-88.630161509,39.218769752],[-88.627952535,39.224107936],[-88.621175764,39.22755361],[-88.619372209,39.232464812],[-88.612101102,39.234628488],[-88.616116656,39.238484295],[-88.613951507,39.244454215],[-88.607424385,39.250220391],[-88.601275525,39.251228476],[-88.600371958,39.252993278],[-88.600851071,39.267612426],[-88.595330791,39.270201533],[-88.594043802,39.273558622],[-88.594094792,39.275155819],[-88.598089612,39.277749243],[-88.597705254,39.284783662],[-88.610398377,39.282317686],[-88.615065154,39.287875467],[-88.618655815,39.287138426],[-88.619601852,39.285280561],[-88.6263825,39.286949655],[-88.627054457,39.300351823],[-88.626728783,39.302142695],[-88.622944996,39.302662999],[-88.623659534,39.305799247],[-88.633097458,39.310356372],[-88.633597072,39.317254324],[-88.629175045,39.321868187],[-88.625074568,39.324241925],[-88.618504403,39.324412412],[-88.614766083,39.328112013],[-88.615416172,39.330773605],[-88.613251809,39.337058501],[-88.617085064,39.340976632],[-88.610607595,39.343805742],[-88.609370804,39.3509732],[-88.611462002,39.356639179],[-88.60806929,39.367463826],[-88.611698456,39.374844639],[-88.612323049,39.384733104],[-88.616145168,39.386332654],[-88.619407418,39.391067326],[-88.618456196,39.395064573],[-88.620958662,39.396455678],[-88.620705754,39.402138835],[-88.61221073,39.403603925],[-88.608834615,39.407759378],[-88.600253184,39.411402232],[-88.599158441,39.421114353],[-88.592977248,39.424926652],[-88.588824776,39.423844869],[-88.583552057,39.425566946],[-88.576932075,39.429720557],[-88.560256418,39.430313003],[-88.551547202,39.435301401],[-88.54343725,39.435518109],[-88.538970505,39.438889341],[-88.532479076,39.438351601],[-88.521638151,39.443369787],[-88.502066654,39.444859173],[-88.496103309,39.447325025],[-88.494401647,39.450299063],[-88.484140477,39.449494024],[-88.480837552,39.444994167],[-88.47431374,39.444392715],[-88.473505929,39.449335857],[-88.468812343,39.451668417],[-88.470020456,39.45536343],[-88.46505593,39.459176375],[-88.470761196,39.468717268],[-88.470874053,39.472656612],[-88.465415394,39.478495784],[-88.449664048,39.48641205],[-88.430421662,39.48470837],[-88.419116285,39.481746274],[-88.414674644,39.484241334],[-88.415456723,39.487559712],[-88.408777699,39.48774284],[-88.408220487,39.490310475],[-88.394352983,39.490556446],[-88.387811606,39.486948319],[-88.388259778,39.500972942],[-88.386703598,39.502330875],[-88.39090792,39.505766022],[-88.391263834,39.510368876],[-88.390140786,39.513713938],[-88.38358019,39.519647673],[-88.378552135,39.518752074],[-88.363522214,39.521030466],[-88.358179092,39.523784399],[-88.359576469,39.528257199],[-88.3541331,39.527733849],[-88.344768404,39.530005759],[-88.338883846,39.536177252],[-88.335238101,39.535619739],[-88.333160266,39.533455785],[-88.326632776,39.537588738],[-88.315673125,39.535790669],[-88.313355632,39.536836569],[-88.309702147,39.541319893],[-88.304017612,39.542684746],[-88.296244127,39.547237769],[-88.290163241,39.548092868],[-88.282670429,39.555451123],[-88.275655552,39.55774496],[-88.273033465,39.562030039],[-88.267394895,39.563072034],[-88.250625816,39.573169088],[-88.236627066,39.576615671],[-88.234506639,39.578884358],[-88.230520452,39.577830549],[-88.216909682,39.585720601],[-88.213312676,39.586304215],[-88.209360794,39.589273563],[-88.20668024,39.597701582],[-88.198542319,39.602414439],[-88.192840326,39.603667632],[-88.18781017,39.608609815],[-88.182597114,39.607746386],[-88.179949766,39.609115712],[-88.168844185,39.617092059],[-88.165691077,39.621807043],[-88.167480732,39.625024094],[-88.167631067,39.634744615],[-88.190178701,39.629172284],[-88.205409868,39.62950136],[-88.208405505,39.631888501],[-88.214784394,39.630708126],[-88.225681536,39.631386741],[-88.233913251,39.633682407],[-88.241678658,39.632229077],[-88.252563964,39.633353647],[-88.263977617,39.637255711],[-88.261947823,39.643173402],[-88.264452235,39.652595007],[-88.272726877,39.651097732],[-88.290547052,39.657961513],[-88.293389239,39.661764865],[-88.292314558,39.671924974],[-88.298661067,39.672897388],[-88.30047096,39.674879565],[-88.299492266,39.677484196],[-88.305376041,39.680382346],[-88.304475099,39.681951016],[-88.306188675,39.684785391],[-88.326254617,39.698035697],[-88.326056821,39.702352415],[-88.330839302,39.705692566],[-88.332148177,39.71155791],[-88.335386708,39.714746528],[-88.33462313,39.717547165],[-88.336914999,39.721362817],[-88.33575971,39.7308489],[-88.341064143,39.73565159],[-88.340130939,39.739056713],[-88.341972527,39.740533361],[-88.340418,39.746988176],[-88.342257413,39.751319474],[-88.344427839,39.752597966],[-88.347193934,39.76144064],[-88.344737292,39.771865047],[-88.34039396,39.777608018],[-88.336566489,39.779781653],[-88.338060223,39.780555057],[-88.337043311,39.781959581],[-88.341632123,39.784597901],[-88.342207493,39.799521091],[-88.334975132,39.813022479],[-88.343149051,39.818913251],[-88.344546918,39.821789567],[-88.338928005,39.830079949],[-88.332638925,39.832433627],[-88.332635564,39.835423687],[-88.337404473,39.840872348],[-88.337002413,39.843962881],[-88.326546247,39.850346471],[-88.328243358,39.853432295],[-88.324916642,39.857079265],[-88.325839814,39.86167164],[-88.322584218,39.871440022],[-88.323977264,39.874363541],[-88.323143676,39.883008633],[-88.324822438,39.888605284],[-88.323627278,39.891891808],[-88.3198687,39.891986892],[-88.317226264,39.901036436],[-88.31047118,39.908213818],[-88.308976615,39.911850228],[-88.304329455,39.913801149],[-88.304277846,39.917203943],[-88.2980566,39.919256385],[-88.299312187,39.922141374],[-88.294444379,39.930397295],[-88.287101057,39.932156862],[-88.284220414,39.935319648],[-88.2771651,39.936666179],[-88.274641089,39.93870384],[-88.275119425,39.941272643],[-88.273032188,39.945386507],[-88.273486482,39.95830019],[-88.269908572,39.959440814],[-88.271677226,39.962869836],[-88.273559566,39.977377353],[-88.271977861,39.97991067],[-88.273128028,39.980760088],[-88.270459533,39.987262268],[-88.263849904,39.98829062],[-88.259818642,40.005000812],[-88.259613488,40.014817576],[-88.261632545,40.016786798],[-88.259501369,40.02109954],[-88.268350169,40.037511058],[-88.283499536,40.042723962],[-88.285404016,40.047781319],[-88.282710385,40.056644641],[-88.278294228,40.057571711],[-88.271991862,40.055593391],[-88.26240346,40.057903788],[-88.262388279,40.060230398],[-88.267510242,40.063070517],[-88.264949096,40.070296401],[-88.261558703,40.069135876],[-88.259703586,40.071885433],[-88.261360112,40.077761237],[-88.263700564,40.079116327],[-88.262100855,40.085701488],[-88.263011454,40.090555415],[-88.255371148,40.098752042],[-88.25716036,40.102582428],[-88.260244507,40.103886805],[-88.26053407,40.105531224],[-88.264052348,40.10621998],[-88.266246997,40.110167503],[-88.259037454,40.11575803],[-88.257726315,40.118278833],[-88.258335596,40.125068351],[-88.263865914,40.128241054],[-88.268221671,40.134736176],[-88.276534871,40.136256453],[-88.276317326,40.142160772],[-88.272351243,40.148378512],[-88.276095625,40.152174407],[-88.281214548,40.154102581],[-88.27968682,40.159093314],[-88.289718686,40.162574417],[-88.300682344,40.160905555],[-88.302101399,40.167303532],[-88.307526855,40.167952226],[-88.310830516,40.171313892],[-88.310792683,40.17430554],[-88.31258967,40.176140545],[-88.314772441,40.175736558],[-88.318489883,40.183417428],[-88.311263386,40.191830109],[-88.307304618,40.203908492],[-88.300962622,40.207936848],[-88.30189355,40.209616198],[-88.298889332,40.214629314],[-88.29552515,40.214992315],[-88.288394748,40.224188768],[-88.282011054,40.227827636],[-88.276346335,40.236126956],[-88.267343276,40.244137295],[-88.266646747,40.247040451],[-88.262521162,40.248751765],[-88.262783413,40.251091455],[-88.259219915,40.252245288],[-88.252529899,40.260311965],[-88.249524292,40.25986683],[-88.239918172,40.263875586],[-88.236493814,40.262817666],[-88.233406965,40.26404114],[-88.234161464,40.267001142],[-88.237971624,40.267924405],[-88.239611673,40.270541142],[-88.238198737,40.273401198],[-88.229303661,40.271344799],[-88.227171285,40.275478617],[-88.223988097,40.276017964],[-88.224420684,40.279241575],[-88.214981577,40.279712577],[-88.208939848,40.287775597],[-88.201712547,40.28887989],[-88.195350201,40.292863869],[-88.191835173,40.292524415],[-88.187485834,40.298197684],[-88.188577305,40.300895605],[-88.187300761,40.301594243],[-88.184269296,40.302848471],[-88.181329185,40.298991499],[-88.174843101,40.302455762],[-88.172655087,40.307770544],[-88.160444147,40.308355296],[-88.158967764,40.314040621],[-88.15714608,40.31560462],[-88.154400458,40.315264805],[-88.145218941,40.322695598],[-88.143986545,40.329826761],[-88.14670771,40.331356604],[-88.142372038,40.338497091],[-88.143154474,40.343432002],[-88.146038665,40.347136394],[-88.144343305,40.349216212],[-88.146769117,40.350898725],[-88.146161802,40.35577649],[-88.152723321,40.366067418],[-88.151877935,40.37004031],[-88.157875589,40.369355176],[-88.159452937,40.370455634],[-88.160182386,40.369259212],[-88.167528302,40.374909152],[-88.170602014,40.374165719],[-88.172607822,40.376556367],[-88.172673132,40.382472085],[-88.175875019,40.385397654],[-88.185124475,40.39035411],[-88.189376233,40.389956033],[-88.193477516,40.392791913],[-88.193739059,40.394077112],[-88.190657422,40.395881861],[-88.193339818,40.398663525],[-88.190696902,40.399243189],[-88.194634561,40.403985552],[-88.19895688,40.403715324],[-88.20107409,40.405283117],[-88.200296521,40.407228357],[-88.20540326,40.407938447],[-88.206703326,40.4107184],[-88.211554414,40.41282316],[-88.217103914,40.41258075],[-88.218661832,40.410984771],[-88.221860206,40.413458523],[-88.224897406,40.41244378],[-88.231718089,40.414536758],[-88.236907195,40.420497661],[-88.247888232,40.427419662],[-88.249679136,40.432283321],[-88.252642871,40.43510707],[-88.26363518,40.436606977],[-88.266308907,40.439893326],[-88.282644003,40.445480323],[-88.289280874,40.445000852],[-88.293758604,40.446617602],[-88.294545209,40.452576893],[-88.297055427,40.455686693],[-88.302750368,40.455778774],[-88.305754467,40.458049411],[-88.310028003,40.458356853],[-88.309112804,40.460744575],[-88.306733286,40.461102447],[-88.309152643,40.468917],[-88.305572146,40.473654149],[-88.308599779,40.476672389],[-88.308227394,40.479884586],[-88.315056172,40.484726202],[-88.33032523,40.485922479],[-88.335205003,40.500459295],[-88.333711417,40.502894037],[-88.336037768,40.507897864],[-88.335088238,40.51006124],[-88.337952854,40.51368281],[-88.335580512,40.514946524],[-88.334999551,40.518986905],[-88.346441272,40.527077573],[-88.347353602,40.532386033],[-88.349429538,40.533412197],[-88.349968675,40.540682866],[-88.351694039,40.543643189],[-88.353780404,40.543977159],[-88.353451947,40.547109264],[-88.356444815,40.550497751],[-88.354270866,40.554204783],[-88.355951018,40.555480836],[-88.357439237,40.564403235],[-88.354148266,40.567243031],[-88.355324052,40.569982213],[-88.352365875,40.574047071],[-88.353839994,40.576070619],[-88.351506027,40.580553177],[-88.354316114,40.588959453],[-88.351837104,40.592287112],[-88.351092984,40.598080248],[-88.348923063,40.599366118],[-88.349026733,40.604049617],[-88.350847503,40.60660639],[-88.349645188,40.611109168],[-88.346808389,40.613872542],[-88.346889267,40.618740509],[-88.344986716,40.620659738],[-88.345440246,40.622719311],[-88.348387078,40.624323928],[-88.344271534,40.627320726],[-88.347080414,40.631637774],[-88.345217563,40.633861749],[-88.345218336,40.635727069],[-88.347237498,40.63655344],[-88.346956693,40.639080885],[-88.339541682,40.639725283],[-88.336746091,40.64243019],[-88.332377251,40.639683234],[-88.321558823,40.640166667],[-88.310531373,40.634992213],[-88.30336479,40.63471428],[-88.302188498,40.632892906],[-88.28522027,40.630841989],[-88.277537357,40.632840521],[-88.264832861,40.631619968],[-88.262024737,40.628034615],[-88.259873692,40.633186522],[-88.262132222,40.63710786],[-88.25987675,40.63930572],[-88.261939331,40.642505454],[-88.257833501,40.64711595],[-88.260237177,40.647702719],[-88.260140041,40.649391098],[-88.25685296,40.654100985],[-88.254634119,40.654902764],[-88.254802989,40.657390553],[-88.251519211,40.661164171],[-88.239072454,40.66272326],[-88.234369969,40.666840007],[-88.230202937,40.666188714],[-88.228375314,40.668457558],[-88.222066893,40.670375774],[-88.218631541,40.674665372],[-88.214113843,40.675672795],[-88.211067198,40.674318118],[-88.206961115,40.664039776],[-88.202676186,40.660583572],[-88.20579841,40.658663497],[-88.205598086,40.656349969],[-88.207702261,40.654555131],[-88.204029655,40.651529265],[-88.205845313,40.647406076],[-88.208362996,40.646184702],[-88.207102864,40.643690509],[-88.21003315,40.641722901],[-88.206211176,40.637150991],[-88.209434581,40.635806145],[-88.206874995,40.633172162],[-88.202545887,40.632356593],[-88.203036212,40.630138114],[-88.199486379,40.629300079],[-88.201669797,40.626267334],[-88.200407012,40.624185481],[-88.201396699,40.622244486],[-88.210828492,40.617246572],[-88.207661293,40.615864347],[-88.204501901,40.607312488],[-88.201423431,40.605458945],[-88.203287212,40.603926659],[-88.196858304,40.601016234],[-88.19631435,40.598620682],[-88.200411352,40.593414391],[-88.203305029,40.582954335],[-88.200334522,40.57994844],[-88.195504657,40.578645986],[-88.194717914,40.576243871],[-88.188538638,40.573585553],[-88.182326709,40.573927255],[-88.180890038,40.569849315],[-88.177091353,40.568705365],[-88.181727644,40.565316716],[-88.180633494,40.562073526],[-88.18406335,40.559207576],[-88.184348598,40.550423985],[-88.186913804,40.548590036],[-88.182810275,40.543173758],[-88.175919086,40.54090737],[-88.177018225,40.536517043],[-88.167056284,40.535725044],[-88.161986013,40.527364399],[-88.157750432,40.526879206],[-88.157786683,40.523225117],[-88.155004567,40.521570244],[-88.146523728,40.521328193],[-88.145907652,40.519378282],[-88.150328299,40.51539288],[-88.147983271,40.514296155],[-88.14673982,40.507432169],[-88.141772927,40.509397283],[-88.13689496,40.50574516],[-88.133150886,40.50578828],[-88.127556753,40.503074828],[-88.123127869,40.504096428],[-88.116374043,40.499502438],[-88.110821586,40.4982395],[-88.106058479,40.491832285],[-88.102014628,40.489388697],[-88.098943223,40.489403507],[-88.097129622,40.486761139],[-88.093713532,40.488090652],[-88.091472779,40.486674926],[-88.085858494,40.491412894],[-88.079408029,40.491136834],[-88.07945552,40.488096399],[-88.075614978,40.488434063],[-88.077616288,40.482298463],[-88.075889605,40.478808745],[-88.068832614,40.476880466],[-88.066401754,40.478883125],[-88.059565462,40.47776184],[-88.051050651,40.472031856],[-88.047330166,40.472727861],[-88.046845145,40.470133638],[-88.041511015,40.467047147],[-88.030814071,40.466188012],[-88.031270485,40.47023141],[-88.029633921,40.469556001],[-88.026781213,40.472094048],[-88.024001057,40.471162659],[-88.020821457,40.473743995],[-88.014758127,40.472375075],[-88.008164481,40.473288314],[-88.005496092,40.476269103],[-87.996833424,40.473556838],[-87.991251252,40.468562599],[-87.98749,40.467602815],[-87.988330096,40.466080223],[-87.983238545,40.464190763],[-87.981966344,40.462123629],[-87.982955428,40.460619981],[-87.976158541,40.456938983],[-87.97719971,40.455395645],[-87.97368289,40.452697615],[-87.971593743,40.448503861],[-87.967530174,40.446838614],[-87.968362152,40.444918789],[-87.954315118,40.440250215],[-87.950398239,40.43751757],[-87.944849034,40.43957427],[-87.940605111,40.437880842],[-87.938065341,40.439192786],[-87.931610954,40.433858521],[-87.926773483,40.432102514],[-87.926466534,40.429754168],[-87.92446109,40.428697783],[-87.925632197,40.425818221],[-87.922672197,40.424254532],[-87.923506068,40.421242128],[-87.917298871,40.419886276],[-87.916880639,40.418225822],[-87.906793786,40.414870713],[-87.902880169,40.411865763],[-87.89997742,40.412142538],[-87.896035657,40.407595297],[-87.89258254,40.409662391],[-87.888256981,40.407925054],[-87.884031298,40.410733934],[-87.874622162,40.408515837],[-87.867567871,40.410749395],[-87.860898105,40.405065448],[-87.85579644,40.403180286],[-87.852624044,40.404494831],[-87.847659825,40.403095937],[-87.836398468,40.407930806],[-87.829210029,40.403914555],[-87.829041835,40.401750132],[-87.826111439,40.401999262],[-87.825147957,40.399945015],[-87.821897838,40.401688478],[-87.810725582,40.402694392],[-87.808373175,40.401052803],[-87.802109555,40.401138522],[-87.79852332,40.398755065],[-87.792860314,40.400786191],[-87.788582049,40.40052783],[-87.785568897,40.403722284],[-87.773774983,40.407896618],[-87.769746316,40.40743445],[-87.767513136,40.412892942],[-87.764535112,40.415238757],[-87.757744711,40.416528122],[-87.753435291,40.419741284],[-87.755251979,40.421222956],[-87.7540171,40.42442378],[-87.755796682,40.42996997],[-87.747609984,40.436027529],[-87.750236941,40.443239025],[-87.74650772,40.446112001],[-87.744093234,40.456941405],[-87.741487185,40.457939782],[-87.736212237,40.46936552],[-87.73205401,40.470687489],[-87.731268863,40.47262714],[-87.725049527,40.473380251],[-87.714929086,40.470717354],[-87.717688211,40.476801174],[-87.717795115,40.482253207],[-87.716073182,40.484565107],[-87.710557202,40.483235037],[-87.706559136,40.484443904],[-87.705503925,40.487035745],[-87.701206764,40.485575249],[-87.696252207,40.487421443],[-87.693082388,40.483787378],[-87.687001617,40.482862286],[-87.684398466,40.484992959],[-87.663892352,40.488471356],[-87.6597945,40.486056362],[-87.655486118,40.488850028],[-87.658576693,40.494148719],[-87.649039774,40.50069281],[-87.641202994,40.502096548],[-87.639211845,40.504099951],[-87.630801448,40.503734317],[-87.626140809,40.501676861],[-87.607123158,40.503929251],[-87.603195757,40.5084954],[-87.603110874,40.51473894],[-87.599787515,40.513403719],[-87.59086181,40.514140806],[-87.588118925,40.517298209],[-87.579304045,40.521468017],[-87.575006786,40.521568139],[-87.567552326,40.526300552],[-87.560201887,40.524910844],[-87.553385848,40.528525573],[-87.547862726,40.528635307],[-87.540988102,40.532592144],[-87.522234814,40.533486869],[-87.504850283,40.540924492],[-87.499550034,40.540753056],[-87.498575847,40.543228475],[-87.489816257,40.543677935],[-87.486673297,40.539600771],[-87.48159715,40.540435266],[-87.480176766,40.544219809],[-87.474281674,40.546644873],[-87.470652492,40.550406436],[-87.465395627,40.551710314],[-87.464500977,40.554305448],[-87.455909636,40.557651744],[-87.446138112,40.559223274],[-87.442707704,40.562340061],[-87.43765651,40.56373875],[-87.439576607,40.567715623],[-87.430001679,40.569756312],[-87.423985201,40.568044744],[-87.408163215,40.569350077],[-87.401452404,40.573077104],[-87.393234439,40.573873228],[-87.392371494,40.575187541],[-87.393990786,40.57702483],[-87.389735384,40.5766049],[-87.386734316,40.579366215],[-87.380264501,40.581066425],[-87.378203046,40.585598775],[-87.371361332,40.583060477],[-87.360984573,40.589925667],[-87.349793135,40.591582365],[-87.343984169,40.590350778],[-87.34240785,40.593642623],[-87.334899588,40.593397432],[-87.335097186,40.599614813],[-87.330812779,40.606680833],[-87.330331781,40.612020755],[-87.324725484,40.612562054],[-87.323256741,40.617831123],[-87.312856609,40.620540484],[-87.311666209,40.622839522],[-87.306709411,40.624276776],[-87.297691799,40.623545543],[-87.290627034,40.625763895],[-87.282910664,40.620901637],[-87.277893099,40.622417663],[-87.270965216,40.620643352],[-87.272153902,40.626263551],[-87.266582267,40.627305969],[-87.266652472,40.635947597],[-87.261449363,40.636337576],[-87.258374617,40.64068113],[-87.2626235,40.649958172],[-87.260870191,40.650451803],[-87.261424227,40.652653493],[-87.269132808,40.662454883],[-87.274043268,40.664709957],[-87.274937546,40.672389327],[-87.281858891,40.671814326],[-87.286096282,40.673819742],[-87.289244531,40.677539446],[-87.305079628,40.679058571],[-87.305313277,40.69068909],[-87.302468714,40.691122094],[-87.296646786,40.697553911],[-87.274633017,40.699902866],[-87.267218053,40.697142181],[-87.259986134,40.697184473],[-87.256165103,40.694552319],[-87.238772311,40.691680627],[-87.236795473,40.689564188],[-87.226813405,40.689684254],[-87.219406311,40.685497317],[-87.212287065,40.687265835],[-87.207803033,40.686306238],[-87.203558765,40.690817884],[-87.197256505,40.693802481],[-87.189664215,40.692448572],[-87.186770594,40.693900185],[-87.177976028,40.694173706],[-87.175232532,40.696605468],[-87.175970298,40.70320365],[-87.172316344,40.706829835],[-87.16610978,40.705551175],[-87.165284375,40.70825212],[-87.166506983,40.710389726],[-87.164569987,40.711436856],[-87.162655655,40.71047628],[-87.160340522,40.712031861],[-87.152662294,40.712457358],[-87.152887066,40.715608887],[-87.143345398,40.731281491],[-87.137413307,40.734243266],[-87.139207016,40.740441944],[-87.134241544,40.743825403],[-87.136182084,40.74860308],[-87.124538371,40.749278378],[-87.121854106,40.751204853],[-87.108679125,40.751486649],[-87.104509404,40.756036872],[-87.110414638,40.759096465],[-87.110559139,40.764083954],[-87.10914588,40.764971689],[-87.104326282,40.762667177],[-87.094228204,40.768044298],[-87.089885872,40.773571087],[-87.08181477,40.777949555],[-87.070970199,40.775005355],[-87.056999302,40.778341311],[-87.054814743,40.780473185],[-87.04643769,40.780861407],[-87.043849104,40.779112505],[-87.036030048,40.780936304],[-87.034230335,40.782666257],[-87.033858968,40.7892869],[-87.027588666,40.790087798],[-87.02748236,40.792347436],[-87.025084166,40.794045468],[-87.033534771,40.799177641],[-87.035297576,40.80140862],[-87.035256023,40.8084689],[-87.038855014,40.810733954],[-87.041760019,40.810457787],[-87.041227731,40.813018441],[-87.047591178,40.813319562],[-87.049418119,40.811800433],[-87.053063676,40.813078233],[-87.054270786,40.816084279],[-87.049104685,40.820198421],[-87.059724886,40.824901494],[-87.059429449,40.826794662],[-87.061519362,40.826848392],[-87.06448517,40.831333055],[-87.064287769,40.835615911],[-87.059142066,40.836866785],[-87.05842237,40.838976027],[-87.055156182,40.84063144],[-87.043959936,40.844177381],[-87.043557346,40.846245903],[-87.046269677,40.847992947],[-87.044411759,40.851505999],[-87.032865303,40.858618107],[-87.021476886,40.856856369],[-87.008228001,40.859324009],[-87.00335611,40.862273035],[-86.999324414,40.861625568],[-86.998921498,40.856183543],[-86.994389924,40.855086282],[-86.982785826,40.859730425],[-86.981389613,40.861825013],[-86.97844272,40.859208363],[-86.968004186,40.86203149],[-86.965525656,40.863798726],[-86.966800671,40.865457866],[-86.962514335,40.866340564],[-86.963487845,40.867604045],[-86.955757579,40.872622719],[-86.949472276,40.872658252],[-86.946315899,40.875885359],[-86.934794485,40.877060374],[-86.931654074,40.878684134],[-86.932133004,40.879935687],[-86.928411377,40.879017998],[-86.924594972,40.880968586],[-86.925780267,40.882641765],[-86.930909014,40.883922872],[-86.931303751,40.886116643],[-86.943150437,40.887099042],[-86.944295891,40.888405447],[-86.943538544,40.892690938],[-86.939994558,40.894272503],[-86.942009946,40.897563736],[-86.941396259,40.899098928],[-86.94487243,40.901590248],[-86.951040557,40.901764014],[-86.95282336,40.904896552],[-86.959827304,40.905961997],[-86.961405601,40.908846456],[-86.956412191,40.909706173],[-86.957883347,40.913229572],[-86.961909057,40.914672506],[-86.960104268,40.916422621],[-86.962000345,40.917000143],[-86.96209959,40.920125193],[-86.959617001,40.921973207],[-86.959303918,40.926359867],[-86.950968681,40.932704648],[-86.947675274,40.931831869],[-86.94498003,40.934189102],[-86.945728036,40.938779725],[-86.949504876,40.940832868],[-86.952512787,40.939447085],[-86.956228624,40.940700911],[-86.960012858,40.943602615],[-86.961492696,40.951781644],[-86.959608382,40.956040866],[-86.962518377,40.960229052],[-86.957976365,40.964584156],[-86.95940271,40.969128372],[-86.94994304,40.970539814],[-86.947535151,40.973395028],[-86.94693976,40.9798886],[-86.940379763,40.985707037],[-86.941852697,40.992368062],[-86.944437523,40.995553747],[-86.950921738,40.998080243],[-86.977949843,41.002020621],[-86.985477311,41.006974162],[-86.987986506,41.01287106],[-86.963149935,41.012806346],[-86.963661838,41.01509045],[-86.954573953,41.019918644],[-86.954390192,41.02322465],[-86.957571241,41.029150173],[-86.953227781,41.040419837],[-86.947547528,41.046516332],[-86.949148722,41.049375378],[-86.944995734,41.052342273],[-86.946366901,41.053781408],[-86.945357135,41.058635259],[-86.940228386,41.067259562],[-86.941073538,41.068749625],[-86.939256127,41.073377813],[-86.95132666,41.083626605],[-86.949925121,41.085654991],[-86.950714548,41.094914051],[-86.957771264,41.098050299],[-86.957392567,41.101135558],[-86.960951782,41.106014489],[-86.96668869,41.10598742],[-86.969431016,41.10710193],[-86.968901743,41.108410181],[-86.960933117,41.108430351],[-86.950783848,41.111172796],[-86.949372498,41.11402173],[-86.949241977,41.122236737],[-86.938015092,41.125910122],[-86.932563847,41.132206222],[-86.925077919,41.133569893],[-86.924023593,41.135456812],[-86.928747746,41.137541952],[-86.928802837,41.13893697],[-86.917673627,41.139408813],[-86.909218425,41.136463962],[-86.9066523,41.139371117],[-86.90184729,41.14095959],[-86.903819137,41.142921619],[-86.897664564,41.143288468],[-86.897000131,41.141515463],[-86.893344864,41.142955526],[-86.892970885,41.14567429],[-86.89530432,41.148929391],[-86.89166465,41.15225804],[-86.888248999,41.150309259],[-86.887409329,41.151991574],[-86.88953091,41.153538691],[-86.890127372,41.15660238],[-86.880792596,41.157582297],[-86.882847438,41.159863985],[-86.88169549,41.163454579],[-86.883292847,41.165164076],[-86.875070542,41.169708115],[-86.876796625,41.173918059],[-86.895991104,41.177864993],[-86.90375899,41.181566933],[-86.90040471,41.185217128],[-86.892595213,41.186691952],[-86.89172832,41.191207425],[-86.888931023,41.192621644],[-86.884225047,41.190746723],[-86.881759735,41.192502111],[-86.877723601,41.189694791],[-86.876430267,41.186530577],[-86.873219374,41.185305893],[-86.863254341,41.190522815],[-86.85569555,41.18957481],[-86.852690265,41.191517035],[-86.837829281,41.194521461],[-86.836790199,41.195635095],[-86.838690336,41.19869098],[-86.829192776,41.202237676],[-86.829630542,41.20735068],[-86.826694104,41.210012501],[-86.821168427,41.211104962],[-86.825071341,41.205741726],[-86.8194045,41.200973612],[-86.8162646,41.201679189],[-86.81523034,41.205399028],[-86.810294375,41.208609466],[-86.80566556,41.208987681],[-86.803955673,41.211395715],[-86.800670562,41.212514311],[-86.800117882,41.208469654],[-86.798887543,41.208636414],[-86.797875545,41.211441804],[-86.793667852,41.214852557],[-86.783100665,41.210705731],[-86.781847182,41.207416903],[-86.776172847,41.208061299],[-86.775804441,41.186613865],[-86.768499436,41.18434122],[-86.763761156,41.186102318],[-86.764805956,41.182170056],[-86.762949445,41.182755904],[-86.760033918,41.178495533],[-86.760251464,41.175802165],[-86.7549725,41.171231435],[-86.756263078,41.169847456],[-86.754977676,41.164639862],[-86.756938952,41.164352032],[-86.757129448,41.160938441],[-86.754967209,41.157887337],[-86.756298379,41.154532353],[-86.749650875,41.14881036],[-86.7458551,41.151462508],[-86.736794714,41.15270118],[-86.736712891,41.156485522],[-86.730340498,41.157151496],[-86.718825843,41.154939535],[-86.715802379,41.149573185],[-86.707788692,41.150055251],[-86.71023534,41.148166048],[-86.705454911,41.145685463],[-86.703177545,41.142154808],[-86.705896254,41.137987585],[-86.703807698,41.136821297],[-86.70992883,41.136141599],[-86.711805671,41.131234555],[-86.705846618,41.129102317],[-86.703631582,41.125660368],[-86.694102934,41.127656704],[-86.688295476,41.126693665],[-86.688982986,41.129343787],[-86.684933492,41.131144754],[-86.676998493,41.129206255],[-86.677685706,41.126939607],[-86.675318233,41.125365348],[-86.66765024,41.125900523],[-86.667009359,41.127110379],[-86.661606593,41.126359814],[-86.657667345,41.131312779],[-86.660170041,41.131780344],[-86.658640214,41.136622951],[-86.653012318,41.140122565],[-86.653547034,41.14161325],[-86.648669365,41.143248297],[-86.649460512,41.145129113],[-86.642761187,41.148019619],[-86.639632179,41.148324005],[-86.635463284,41.145705708],[-86.633542321,41.147560755],[-86.635624151,41.152964408],[-86.633456995,41.155520813],[-86.634693735,41.156984354],[-86.633304462,41.160497261],[-86.636098905,41.161862851],[-86.634910769,41.164650103],[-86.637978027,41.170009437],[-86.633617326,41.171930337],[-86.634372367,41.174167316],[-86.630817941,41.176660711],[-86.632018722,41.178226819],[-86.62576082,41.180534983],[-86.62911218,41.182143625],[-86.628109355,41.183448825],[-86.630248423,41.186130538],[-86.636887116,41.186771024],[-86.640541993,41.190166602],[-86.640590774,41.191588049],[-86.63549566,41.191743868],[-86.636481444,41.197887505],[-86.638382712,41.199106362],[-86.630907776,41.201252964],[-86.630496422,41.204705403],[-86.625934234,41.205825723],[-86.620546082,41.205622877],[-86.614632405,41.201527058],[-86.610338047,41.204628289],[-86.607916502,41.2042984],[-86.604218983,41.20841749],[-86.597016971,41.207211077],[-86.596501632,41.205325937],[-86.592939726,41.205734204],[-86.589734901,41.20825676],[-86.58764168,41.207228071],[-86.581219053,41.209232971],[-86.579774491,41.214442594],[-86.576648477,41.215418092],[-86.577550191,41.219045505],[-86.567489358,41.222242015],[-86.567511861,41.225644601],[-86.573254474,41.226870925],[-86.572245741,41.229243143],[-86.565869051,41.230738589],[-86.56566055,41.23332884],[-86.562832639,41.235029908],[-86.562665892,41.23781472],[-86.564417146,41.239454935],[-86.559219545,41.24085119],[-86.560346272,41.244085241],[-86.554591954,41.243949486],[-86.556905722,41.247202075],[-86.556425907,41.251895177],[-86.553587499,41.253224014],[-86.536145662,41.253623554],[-86.535476046,41.255442222],[-86.542047725,41.25812421],[-86.540941019,41.260602711],[-86.534700649,41.264868551],[-86.526411837,41.267443975],[-86.525046663,41.265504684],[-86.520953863,41.26488393],[-86.515225614,41.265969874],[-86.515279569,41.269309902],[-86.501009111,41.266039726],[-86.503309517,41.258068177],[-86.496504228,41.25701945],[-86.493716496,41.260121448],[-86.483904862,41.263660091],[-86.476376668,41.261690508],[-86.475900764,41.257337255],[-86.470845339,41.25414426],[-86.460981728,41.254343197],[-86.458752964,41.250764546],[-86.455643425,41.250255149],[-86.455065319,41.247458564],[-86.436011909,41.252078428],[-86.432177007,41.25013262],[-86.432465677,41.24615625],[-86.431099887,41.244596589],[-86.425786914,41.247270997],[-86.420525501,41.240055982],[-86.417901799,41.239852514],[-86.41781497,41.237453467],[-86.415031399,41.238382626],[-86.414586674,41.240628093],[-86.409881735,41.237986958],[-86.4017987,41.23997011],[-86.395861888,41.239238958],[-86.396214096,41.237820895],[-86.393683485,41.23703999],[-86.394157576,41.234065528],[-86.391568026,41.232306898],[-86.383450486,41.232925835],[-86.378552072,41.230944329],[-86.377674806,41.229385104],[-86.379543262,41.228687559],[-86.373640646,41.225809367],[-86.368701809,41.221086666],[-86.370731579,41.218961054],[-86.367544879,41.215738454],[-86.359058666,41.215669187],[-86.35495828,41.217568509],[-86.355148045,41.213518341],[-86.359100538,41.211001806],[-86.357851487,41.208482083],[-86.345611995,41.207974207],[-86.339602331,41.210765814],[-86.335509038,41.208486829],[-86.32960724,41.210592786],[-86.323260425,41.209630165],[-86.320807952,41.206769226],[-86.321551995,41.202655882],[-86.314136735,41.201644214],[-86.314539567,41.196432778],[-86.316508021,41.19408133],[-86.315223714,41.192983079],[-86.308562475,41.191416998],[-86.30169895,41.195698054],[-86.289501817,41.193419051],[-86.279572958,41.195261994],[-86.271905705,41.192168263],[-86.272386662,41.189753268],[-86.269640965,41.19020019],[-86.27015358,41.187536136],[-86.268415863,41.186631063],[-86.263389261,41.187706449],[-86.25953743,41.184382578],[-86.259443961,41.18184583],[-86.255363994,41.180337382],[-86.248428017,41.180504243],[-86.248635797,41.176428982],[-86.241066714,41.172384206],[-86.24181677,41.173650717],[-86.238279665,41.181421094],[-86.23019385,41.186872856],[-86.23116384,41.190573414],[-86.229802646,41.19752464],[-86.227795399,41.200255049],[-86.223583239,41.20175346],[-86.230207632,41.213170788],[-86.231815082,41.222177618],[-86.231818549,41.225560029],[-86.230274529,41.227050686],[-86.230768975,41.234608493],[-86.226660547,41.238405034],[-86.230801919,41.239369655],[-86.229785969,41.242441434],[-86.232121141,41.244702945],[-86.231392999,41.248558697],[-86.23334003,41.255739608],[-86.229752527,41.26259235],[-86.238493074,41.267043863],[-86.236649315,41.269565175],[-86.230441886,41.27180911],[-86.233780242,41.275753321],[-86.224458126,41.276620877],[-86.221980793,41.279615478],[-86.228497264,41.281763943],[-86.230230362,41.284429766],[-86.229262584,41.285477473],[-86.222071534,41.287157507],[-86.220442919,41.283946003],[-86.21662338,41.283156375],[-86.21176072,41.278313798],[-86.207089591,41.280791444],[-86.204776258,41.284637148],[-86.196671711,41.286824469],[-86.195888483,41.289330069],[-86.190585363,41.293441498],[-86.19391156,41.29685556],[-86.18932871,41.298097652],[-86.189996215,41.305018251],[-86.187064419,41.305094848],[-86.185316648,41.30160732],[-86.173478954,41.303477751],[-86.165190949,41.311167349],[-86.160238089,41.310199264],[-86.154383939,41.318114978],[-86.156044194,41.32041752],[-86.155075707,41.320952203],[-86.147172868,41.320342269],[-86.146935367,41.313094287],[-86.13408285,41.31133914],[-86.129049832,41.308560656],[-86.122996938,41.307774362],[-86.120053135,41.313239559],[-86.12098593,41.315341063],[-86.118729967,41.316375743],[-86.122079715,41.318820158],[-86.122746326,41.322170403],[-86.119037841,41.323143197],[-86.117977261,41.325963989],[-86.111467426,41.323777751],[-86.104788995,41.324020017],[-86.104550186,41.330308452],[-86.098903985,41.332724062],[-86.100994488,41.337883847],[-86.071373923,41.347468141],[-86.065952358,41.346510543],[-86.065276578,41.342580078],[-86.059014519,41.342230415],[-86.056238546,41.340128916],[-86.0466851,41.339736898],[-86.045032613,41.336979572],[-86.038420243,41.337622601],[-86.035262939,41.336174001],[-86.030142169,41.338323618],[-86.029634396,41.336342848],[-86.021368439,41.337397936],[-86.023391726,41.34097518],[-86.020775234,41.342172792],[-86.020474939,41.346843201],[-86.019201131,41.347498376],[-86.009150997,41.344723592],[-86.005057341,41.346984307],[-85.996818437,41.339725808],[-85.998481448,41.337513888],[-85.997951238,41.334042656],[-85.993057448,41.330427234],[-85.994407967,41.328217206],[-85.993077394,41.325227443],[-85.994805496,41.32349338],[-85.993494828,41.321738937],[-85.983608701,41.327397358],[-85.982404332,41.324759485],[-85.968823447,41.324307345],[-85.966342031,41.3193308],[-85.964036635,41.319837962],[-85.960611022,41.317461972],[-85.960178598,41.313201278],[-85.956239444,41.314043958],[-85.955081625,41.311704188],[-85.94869993,41.311653177],[-85.945719444,41.314479669],[-85.938968451,41.306484594],[-85.936495022,41.307690689],[-85.935048934,41.30582379],[-85.929743487,41.305649313],[-85.921272318,41.311169454],[-85.91702295,41.30944507],[-85.910344742,41.303595306],[-85.90042337,41.306562259],[-85.886188067,41.301806465],[-85.881264085,41.307061064],[-85.873260206,41.307221836],[-85.87228114,41.309979341],[-85.868961069,41.312383563],[-85.861223572,41.315923331],[-85.856387534,41.316480145],[-85.851734757,41.312821022],[-85.849065058,41.313035019],[-85.846479122,41.315182349],[-85.846671404,41.318249878],[-85.840334284,41.32212003],[-85.832738304,41.317859343],[-85.829258057,41.318573743],[-85.829784576,41.322914621],[-85.82572771,41.324747478],[-85.818072384,41.325128606],[-85.816982511,41.326773644],[-85.811233944,41.328446851],[-85.805914657,41.333320246],[-85.798139454,41.335495414],[-85.801459189,41.338260436],[-85.799866016,41.339144965],[-85.800212799,41.341760793],[-85.792940275,41.344063322],[-85.774160681,41.343618108],[-85.769781904,41.345886953],[-85.76598177,41.344241822],[-85.758652536,41.346259983],[-85.758496484,41.344487916],[-85.754012174,41.344090045],[-85.751555234,41.348475397],[-85.739009796,41.340600634],[-85.735968223,41.340666656],[-85.728963897,41.342457612],[-85.716772218,41.352468399],[-85.710526542,41.354495485],[-85.703925094,41.35207179],[-85.697425678,41.352206489],[-85.699115312,41.350289402],[-85.698292021,41.349456314],[-85.680811553,41.340499731],[-85.67770591,41.342332581],[-85.678267083,41.344927489],[-85.67477335,41.343913999],[-85.672423684,41.347824592],[-85.661233818,41.343484319],[-85.657690347,41.345682501],[-85.659790072,41.347542902],[-85.657951605,41.350501653],[-85.654241914,41.346733045],[-85.651376144,41.347335793],[-85.651344639,41.351787941],[-85.649543161,41.352643365],[-85.641414801,41.349706967],[-85.639107782,41.347368123],[-85.647405175,41.342434726],[-85.638371103,41.3390644],[-85.640759981,41.336092689],[-85.645293572,41.335517112],[-85.646329836,41.333629782],[-85.641227871,41.32768574],[-85.642378188,41.324832539],[-85.640577618,41.322259972],[-85.637167453,41.322729645],[-85.632408842,41.320853878],[-85.622329479,41.322871398],[-85.620168503,41.324701797],[-85.610771362,41.323462904],[-85.607054744,41.327919345],[-85.600191785,41.332454199],[-85.594874801,41.332987472],[-85.593614151,41.33515319],[-85.589139792,41.330786067],[-85.58135307,41.335661721],[-85.576767344,41.336334033],[-85.573501945,41.334729646],[-85.572895751,41.331986016],[-85.57049634,41.332275407],[-85.567117325,41.327596726],[-85.562704947,41.328556509],[-85.562049167,41.329988932],[-85.55515101,41.327426371],[-85.552160938,41.323137155],[-85.556717092,41.319930396],[-85.557347137,41.31815572],[-85.555339259,41.316387283],[-85.556273418,41.313273626],[-85.546504515,41.31088402],[-85.543847846,41.306517636],[-85.535420976,41.300175919],[-85.536716636,41.297040457],[-85.52873049,41.290628002],[-85.524051658,41.29199621],[-85.522422426,41.288612099],[-85.515513666,41.290452881],[-85.513229445,41.294159881],[-85.513231602,41.297472488],[-85.516719806,41.301234998],[-85.514385405,41.305542516],[-85.512543,41.306134604],[-85.48741071,41.290825626],[-85.489204051,41.288474094],[-85.488255635,41.287416369],[-85.483872885,41.288943434],[-85.482816877,41.291903434],[-85.476788581,41.296323783],[-85.465373533,41.29604473],[-85.463195247,41.286878029],[-85.467608066,41.286667577],[-85.459653761,41.281336725],[-85.454901768,41.283166174],[-85.454278311,41.274237447],[-85.460359855,41.266509086],[-85.444180299,41.265439719],[-85.442839391,41.265622522],[-85.442424203,41.269878209],[-85.438320279,41.268189974],[-85.432515863,41.269850223],[-85.431746276,41.271817201],[-85.433908222,41.274326369],[-85.433654582,41.278069895],[-85.430256805,41.27860768],[-85.428276262,41.277061478],[-85.425311602,41.279340391],[-85.424169092,41.282425615],[-85.427311221,41.282532472],[-85.431726331,41.28574045],[-85.429972755,41.289474487],[-85.432989038,41.292646471],[-85.418964786,41.29701131],[-85.420180628,41.300151133],[-85.41785767,41.300950627],[-85.41756536,41.303399659],[-85.411194004,41.303110889],[-85.409121296,41.299067611],[-85.410378603,41.29805126],[-85.406321798,41.297474086],[-85.406887918,41.293625768],[-85.404379589,41.292173303],[-85.401506456,41.29368519],[-85.396741728,41.29321211],[-85.392942212,41.296666115],[-85.398980263,41.300307378],[-85.400168852,41.303791767],[-85.398686004,41.305247517],[-85.398776345,41.308861832],[-85.393698332,41.311528132],[-85.38950622,41.311127777],[-85.387671397,41.314534563],[-85.379271941,41.313231696],[-85.368308924,41.317237705],[-85.360091253,41.313122336],[-85.360177335,41.314934068],[-85.350841836,41.317408955],[-85.353368776,41.320648631],[-85.34654649,41.325004935],[-85.331852589,41.322868578],[-85.329164248,41.318267479],[-85.324511724,41.321323017],[-85.318033877,41.32166554],[-85.317981399,41.317549326],[-85.316375657,41.315468995],[-85.325078491,41.313859065],[-85.326565402,41.307643669],[-85.33155376,41.307510166],[-85.328919712,41.303994483],[-85.326702012,41.303867852],[-85.327080662,41.301693573],[-85.325252189,41.299660046],[-85.326158561,41.298720383],[-85.320430625,41.297075559],[-85.318991461,41.294723729],[-85.323426568,41.294022798],[-85.32408805,41.291033671],[-85.320577038,41.288121718],[-85.321873707,41.286032812],[-85.32807722,41.286297382],[-85.327155047,41.284129062],[-85.316693596,41.279598221],[-85.313190948,41.274491302],[-85.306157946,41.272915336],[-85.305309126,41.268611266],[-85.297750673,41.268403397],[-85.297201343,41.267203705],[-85.302152441,41.264371576],[-85.301993461,41.261669781],[-85.299855434,41.260171327],[-85.303486539,41.257060862],[-85.302935749,41.25339178],[-85.300412031,41.251446936],[-85.2979363,41.251721492],[-85.298450099,41.253489165],[-85.295985927,41.255121527],[-85.290187668,41.253592408],[-85.289469796,41.251061671],[-85.283225342,41.250843143],[-85.281660609,41.247449946],[-85.276066914,41.250181821],[-85.273671661,41.246619558],[-85.275872304,41.242756285],[-85.274979194,41.241229402],[-85.269716447,41.240828362],[-85.265052218,41.237529871],[-85.263209072,41.240795223],[-85.251915041,41.242422858],[-85.248950966,41.244091192],[-85.248564635,41.24700633],[-85.246071931,41.24694554],[-85.244503999,41.24486416],[-85.240727522,41.244647459],[-85.238235844,41.241634609],[-85.226322907,41.238243473],[-85.225032024,41.233341741],[-85.227261151,41.231806713],[-85.226282051,41.228757154],[-85.231916747,41.22894605],[-85.232130288,41.226570502],[-85.228149963,41.225654482],[-85.226226134,41.221312421],[-85.222614191,41.220585394],[-85.218277234,41.213935047],[-85.214989325,41.21361237],[-85.215352048,41.214686085],[-85.21021584,41.216910115],[-85.202829187,41.2171669],[-85.203078818,41.214950332],[-85.197181785,41.210624747],[-85.186589078,41.21556236],[-85.180130572,41.215130693],[-85.176435687,41.207301525],[-85.167421423,41.209035069],[-85.166769678,41.206713356],[-85.164653465,41.207308719],[-85.155441586,41.203040189],[-85.155044937,41.199306179],[-85.150701179,41.195853251],[-85.151035781,41.191975046],[-85.159312085,41.188655463],[-85.167367847,41.189302289],[-85.175425324,41.186420381],[-85.184280414,41.186733774],[-85.187257971,41.179165285],[-85.187216209,41.172522393],[-85.18520913,41.169834973],[-85.179033788,41.169745144],[-85.178338113,41.168482852],[-85.182511554,41.16670007],[-85.183495978,41.162914154],[-85.187010811,41.162390075],[-85.193126018,41.154915558],[-85.204879575,41.151803639],[-85.209448568,41.14694911],[-85.209448472,41.143291442],[-85.213929491,41.14138963],[-85.218655406,41.128160663],[-85.222519328,41.126600354],[-85.218528739,41.119520126],[-85.210292509,41.115779286],[-85.210028986,41.113027453],[-85.206859299,41.112481414],[-85.208698983,41.107960257],[-85.20586809,41.102804624],[-85.210792093,41.094743484],[-85.207445575,41.088392758],[-85.208664526,41.082690837],[-85.194801508,41.083946625],[-85.191434004,41.082466788],[-85.197128379,41.076452244],[-85.203742377,41.07573114],[-85.206140224,41.071200754],[-85.202970555,41.067454209],[-85.203070186,41.06527158],[-85.212327542,41.061083579],[-85.222032404,41.052648891],[-85.225957455,41.051475438],[-85.227941383,41.046158779],[-85.223296857,41.035409321],[-85.218417339,41.032676844],[-85.218681779,41.029931058],[-85.206285747,41.026792672],[-85.196987477,41.029613203],[-85.189027727,41.029510105],[-85.189119613,41.016833004],[-85.191425954,41.016249802],[-85.194905308,41.012016352],[-85.18566886,41.004525381],[-85.185417707,41.002365635],[-85.189826669,41.001932073],[-85.191334845,40.997865954],[-85.194220709,40.997739748],[-85.194958712,40.995469361],[-85.204388532,40.994272235],[-85.203518164,40.990374585],[-85.196151477,40.988089941],[-85.197010772,40.984583787],[-85.194458455,40.982370471],[-85.198072664,40.977687326],[-85.196217196,40.975612339],[-85.202776751,40.970496183],[-85.199976055,40.967600355],[-85.184610456,40.962287095],[-85.183378102,40.959046263],[-85.186826838,40.95457382],[-85.187103986,40.950755934],[-85.190288358,40.949978132],[-85.192449421,40.945939448],[-85.194717602,40.937805129],[-85.198960747,40.936324207],[-85.193300031,40.930941107],[-85.195159719,40.926080533],[-85.194133841,40.923945532],[-85.200392226,40.91942062],[-85.200097245,40.915866995],[-85.208790674,40.91071704],[-85.203347215,40.909627056],[-85.203459056,40.908175686],[-85.201064488,40.907126027],[-85.19517787,40.906978533],[-85.192451782,40.901990662],[-85.183503567,40.90550304],[-85.180971145,40.907989786],[-85.177892909,40.90773662],[-85.177747049,40.902094264],[-85.170357272,40.901478123],[-85.167570274,40.899751742],[-85.165953698,40.896065022],[-85.159995308,40.893300617],[-85.156483966,40.888298351],[-85.15888622,40.884178887],[-85.157755531,40.883454419],[-85.147769159,40.881233787],[-85.138984329,40.882049859],[-85.131381388,40.875276231],[-85.123106929,40.872102701],[-85.106332117,40.874790233],[-85.092861738,40.870435852],[-85.08742879,40.866144401],[-85.098464876,40.861304823],[-85.095700737,40.859486961],[-85.09378158,40.850789517],[-85.091072588,40.848526483],[-85.084848182,40.846959187],[-85.083659685,40.841796388],[-85.07327755,40.840011309],[-85.072345869,40.837954803],[-85.067343719,40.836663674],[-85.065979238,40.832282852],[-85.063588685,40.831197967],[-85.067934951,40.829614877],[-85.077500968,40.816431354],[-85.076339326,40.812835069],[-85.079036389,40.811823657],[-85.075124763,40.803433384],[-85.081624885,40.799739548],[-85.080211539,40.796878985],[-85.08084798,40.793378853],[-85.076297794,40.787576409],[-85.075728965,40.779982282],[-85.07913233,40.773860118],[-85.08306225,40.771625854],[-85.085265756,40.764470084],[-85.084959187,40.758367119],[-85.075095041,40.752102996],[-85.077373889,40.748749012],[-85.083020817,40.749820897],[-85.087874544,40.74746938],[-85.088751516,40.742112139],[-85.094164627,40.739599093],[-85.0966244,40.736433239],[-85.097278132,40.730472246],[-85.0946731,40.730524726],[-85.086981024,40.725774702],[-85.085437775,40.723107374],[-85.079898967,40.723520421],[-85.077443333,40.721803263],[-85.078454127,40.720582361],[-85.074551509,40.718862373],[-85.068980445,40.718865562],[-85.067629176,40.71776816],[-85.068454398,40.715835065],[-85.066759291,40.713773661],[-85.066343746,40.70838807],[-85.063315878,40.707518516],[-85.061982409,40.70162483],[-85.057958295,40.700626815],[-85.057708287,40.699256965],[-85.051620563,40.700261534],[-85.040569747,40.69834891],[-85.039196612,40.696706797],[-85.020503957,40.690210214],[-85.01641115,40.685143148],[-85.018333561,40.678974357],[-85.010573773,40.674144608],[-85.006393672,40.674091866],[-84.998588813,40.666063618],[-84.996385339,40.666641801],[-84.993159423,40.66465343],[-84.993973399,40.662675549],[-84.990469217,40.65967271],[-84.985028454,40.658809932],[-84.977432157,40.649828148],[-84.974111187,40.651766283],[-84.971516212,40.649564767],[-84.959474093,40.651090803],[-84.956069461,40.650168627],[-84.942630138,40.656530428],[-84.932926866,40.655484019],[-84.926179849,40.661611735],[-84.924302456,40.661198602],[-84.921952595,40.659595774],[-84.921372299,40.648930478],[-84.926386834,40.644988852],[-84.920446174,40.640747339],[-84.921658693,40.6391113],[-84.920774097,40.637859159],[-84.923512086,40.636363203],[-84.918354261,40.635072348],[-84.912356934,40.629672946],[-84.908968073,40.629234288],[-84.903310683,40.620719716],[-84.9023181,40.61651463],[-84.890669996,40.616264858],[-84.891985728,40.614510719],[-84.888527856,40.613386953],[-84.886681781,40.610613013],[-84.879757722,40.612275806],[-84.878601869,40.614389454],[-84.86434165,40.610840489],[-84.84833043,40.618086328],[-84.847477187,40.616036715],[-84.839111268,40.616448095],[-84.835533197,40.609074318],[-84.827698237,40.609208387],[-84.818162059,40.605719939],[-84.819160291,40.602049327],[-84.821737098,40.601136507],[-84.821025756,40.597747543],[-84.816669528,40.598085539],[-84.812982371,40.59644724],[-84.810472438,40.598611085],[-84.80740094,40.598328303],[-84.803423902,40.595980257],[-84.798918618,40.595623826],[-84.787268191,40.599740553],[-84.784972002,40.598326054],[-84.785262136,40.593684503],[-84.778400838,40.593573155],[-84.776339465,40.59154825],[-84.775810518,40.583487708],[-84.777611683,40.578220908],[-84.77644621,40.574642608],[-84.766054556,40.575565024],[-84.762728913,40.573805544],[-84.760085895,40.574125435],[-84.75926083,40.576349838],[-84.750743624,40.575591001],[-84.742046692,40.577717199],[-84.734799653,40.581845613],[-84.734068135,40.58467886],[-84.725651714,40.59150099],[-84.70590935,40.597212026],[-84.704876155,40.601435464],[-84.696078737,40.597512303],[-84.687997831,40.601616538],[-84.684827107,40.592353781],[-84.67853618,40.592224908],[-84.675793298,40.589658602],[-84.670683747,40.589952464],[-84.667482605,40.577801296],[-84.663506809,40.57319143],[-84.664658395,40.571089447],[-84.663474338,40.565798818],[-84.659843243,40.564383009],[-84.648565488,40.568599687],[-84.64522172,40.559211452],[-84.642908414,40.55796216],[-84.6338312,40.560640035],[-84.62580835,40.559983444],[-84.621951257,40.558019208],[-84.620329569,40.553917131],[-84.616541927,40.552135991],[-84.61323533,40.553014649],[-84.607652688,40.551488492],[-84.593902018,40.560212809],[-84.58080376,40.560291527],[-84.577337449,40.557461228],[-84.574453056,40.558436183],[-84.575190358,40.560508379],[-84.570674633,40.557003237],[-84.562126301,40.555911324],[-84.556863658,40.552492809],[-84.551755003,40.553068404],[-84.547742456,40.549886197],[-84.540989422,40.550512287],[-84.534438208,40.548359394],[-84.534412236,40.546677163],[-84.529406884,40.545954416],[-84.518371366,40.549137512],[-84.504388051,40.550604126],[-84.502031666,40.555876065],[-84.500095851,40.556507973],[-84.492036297,40.554295405],[-84.490694166,40.559358329],[-84.488933444,40.559689877],[-84.479099288,40.554190633],[-84.470378311,40.558763793],[-84.463165187,40.560354592],[-84.457207249,40.557602564],[-84.455830893,40.554778424],[-84.447582854,40.55702511],[-84.438294134,40.555493236],[-84.432175729,40.55728171],[-84.431981637,40.555593297],[-84.424324029,40.553081066],[-84.426154706,40.548016899],[-84.424025695,40.545919018],[-84.41595986,40.54217871],[-84.424115574,40.515405299],[-84.430044805,40.505814423],[-84.423636557,40.499588315],[-84.423234349,40.496043708],[-84.415932412,40.494990229],[-84.41338094,40.493718571],[-84.411710728,40.489322677],[-84.409243479,40.489755598],[-84.406686755,40.482654674],[-84.409508461,40.478536992],[-84.409281295,40.472309147],[-84.414497022,40.472328232],[-84.421094827,40.46983286],[-84.424797207,40.470828607],[-84.42678412,40.467583633],[-84.425936425,40.466116645],[-84.433606929,40.458686658],[-84.431587454,40.454932567],[-84.424610691,40.453753117],[-84.420751567,40.450745633],[-84.422349168,40.447027626],[-84.427748136,40.444928936],[-84.426739518,40.443486162],[-84.429214424,40.440066905],[-84.426046292,40.433530155],[-84.428399908,40.427752706],[-84.4262977,40.425288288],[-84.427204693,40.422323675],[-84.43033516,40.421422515],[-84.429717962,40.41807861],[-84.433318351,40.4171858],[-84.429380813,40.414118601],[-84.427656413,40.410388372],[-84.428463425,40.407657011],[-84.431744717,40.407393665],[-84.427767601,40.400077565],[-84.420092091,40.400515234],[-84.417925596,40.397763305],[-84.415347879,40.398772901],[-84.410257052,40.394753573],[-84.406519333,40.401856525],[-84.399841425,40.404739405],[-84.393413685,40.405246225],[-84.388666835,40.40259409],[-84.3872112,40.403979643],[-84.384601155,40.402470907],[-84.374797888,40.402717956],[-84.374071885,40.400792724],[-84.369254772,40.399809135],[-84.365308731,40.402279726],[-84.365312261,40.404194121],[-84.360511742,40.403741908],[-84.355364949,40.406566035],[-84.34885493,40.406217695],[-84.349007902,40.409066134],[-84.344412679,40.409806525],[-84.341560982,40.412252402],[-84.331237257,40.412579774],[-84.326935888,40.415730041],[-84.318331195,40.41698421],[-84.310516606,40.424656803],[-84.303747595,40.421302286],[-84.29693705,40.422665895],[-84.292714618,40.420028083],[-84.290760737,40.421883988],[-84.283841182,40.422986954],[-84.281891037,40.426502305],[-84.285189961,40.429105171],[-84.282775076,40.430689366],[-84.286756732,40.433937585],[-84.288547473,40.439200859],[-84.288012784,40.442714104],[-84.285490618,40.443533661],[-84.282681336,40.447436186],[-84.281879391,40.445370295],[-84.277870004,40.444821141],[-84.27324171,40.446675683],[-84.270033542,40.444251738],[-84.264982723,40.447947276],[-84.264775464,40.446737807],[-84.258717787,40.447790321],[-84.255062214,40.44618867],[-84.253366528,40.443300189],[-84.256011855,40.440398073],[-84.25709044,40.432638741],[-84.252681805,40.43477863],[-84.246514278,40.429223138],[-84.245675871,40.431183665],[-84.243254957,40.431271794],[-84.240748631,40.436571213],[-84.238489811,40.43754412],[-84.236838185,40.436208086],[-84.227919424,40.441527003],[-84.221128168,40.44166682],[-84.221453119,40.445175107],[-84.219558465,40.449128368],[-84.212506853,40.450898601],[-84.210516276,40.45608473],[-84.211970993,40.4595365],[-84.208395021,40.463982841],[-84.20377504,40.464532856],[-84.201399863,40.469356144],[-84.200032933,40.468638773],[-84.195163299,40.472189857],[-84.189242247,40.47255106],[-84.181042815,40.480449508],[-84.174013906,40.484164305],[-84.167009388,40.48358363],[-84.16635981,40.484580115],[-84.169889528,40.486787224],[-84.164260388,40.488050948],[-84.161429114,40.491156747],[-84.151122755,40.487439312],[-84.140636309,40.487460705],[-84.137195672,40.485784053],[-84.13708643,40.487613648],[-84.134288474,40.489588628],[-84.128709874,40.491047512],[-84.128268378,40.489386378],[-84.120606409,40.484739768],[-84.109322629,40.479994396],[-84.106942813,40.474962709],[-84.099027536,40.468542425],[-84.09782911,40.471398427],[-84.0953774,40.472361407],[-84.095912181,40.474516569],[-84.09392909,40.475348784],[-84.093788298,40.480407271],[-84.088937664,40.482750389],[-84.089811782,40.488524884],[-84.086228498,40.492304771],[-84.08021995,40.493636626],[-84.078315257,40.497626819],[-84.065298652,40.497467033],[-84.062477043,40.499132623],[-84.062341857,40.500837573],[-84.05665067,40.504483585],[-84.055199528,40.508074757],[-84.052687112,40.50963664],[-84.053611141,40.510944298],[-84.051765526,40.512119107],[-84.051506805,40.516507707],[-84.048082605,40.516853714],[-84.047057548,40.519114412],[-84.048337196,40.521782424],[-84.05939913,40.525311018],[-84.057320989,40.527296982],[-84.061917813,40.536172691],[-84.06629091,40.536025717],[-84.068745102,40.538389151],[-84.066922098,40.539744598],[-84.072649609,40.542331238],[-84.073823447,40.544917188],[-84.072727978,40.548551783],[-84.070233577,40.551755622],[-84.064842741,40.553379842],[-84.062760775,40.557973474],[-84.054473508,40.557998619],[-84.055219552,40.562118711],[-84.05047572,40.563302806],[-84.047447967,40.570976713],[-84.042720264,40.57434507],[-84.041244393,40.577369911],[-84.028599013,40.581019396],[-84.025220783,40.579791795],[-84.02608792,40.582038136],[-84.023980413,40.586179852],[-84.025580344,40.588187822],[-84.022884709,40.593608867],[-84.010072198,40.598104782],[-84.008869954,40.599668445],[-84.01102622,40.601931987],[-84.009601931,40.602894519],[-84.006297349,40.599963897],[-84.007540402,40.594851081],[-84.002156447,40.596553934],[-84.000431241,40.600654837],[-83.991406867,40.601556476],[-83.988286488,40.60964509],[-83.982110056,40.611179012],[-83.980558671,40.610630474],[-83.979875758,40.607520568],[-83.975361458,40.606097997],[-83.972132514,40.609956265],[-83.962791925,40.613634559],[-83.961501217,40.619619259],[-83.958582431,40.622821365],[-83.96066252,40.626836833],[-83.957260162,40.632432413],[-83.957931552,40.634231494],[-83.953930224,40.635977096],[-83.951322455,40.640920692],[-83.944468072,40.63956487],[-83.940749616,40.636570695],[-83.941508555,40.633124547],[-83.93811558,40.630504155],[-83.930228692,40.627710281],[-83.924513218,40.629032623],[-83.923622261,40.630919803],[-83.919027275,40.630411507],[-83.915598505,40.625250248],[-83.909708085,40.623819052],[-83.908250731,40.621286109],[-83.901857335,40.622833582],[-83.904252402,40.627328763],[-83.902919976,40.631894927],[-83.905425645,40.63398096],[-83.90123297,40.634925073],[-83.901005272,40.639833433],[-83.899241755,40.641463903],[-83.903483022,40.642644638],[-83.90230712,40.649062312],[-83.906016675,40.652137044],[-83.903330366,40.655241392],[-83.905709738,40.65823613],[-83.902454707,40.65856668],[-83.901460046,40.661977618],[-83.897441691,40.662864652],[-83.898277899,40.665110374],[-83.889308432,40.666287329],[-83.889010297,40.674894813],[-83.884763526,40.677406274],[-83.879999459,40.68311594],[-83.886024908,40.684559003],[-83.887275041,40.686329766],[-83.89265441,40.686015358],[-83.889785011,40.690424924],[-83.886517394,40.690490296],[-83.889515586,40.698831722],[-83.886049072,40.701372841],[-83.886040603,40.703364699],[-83.886914242,40.707318829],[-83.891997637,40.707655254],[-83.897510498,40.711529506],[-83.898404447,40.715665838],[-83.896901946,40.719302606],[-83.892095957,40.7191038],[-83.891474102,40.72148311],[-83.881019216,40.720208695],[-83.87280151,40.722007987],[-83.869170537,40.720483232],[-83.864443445,40.722584363],[-83.856823038,40.722855534],[-83.846473352,40.720443721],[-83.835196754,40.721208997],[-83.825811591,40.714903618],[-83.817815338,40.71521318],[-83.816287271,40.712802884],[-83.811463644,40.711087457],[-83.786920545,40.707437456],[-83.774049822,40.709839776],[-83.769898966,40.708838732],[-83.761371311,40.711891283],[-83.756904776,40.708771239],[-83.752619233,40.71121931],[-83.7462787,40.708774937],[-83.743841918,40.710530554],[-83.738382799,40.711040075],[-83.735307487,40.709287614],[-83.733113334,40.712520547],[-83.728334544,40.712765467],[-83.726361574,40.710578575],[-83.721640301,40.711548414],[-83.711896642,40.707963167],[-83.705976202,40.701374916],[-83.701757545,40.701969784],[-83.699018829,40.700088721],[-83.69811019,40.696249178],[-83.694732505,40.69539995],[-83.69472088,40.692338886],[-83.689138324,40.688085962],[-83.690870718,40.684095436],[-83.685908388,40.682860359],[-83.684636007,40.678945108],[-83.675664877,40.679115472],[-83.674263246,40.675977768],[-83.669874733,40.677358905],[-83.666327831,40.676532384],[-83.666717615,40.674119286],[-83.664891479,40.672820294],[-83.662477587,40.674325483],[-83.658858929,40.672230774],[-83.657849865,40.670855362],[-83.659358329,40.668334262],[-83.653042581,40.662682444],[-83.647262754,40.662733235],[-83.64479305,40.659779688],[-83.640273694,40.658797002],[-83.639332784,40.656808672],[-83.635704913,40.657178289],[-83.636021603,40.659350325],[-83.633813051,40.657631364],[-83.623468818,40.657233782],[-83.619266585,40.655117482],[-83.611275261,40.656175826],[-83.607737803,40.651988537],[-83.600959783,40.65251002],[-83.598507664,40.651028123],[-83.594515795,40.654405222],[-83.585606238,40.657720777],[-83.581739177,40.656606954],[-83.581627769,40.654607837],[-83.577527324,40.650794692],[-83.575792352,40.644509579],[-83.567924668,40.643292588],[-83.566441543,40.640568381],[-83.564732374,40.641937535],[-83.55086777,40.641884385],[-83.54715816,40.644511268],[-83.536436962,40.637779338],[-83.536569695,40.632929463],[-83.529497625,40.630069345],[-83.524466777,40.63200352],[-83.517562489,40.630239959],[-83.508265025,40.633461048],[-83.501316663,40.641728953],[-83.499010603,40.641570171],[-83.496304564,40.640293096],[-83.492864392,40.634478845],[-83.481864737,40.62788823],[-83.479807125,40.630118887],[-83.473674485,40.631563999],[-83.460738337,40.632619922],[-83.449659456,40.628636915],[-83.437912927,40.627737989],[-83.432216206,40.625279169],[-83.426851457,40.625014788],[-83.423419694,40.622977576],[-83.422998005,40.620307356],[-83.419076025,40.618936745],[-83.416063626,40.619789914],[-83.411891033,40.617848366],[-83.406863927,40.612173502],[-83.403974782,40.611653838],[-83.404055433,40.610203174],[-83.400224029,40.610164563],[-83.388385816,40.604466806],[-83.379054274,40.603999796],[-83.373711149,40.601331665],[-83.360711389,40.603434613],[-83.360576007,40.601115677],[-83.354720804,40.601286558],[-83.349513861,40.596458565],[-83.342928508,40.596443715],[-83.336609869,40.594229046],[-83.334336608,40.591705829],[-83.330041817,40.592307756],[-83.322810373,40.59050518],[-83.317924339,40.596451009],[-83.306717049,40.596767373],[-83.30088165,40.603862859],[-83.287412351,40.603537046],[-83.284256287,40.604977593],[-83.274099227,40.600414225],[-83.264081979,40.601469881],[-83.261583864,40.603025974],[-83.257109348,40.601798952],[-83.255226005,40.604275373],[-83.24791147,40.605842637],[-83.234074846,40.60110951],[-83.223606825,40.600736501],[-83.220121448,40.602884412],[-83.216921964,40.608769167],[-83.21785863,40.612291214],[-83.215715252,40.619442344],[-83.21076391,40.620912571],[-83.201045101,40.631637842],[-83.19278606,40.633973368],[-83.190089445,40.632280477],[-83.187889989,40.636764073],[-83.185645554,40.635875117],[-83.179631116,40.642950687],[-83.176605749,40.641375079],[-83.175644566,40.646847124],[-83.172012788,40.650449072],[-83.174423191,40.656334686],[-83.170553573,40.660591437],[-83.170158426,40.663981878],[-83.166475029,40.667037954],[-83.16725326,40.669123326],[-83.165412227,40.672892601],[-83.163141421,40.67375979],[-83.163862008,40.682316358],[-83.15438706,40.687745037],[-83.155364648,40.693888745],[-83.150601566,40.694813687],[-83.150199795,40.699848772],[-83.143007093,40.702225209],[-83.135417805,40.708281119],[-83.134935523,40.714310255],[-83.128852043,40.714832851],[-83.125903152,40.717040228],[-83.129298656,40.719588151],[-83.135147455,40.719829355],[-83.129387714,40.728817238],[-83.122664176,40.727870988],[-83.120532172,40.729806804],[-83.121186794,40.725410808],[-83.119873332,40.721928201],[-83.114756939,40.720952127],[-83.116543161,40.718868156],[-83.109439618,40.716914999],[-83.107802396,40.714870212],[-83.10437505,40.716879402],[-83.099087687,40.716548378],[-83.097109305,40.718243947],[-83.091630373,40.718960721],[-83.090389706,40.716725979],[-83.080644163,40.716300505],[-83.0783563,40.718589359],[-83.073520259,40.715775185],[-83.070079144,40.716757734],[-83.069149091,40.71738063],[-83.070462656,40.719661132],[-83.063289719,40.723225824],[-83.060147779,40.722988373],[-83.059335732,40.725324712],[-83.060850649,40.728031526],[-83.058347162,40.731830482],[-83.059624131,40.733632123],[-83.057072957,40.734144824],[-83.053364113,40.73819936],[-83.053506739,40.740256546],[-83.048048152,40.743652142],[-83.049274099,40.747518724],[-83.045618439,40.749120969],[-83.045660261,40.752203953],[-83.033370703,40.760496127],[-83.034308952,40.762418565],[-83.029031208,40.761538809],[-83.027399924,40.765572846],[-83.024500796,40.767417097],[-83.022754681,40.774164356],[-83.013497234,40.77607873],[-83.010236842,40.786992479],[-83.007428272,40.788521547],[-83.004574946,40.786792721],[-82.993439885,40.789203572],[-82.99329522,40.792304671],[-82.986984318,40.792509527],[-82.983756164,40.795925838],[-82.980391501,40.795452509],[-82.974498862,40.800940181],[-82.968768142,40.797936837],[-82.958202689,40.801423014],[-82.950916605,40.798653357],[-82.95054986,40.796722531],[-82.94461548,40.791876859],[-82.940000793,40.793500056],[-82.93584036,40.791507677],[-82.9331406,40.794361712],[-82.927507098,40.792461796],[-82.928727496,40.795611363],[-82.922470803,40.798096231],[-82.919496449,40.795578456],[-82.916991642,40.79662909],[-82.914672569,40.794238174],[-82.910806555,40.793572647],[-82.905632313,40.786731996],[-82.905367116,40.783803645],[-82.900044625,40.783829785],[-82.893299708,40.78104177],[-82.884069166,40.78618582],[-82.881782422,40.785057854],[-82.876010356,40.785903662],[-82.872000515,40.784114776],[-82.867604027,40.786364533],[-82.864257994,40.785399746],[-82.850604763,40.786918695],[-82.84634968,40.782943954],[-82.841891241,40.790221716],[-82.811224353,40.784995812],[-82.80676753,40.788462976],[-82.804720546,40.786798564],[-82.807007706,40.785182106],[-82.806901363,40.783058958],[-82.800829186,40.782524033],[-82.798407438,40.779751101],[-82.800358689,40.775168796],[-82.796310262,40.766797245],[-82.798062858,40.762490108],[-82.796190091,40.76094196],[-82.797648495,40.759688155],[-82.797174173,40.755635327],[-82.791713574,40.751527018],[-82.781418428,40.753605759],[-82.77699859,40.751716678],[-82.764158653,40.752033563],[-82.757838999,40.748748546],[-82.75782176,40.747062522],[-82.752841534,40.750559476],[-82.744941585,40.74840865],[-82.731983564,40.753262903],[-82.722827907,40.750815992],[-82.722972034,40.748126114],[-82.721360095,40.747379679],[-82.71801087,40.749497894],[-82.712106316,40.749963992],[-82.707398643,40.747570711],[-82.707010142,40.749543839],[-82.697599836,40.75221849],[-82.697304773,40.755704093],[-82.693410621,40.758966918],[-82.681858761,40.762897528],[-82.676228149,40.766740856],[-82.669273267,40.773849109],[-82.663487116,40.774870992],[-82.662050705,40.776755711],[-82.650989794,40.780575263],[-82.652303503,40.786621548],[-82.657524253,40.791123333],[-82.658860416,40.797324068],[-82.664877084,40.8064801],[-82.664024381,40.81619716],[-82.673066432,40.826410567],[-82.676491029,40.827634997],[-82.680358961,40.825539136],[-82.689358994,40.825349098],[-82.69329177,40.827660076],[-82.696772759,40.824747374],[-82.699851784,40.825599778],[-82.704079886,40.828191909],[-82.699978192,40.834576458],[-82.69967586,40.840230013],[-82.7021283,40.841947382],[-82.70557309,40.843731002],[-82.713495667,40.841323859],[-82.726302502,40.841831118],[-82.728394418,40.843497377],[-82.728296437,40.846107759],[-82.734279406,40.849673296],[-82.730744838,40.854091481],[-82.736320833,40.856815277],[-82.737506159,40.86232569],[-82.742887096,40.861680999],[-82.74950305,40.869253511],[-82.75270241,40.865787698],[-82.757480107,40.867479993],[-82.758470443,40.869712917],[-82.761827757,40.869774825],[-82.762677189,40.867317115],[-82.774000432,40.873836843],[-82.772597345,40.876289547],[-82.766834563,40.877622643],[-82.763106233,40.880544226],[-82.760878998,40.884321323],[-82.755331002,40.88592269],[-82.752007968,40.891066506],[-82.743092879,40.89499574],[-82.740859979,40.897906622],[-82.741779759,40.89956593],[-82.739607107,40.900394998],[-82.739403534,40.904004656],[-82.736101525,40.904572663],[-82.73626178,40.913154506],[-82.732581388,40.917007418],[-82.732650141,40.921440399],[-82.726633457,40.925929674],[-82.724892607,40.925439573],[-82.724116814,40.927510892],[-82.712969759,40.929598298],[-82.710880166,40.932577918],[-82.70566829,40.932971209],[-82.704247172,40.934824641],[-82.706359741,40.937069292],[-82.704736016,40.939094865],[-82.70575814,40.941366608],[-82.701349218,40.945502912],[-82.683758542,40.948848384],[-82.674520611,40.953222146],[-82.670641681,40.950487598],[-82.663444814,40.949498215],[-82.662817569,40.947078402],[-82.660452887,40.948622838],[-82.652440048,40.948439919],[-82.648436884,40.950386378],[-82.647581152,40.952656265],[-82.649113768,40.954634764],[-82.643091038,40.957734769],[-82.64177726,40.960310417],[-82.636205451,40.958835672],[-82.635821542,40.957542654],[-82.633813967,40.958470139],[-82.631425461,40.955551245],[-82.630033137,40.958030786],[-82.623249088,40.955581832],[-82.617403177,40.962516228],[-82.618158943,40.965147684],[-82.61597917,40.968976174],[-82.612524635,40.969963966],[-82.610985336,40.967964141],[-82.600351679,40.968202878],[-82.597333601,40.971826188],[-82.594571896,40.971705098],[-82.588724663,40.976763359],[-82.583051622,40.973852772],[-82.57954568,40.975403002],[-82.5706658,40.972208987],[-82.566010241,40.973896982],[-82.562222079,40.968115532],[-82.55346532,40.963705938],[-82.551068051,40.966279059],[-82.548654286,40.964575475],[-82.546750775,40.96548425],[-82.54455445,40.96841374],[-82.539794476,40.967783078],[-82.533491276,40.969319077],[-82.530200632,40.966034453],[-82.529361201,40.969427353],[-82.527153597,40.968189245],[-82.515554629,40.970585829],[-82.514092635,40.973242179],[-82.511118818,40.972509951],[-82.509277759,40.975692537],[-82.505920214,40.977241935],[-82.505738503,40.98057067],[-82.504118914,40.981664586],[-82.497624482,40.981553748],[-82.497713045,40.979909734],[-82.499862567,40.979084888],[-82.495616545,40.976186848],[-82.492545505,40.976093988],[-82.490022144,40.972380418],[-82.492172819,40.96755964],[-82.489345073,40.964931029],[-82.486130882,40.964655648],[-82.485265334,40.966637491],[-82.479218524,40.966624094],[-82.475454651,40.962715286],[-82.477003002,40.961225086],[-82.473711788,40.958606806],[-82.476511863,40.956933199],[-82.476268807,40.955674526],[-82.472976391,40.95188363],[-82.465050297,40.951577661],[-82.459255631,40.949065468],[-82.451468188,40.950588737],[-82.443801968,40.947284428],[-82.438276228,40.949253169],[-82.427759053,40.94841449],[-82.426205626,40.947176877],[-82.428544427,40.940900053],[-82.427015546,40.934242319],[-82.423014121,40.939716921],[-82.419050586,40.941817507],[-82.418462601,40.946319799],[-82.415551119,40.948211809],[-82.40788352,40.944995919],[-82.400864107,40.94426936],[-82.398839011,40.944433436],[-82.398501652,40.947441223],[-82.390518279,40.948457682],[-82.389735931,40.945537765],[-82.383968209,40.947868436],[-82.37937538,40.94598699],[-82.380050472,40.944667105],[-82.377369309,40.943253505],[-82.372595386,40.945414675],[-82.3690338,40.945062844],[-82.362429817,40.93646967],[-82.355244166,40.93506908],[-82.351044962,40.930550535],[-82.345472588,40.92991336],[-82.34133706,40.927073038],[-82.339016615,40.930542474],[-82.339878399,40.933406984],[-82.342977484,40.934999823],[-82.332452831,40.941320418],[-82.331996451,40.945758864],[-82.329825911,40.947049247],[-82.335448831,40.956722921],[-82.333681486,40.962537322],[-82.329774462,40.965360761],[-82.331384851,40.967409521],[-82.328631861,40.97115384],[-82.331306934,40.977550579],[-82.329799758,40.979904619],[-82.330660167,40.981477965],[-82.327665776,40.985278792],[-82.331425467,40.989192331],[-82.327266996,40.98941805],[-82.326375309,40.992049007],[-82.323017623,40.993277916],[-82.318974975,40.99016365],[-82.316282746,40.992653964],[-82.316306031,40.995962225],[-82.309957884,40.997855382],[-82.298266387,40.99709009],[-82.297551271,40.994292743],[-82.291700908,40.994910618],[-82.287013543,40.999009789],[-82.281165935,40.999188645],[-82.278793215,41.000541195],[-82.275893109,41.007824547],[-82.275912666,41.010444171],[-82.278417223,41.011007425],[-82.27718239,41.019603974],[-82.265410612,41.017980169],[-82.260824577,41.01984446],[-82.253494843,41.016223256],[-82.249980835,41.018338892],[-82.24061794,41.018886408],[-82.239263206,41.015174978],[-82.225259557,41.015311178],[-82.224190356,41.013146192],[-82.22262155,41.014849735],[-82.220394627,41.014521802],[-82.218863156,41.012210211],[-82.225920786,41.00190746],[-82.226009373,40.996991617],[-82.216466429,40.994704095],[-82.207022137,41.001380855],[-82.203736045,41.007842874],[-82.20477527,41.009752045],[-82.20307216,41.010199019],[-82.204812493,41.013859959],[-82.204114579,41.015998762],[-82.191196854,41.015458354],[-82.186888128,41.013038054],[-82.172432033,41.011413979],[-82.164651525,41.008331288],[-82.151017081,41.008320776],[-82.149678458,41.01005723],[-82.141643649,41.005805955],[-82.141408656,41.001178843],[-82.137400624,41.002702318],[-82.137363016,41.003944287],[-82.133438809,41.003947257],[-82.132789373,41.000330375],[-82.130635994,41.00055361],[-82.129807949,40.998404413],[-82.125049434,40.996507891],[-82.120214961,40.995457556],[-82.11683118,40.99719692],[-82.114223665,40.995450112],[-82.110494782,40.996003723],[-82.109214912,40.994147498],[-82.094724219,40.991899841],[-82.091552741,40.993395315],[-82.091885748,40.99722329],[-82.089111128,41.002063964],[-82.06135721,41.008609086],[-82.056707973,41.006422505],[-82.047995912,41.007525828],[-82.046156396,41.009111062],[-82.044740589,41.007273942],[-82.025502485,41.009413689],[-82.026331344,41.002457938],[-82.023709711,41.000633431],[-82.019123477,41.000778783],[-82.006516745,41.010519478],[-82.004935926,41.01691933],[-81.998233397,41.017915692],[-81.994971868,41.02065721],[-81.987456823,41.022591638],[-81.981964237,41.026361003],[-81.977627904,41.032561683],[-81.981210013,41.036479521],[-81.984247316,41.047617634],[-81.977152252,41.054991473],[-81.979955438,41.057677156],[-81.982938057,41.056858076],[-81.984843721,41.062690576],[-81.989971928,41.069140726],[-81.986520335,41.073305745],[-81.985963804,41.077192012],[-81.982497978,41.079915343],[-81.980979231,41.083763993],[-81.982353992,41.087259729],[-81.975438465,41.088176086],[-81.964778126,41.094540733],[-81.969011567,41.09831404],[-81.973510778,41.108972385],[-81.978500777,41.112025831],[-81.979021443,41.11642503],[-81.982992383,41.119030114],[-81.991489388,41.129729458],[-81.990415959,41.131786446],[-81.986368691,41.132949814],[-81.974570458,41.131584203],[-81.973116394,41.129649872],[-81.962902035,41.127693207],[-81.960408469,41.125695472],[-81.947036428,41.121966597],[-81.943967725,41.122730187],[-81.937247492,41.121173392],[-81.933038166,41.122702316],[-81.927937428,41.120574366],[-81.920859982,41.124303229],[-81.918260809,41.127970414],[-81.919230251,41.128838962],[-81.916072478,41.131800686],[-81.91468547,41.137293632],[-81.909866672,41.140177691],[-81.90835917,41.136887166],[-81.901928415,41.135683505],[-81.897766186,41.1315177],[-81.893990804,41.132181503],[-81.894060221,41.130010157],[-81.887888694,41.127450252],[-81.891588875,41.121258134],[-81.889346128,41.120597932],[-81.884238767,41.111860275],[-81.86280899,41.113689812],[-81.855073102,41.10481619],[-81.860715604,41.100555096],[-81.864276764,41.100695117],[-81.861576679,41.093102029],[-81.858154056,41.089607602],[-81.858460897,41.087166396],[-81.855836234,41.084639339],[-81.847560225,41.083982052],[-81.84444776,41.085329895],[-81.842132332,41.084134585],[-81.842158257,41.081848256],[-81.840209774,41.080681195],[-81.84317733,41.079755443],[-81.842983071,41.077305882],[-81.834045188,41.076353521],[-81.835738716,41.072947596],[-81.83225151,41.072546065],[-81.825423347,41.075822173],[-81.818536832,41.074216518],[-81.815343335,41.07610495],[-81.800041554,41.078473289],[-81.799798393,41.081067756],[-81.794823191,41.082214177],[-81.78115812,41.077415093],[-81.778629667,41.077824609],[-81.776797224,41.081424094],[-81.77212893,41.079986523],[-81.767538759,41.082934352],[-81.765837481,41.08934821],[-81.768689361,41.091484883],[-81.7666222,41.097261789],[-81.773218617,41.107970251],[-81.773086532,41.113127244],[-81.780396945,41.116995948],[-81.778159499,41.121817272],[-81.78325535,41.121439351],[-81.783822381,41.123247329],[-81.782674124,41.133297078],[-81.784420177,41.137868689],[-81.782878499,41.143075187],[-81.775507078,41.143606637],[-81.768213486,41.1471209],[-81.762492795,41.140370974],[-81.753319708,41.142317365],[-81.751687136,41.144679782],[-81.748318569,41.144615647],[-81.748361877,41.143393632],[-81.74316636,41.141016389],[-81.738162864,41.140664395],[-81.732724477,41.137552216],[-81.73132161,41.131924624],[-81.726318588,41.134553152],[-81.723264422,41.132917793],[-81.722494516,41.134729174],[-81.717226414,41.135301373],[-81.715774608,41.134449721],[-81.716836296,41.130339113],[-81.715623039,41.127211849],[-81.717678678,41.125921171],[-81.716577411,41.12410333],[-81.720814233,41.122735482],[-81.722516961,41.119220072],[-81.719031502,41.116659455],[-81.713259216,41.118177029],[-81.710867533,41.115808231],[-81.706207865,41.11548083],[-81.69963275,41.111762358],[-81.69739995,41.115151044],[-81.684318794,41.110967348],[-81.68593917,41.116540987],[-81.684814177,41.117689616],[-81.687481639,41.117879675],[-81.688485538,41.119989632],[-81.685217435,41.123538702],[-81.675947996,41.12558931],[-81.673880508,41.128731812],[-81.671921323,41.128917993],[-81.665013618,41.118567578],[-81.654541036,41.122980157],[-81.655368621,41.130041185],[-81.651747946,41.131684308],[-81.648689242,41.140278013],[-81.645130623,41.142337798],[-81.637966166,41.142930377],[-81.619988791,41.128649033],[-81.614244432,41.125415972],[-81.608525649,41.124558249],[-81.6065408,41.117306765],[-81.602252843,41.112391885],[-81.593092312,41.11406777],[-81.58959203,41.111752325],[-81.588575655,41.115246244],[-81.582229624,41.117473312],[-81.582105154,41.120724579],[-81.578831237,41.123552985],[-81.568339866,41.119648227],[-81.566475327,41.116646888],[-81.560713818,41.117854212],[-81.552320544,41.116138485],[-81.551143895,41.118231168],[-81.54685456,41.109595043],[-81.547906613,41.104044748],[-81.544160338,41.101274127],[-81.543548401,41.099023027],[-81.548235939,41.094942157],[-81.543518931,41.090656692],[-81.546288762,41.080674251],[-81.5545057,41.078829949],[-81.561368539,41.073857653],[-81.553353408,41.06927913],[-81.553510337,41.067811489],[-81.544335897,41.065139372],[-81.541704387,41.065598181],[-81.541428892,41.068455275],[-81.540508825,41.066749254],[-81.536170827,41.067497023],[-81.530396333,41.07397212],[-81.527398934,41.071939697],[-81.527182527,41.065538414],[-81.532702748,41.062559451],[-81.532224291,41.06079579],[-81.535541064,41.060254516],[-81.534322365,41.057279699],[-81.529792231,41.057444041],[-81.526898441,41.055160794],[-81.523280452,41.060115714],[-81.518268272,41.061223093],[-81.5129841,41.057858182],[-81.510285451,41.057911566],[-81.509354594,41.055600429],[-81.501459004,41.054625706],[-81.502052551,41.051750965],[-81.491627436,41.04404028],[-81.480456572,41.043468087],[-81.481981027,41.037620779],[-81.488554198,41.029353547],[-81.479451075,41.025556425],[-81.468509253,41.02555342],[-81.466111306,41.023924767],[-81.469003846,41.019781821],[-81.468711442,41.01663287],[-81.463192736,41.012599901],[-81.461604869,41.012292538],[-81.4568633,41.022276875],[-81.453253363,41.023537299],[-81.447711955,41.022455516],[-81.44191843,41.018146356],[-81.44062206,41.01875016],[-81.441252329,41.020016136],[-81.438338534,41.020262298],[-81.438576218,41.014809406],[-81.436917171,41.012226257],[-81.426920848,41.009672288],[-81.425163729,41.01081167],[-81.423181052,41.008023684],[-81.420410931,41.009784431],[-81.417579055,41.009445408],[-81.411675862,41.006635287],[-81.409357528,41.007410059],[-81.409063096,41.009498396],[-81.40344861,41.007653097],[-81.399891388,41.013321607],[-81.395678728,41.014154013],[-81.394724984,41.018960086],[-81.392025484,41.018789364],[-81.387893402,41.016580742],[-81.389033714,41.013299034],[-81.383722543,41.011990918],[-81.379746707,41.006917209],[-81.375227805,41.004236566],[-81.374488753,41.002789158],[-81.37660549,40.997617717],[-81.37494766,40.996283339],[-81.373141368,40.996781977],[-81.368515755,40.992761644],[-81.365555041,40.994641139],[-81.359908402,40.992386443],[-81.355149078,40.997575917],[-81.353876815,40.995293465],[-81.352135232,40.995726231],[-81.350339655,40.991264909],[-81.346346937,40.988632319],[-81.349700216,40.986180197],[-81.348325556,40.982686895],[-81.352381713,40.977228902],[-81.34844263,40.975651049],[-81.344395289,40.970614176],[-81.342839515,40.971057686],[-81.344673225,40.96857266],[-81.344558107,40.963824077],[-81.34025493,40.962661215],[-81.330083914,40.963587166],[-81.325906141,40.965553246],[-81.322150451,40.960136239],[-81.31150677,40.958415133],[-81.312971534,40.963261441],[-81.30888642,40.967010818],[-81.303617184,40.967751094],[-81.300707622,40.971215366],[-81.295729895,40.971918283],[-81.289990907,40.969849514],[-81.287103403,40.973177379],[-81.280564581,40.972010767],[-81.277161981,40.975719157],[-81.277162655,40.979907425],[-81.263917957,40.977918893],[-81.259471133,40.982128134],[-81.257698406,40.980742543],[-81.249947958,40.980471223],[-81.239080165,40.987652182],[-81.235692192,40.993873193],[-81.226526351,40.998378225],[-81.222867179,41.001987961],[-81.224924046,41.006969836],[-81.2222984,41.0094895],[-81.222593266,41.017278416],[-81.219970941,41.021861081],[-81.216375639,41.024092679],[-81.216387455,41.025495613],[-81.219181038,41.024830388],[-81.222187123,41.027344717],[-81.221023777,41.032156118],[-81.211467605,41.032813156],[-81.207771635,41.030293122],[-81.203387659,41.037100018],[-81.205158904,41.041141091],[-81.201705893,41.042973822],[-81.204554825,41.046491489],[-81.209036988,41.046904105],[-81.209925069,41.04845503],[-81.212384646,41.074259461],[-81.21598525,41.076703408],[-81.218505875,41.076330245],[-81.219412891,41.080429066],[-81.216055045,41.087153264],[-81.217439984,41.090037667],[-81.212726107,41.091657092],[-81.21087338,41.096408501],[-81.204749906,41.097661812],[-81.201218976,41.094802999],[-81.196713744,41.098465657],[-81.2016389,41.103164643],[-81.200960887,41.106702472],[-81.202283222,41.110139204],[-81.212321381,41.110866407],[-81.218194268,41.107212319],[-81.233754386,41.112545376],[-81.228863612,41.115067708],[-81.228706159,41.118276391],[-81.233898154,41.123441398],[-81.232469915,41.125963794],[-81.235344399,41.125689597],[-81.24004111,41.129829301],[-81.240706065,41.135331031],[-81.237384762,41.139011354],[-81.237448801,41.146148873],[-81.239808976,41.148213154],[-81.233350369,41.151648895],[-81.235069947,41.153102551],[-81.23164793,41.161772939],[-81.227241891,41.161343265],[-81.222714493,41.163611576],[-81.22036615,41.170451275],[-81.222073526,41.173572397],[-81.227447906,41.172751432],[-81.23175202,41.175521201],[-81.23661646,41.175537825],[-81.240348366,41.17216245],[-81.245252184,41.174373257],[-81.246023727,41.17963003],[-81.244612922,41.183569187],[-81.246353536,41.185970109],[-81.243241227,41.189541809],[-81.244837323,41.191478837],[-81.24274167,41.193470504],[-81.241589153,41.198414511],[-81.242556408,41.201023213],[-81.241035767,41.203220602],[-81.24958663,41.208121579],[-81.254068695,41.208759224],[-81.253554378,41.210484657],[-81.246155596,41.212444718],[-81.244068891,41.214648393],[-81.237275448,41.214287117],[-81.215721401,41.218034639],[-81.213689096,41.221960784],[-81.215110101,41.222862785],[-81.213956794,41.226312876],[-81.216344201,41.230136373],[-81.216296789,41.234576785],[-81.212367706,41.239269552],[-81.21105462,41.243082546],[-81.211926443,41.246870439],[-81.203389183,41.253125157],[-81.198532672,41.253368421],[-81.191748753,41.256329231],[-81.18964331,41.25890326],[-81.186472939,41.258849061],[-81.178325508,41.2631358],[-81.173883637,41.268585121],[-81.185354635,41.26900138],[-81.18693481,41.27332161],[-81.183024359,41.275425411],[-81.182184427,41.281792422],[-81.189188872,41.288567129],[-81.179530151,41.291144795],[-81.181302569,41.29353354],[-81.179606881,41.299207396],[-81.180817388,41.301405523],[-81.178718415,41.305167302],[-81.169776507,41.308984385],[-81.153293014,41.31133784],[-81.152529546,41.315042517],[-81.160057273,41.32126654],[-81.159959269,41.325390244],[-81.156584542,41.328693475],[-81.161189637,41.333997183],[-81.15655762,41.33918416],[-81.160480378,41.340072637],[-81.158410444,41.34488493],[-81.152089727,41.352219988],[-81.152799889,41.357730179],[-81.149114466,41.358383752],[-81.147062284,41.36281028],[-81.139330023,41.364092838],[-81.134885667,41.36801701],[-81.129268281,41.367738276],[-81.117879467,41.372388249],[-81.112540972,41.382661931],[-81.108660725,41.38282538],[-81.107393497,41.385337293],[-81.10531813,41.384892771],[-81.101756621,41.380878091],[-81.104345026,41.374703283],[-81.113142584,41.37048326],[-81.120778932,41.362837026],[-81.119994001,41.358817288],[-81.115940098,41.357668489],[-81.11552998,41.354896606],[-81.121279786,41.35277617],[-81.120621354,41.350378004],[-81.114353321,41.347846371],[-81.111361124,41.34851857],[-81.106159764,41.344764373],[-81.093628369,41.347074382],[-81.089284051,41.346353728],[-81.086665867,41.348191699],[-81.081460814,41.345665409],[-81.075697683,41.350400569],[-81.071616036,41.351112462],[-81.067673737,41.348174273],[-81.066025963,41.344569724],[-81.05292593,41.341509255],[-81.055416928,41.33744907],[-81.048120144,41.333755087],[-81.044413861,41.333716287],[-81.041429243,41.328941619],[-81.038064644,41.330418324],[-81.033248499,41.328169823],[-81.02609115,41.328196528],[-81.022112122,41.325803495],[-81.016286444,41.3322969],[-81.012632752,41.333998628],[-81.009824795,41.333434095],[-81.010752728,41.329865312],[-81.012317452,41.329390616],[-81.009426369,41.325709322],[-81.011184052,41.323734183],[-81.011501973,41.317078788],[-81.006192708,41.314552526],[-81.002686276,41.30933554],[-80.999336661,41.308291163],[-80.996421642,41.303050525],[-80.988720855,41.300548168],[-80.980608123,41.302573838],[-80.975242032,41.301717414],[-80.970066165,41.297756078],[-80.966632112,41.297387663],[-80.96574774,41.294086834],[-80.960607186,41.290165239],[-80.954369517,41.28909006],[-80.945719261,41.284601184],[-80.941354821,41.287709044],[-80.92888137,41.288098771],[-80.926502555,41.289701233],[-80.92062181,41.288070926],[-80.915908213,41.290552464],[-80.912584006,41.289080293],[-80.905853036,41.293165357],[-80.903628663,41.290779439],[-80.898676553,41.291291939],[-80.896178181,41.293218974],[-80.894688301,41.292380138],[-80.893985212,41.294974524],[-80.895999732,41.297630407],[-80.888336116,41.306551855],[-80.884951418,41.304934997],[-80.880983461,41.308488233],[-80.856924071,41.308522872],[-80.854439375,41.311090313],[-80.852327917,41.317460991],[-80.843528375,41.319415857],[-80.843569692,41.327109125],[-80.829763706,41.326851783],[-80.821363942,41.328653766],[-80.803670776,41.343619661],[-80.803862747,41.348588371],[-80.800312749,41.350634396],[-80.802531442,41.357248585],[-80.801462081,41.36202088],[-80.805367726,41.371072201],[-80.80472297,41.373629211],[-80.81120499,41.381255615],[-80.811738736,41.394865418],[-80.807997381,41.40016275],[-80.809333524,41.407608832],[-80.807222036,41.409804053],[-80.806673931,41.418150208],[-80.802723414,41.419745999],[-80.801150178,41.424146678],[-80.80785408,41.436324743],[-80.808034477,41.437968847],[-80.803742259,41.440971598],[-80.806843056,41.441838379],[-80.808243066,41.454716819],[-80.804348207,41.459138469],[-80.798758928,41.459556664],[-80.796799203,41.46325494],[-80.791947385,41.463901007],[-80.791178899,41.46903024],[-80.780055273,41.468213292],[-80.771298281,41.481251139],[-80.774889576,41.495918482],[-80.774235927,41.500619425],[-80.765991417,41.503626157],[-80.763600836,41.511998061],[-80.760145059,41.512231369],[-80.756462303,41.515587585],[-80.752122981,41.52460552],[-80.754679399,41.525420797],[-80.751897514,41.528074542],[-80.752778439,41.541860887],[-80.749917055,41.553288982],[-80.752679913,41.558448164],[-80.747039087,41.558040074],[-80.742814255,41.560452146],[-80.749484356,41.571911333],[-80.738453729,41.58160848],[-80.720175295,41.580941969],[-80.709268163,41.577669767],[-80.705821139,41.577911575],[-80.699728191,41.582075716],[-80.693013443,41.584012491],[-80.700984053,41.592361848],[-80.698753507,41.59800935],[-80.690756,41.603163663],[-80.691698695,41.60503797],[-80.69660553,41.606923684],[-80.692444894,41.607884835],[-80.691189421,41.609705157],[-80.690527211,41.613762023],[-80.69254998,41.618924337],[-80.686364831,41.625184441],[-80.679039671,41.62755172],[-80.668682322,41.62689209],[-80.659868371,41.629457012],[-80.650189968,41.633920471],[-80.647801636,41.637510808],[-80.648913342,41.639879135],[-80.643221559,41.641779335],[-80.636193233,41.640911338],[-80.623798929,41.647746301],[-80.620125161,41.65250452],[-80.617261636,41.653062061],[-80.611329461,41.657832051],[-80.604326016,41.654169458],[-80.601385682,41.647166634],[-80.605186441,41.646436143],[-80.60315398,41.643263174],[-80.581744003,41.65772375],[-80.575786615,41.654738763],[-80.570063286,41.65813705],[-80.567029695,41.654250035],[-80.558590045,41.662740646],[-80.554436217,41.663992789],[-80.551837599,41.666664228],[-80.548783563,41.665769982],[-80.544206067,41.66803491],[-80.541570837,41.670583985],[-80.542508658,41.673101341],[-80.539016783,41.678740909],[-80.547685358,41.683536524],[-80.546297095,41.688026095],[-80.525805902,41.685689353],[-80.524299819,41.687252428],[-80.524980304,41.688948131],[-80.516087961,41.689227443],[-80.511867132,41.69496397],[-80.515569286,41.700853668],[-80.514284966,41.702993395],[-80.515564938,41.707187057],[-80.513748939,41.708912043],[-80.514306038,41.713046652],[-80.512287912,41.716207512],[-80.515655642,41.724223858],[-80.510475212,41.72930097],[-80.515463356,41.743047924],[-80.515061088,41.745073021],[-80.51059026,41.743667693],[-80.50640684,41.747555135],[-80.508406725,41.750263434],[-80.506965285,41.754393474],[-80.498723291,41.756761844],[-80.493976655,41.760729326],[-80.487025514,41.762993825],[-80.484576011,41.76224931],[-80.485110105,41.758826344],[-80.479552369,41.758626331],[-80.475146493,41.756541971],[-80.472461164,41.757948733],[-80.475276114,41.762169622],[-80.465222733,41.762138755],[-80.461684847,41.765631446],[-80.444615735,41.76531183],[-80.443830729,41.759126291],[-80.445129242,41.753145848],[-80.442738042,41.751025478],[-80.439604173,41.743625902],[-80.436542368,41.741097738],[-80.43649113,41.734157793],[-80.42772746,41.733842386],[-80.409305949,41.72505194],[-80.403152563,41.725195874],[-80.401115303,41.718431077],[-80.401688699,41.714580923],[-80.400575892,41.713336619],[-80.397178267,41.713725779],[-80.396990662,41.712229415],[-80.399144051,41.702825396],[-80.403152364,41.698608791],[-80.401379952,41.695358242],[-80.39760609,41.693737474],[-80.39187658,41.685227881],[-80.394799055,41.683683291],[-80.393977654,41.681399244],[-80.396045185,41.678129108],[-80.391794838,41.675830902],[-80.391656293,41.67348924],[-80.38815363,41.669987356],[-80.389528094,41.667820329],[-80.386659863,41.66420817],[-80.38434137,41.662168479],[-80.380166019,41.662498767],[-80.378486019,41.657245414],[-80.375872954,41.65681372],[-80.367748546,41.660574437],[-80.363737372,41.659048573],[-80.363454999,41.663655015],[-80.340683427,41.663357865],[-80.335289078,41.665244045],[-80.333050442,41.669938349],[-80.330816035,41.67040158],[-80.327775092,41.677365767],[-80.315387503,41.677580463],[-80.310887088,41.680452761],[-80.313804701,41.691277619],[-80.318928699,41.698304315],[-80.316183082,41.703209274],[-80.313937999,41.704135017],[-80.314456865,41.70956035],[-80.312314115,41.714632936],[-80.313397894,41.718268761],[-80.312386639,41.73323985],[-80.314534928,41.737706244],[-80.318238591,41.740879445],[-80.315235712,41.743805994],[-80.315681023,41.746206085],[-80.31344177,41.748986541],[-80.317240716,41.752122613],[-80.317046229,41.754323052],[-80.319566803,41.756659591],[-80.320632928,41.76454868],[-80.32402572,41.763213503],[-80.329652056,41.766318677],[-80.330269544,41.775245071],[-80.326658892,41.777901098],[-80.326912672,41.784074475],[-80.333487762,41.785968599],[-80.338289436,41.799686082],[-80.331715161,41.804355214],[-80.328827354,41.810055165],[-80.32955147,41.813763617],[-80.323578911,41.820441054],[-80.307411536,41.818772427],[-80.306988264,41.81762462],[-80.296352615,41.823316214],[-80.296963848,41.831770489],[-80.290219799,41.836411141],[-80.291168312,41.842443524],[-80.289261243,41.845278992],[-80.286532685,41.845365064],[-80.284960205,41.847409119],[-80.287067075,41.85164716],[-80.279654818,41.860230231],[-80.280684683,41.864565337],[-80.278140755,41.86814552],[-80.280189041,41.870773006],[-80.272184174,41.872762853],[-80.271584474,41.875407689],[-80.268669038,41.876515518],[-80.259946813,41.877544566],[-80.242911058,41.893880468],[-80.238703418,41.899880721],[-80.232475548,41.904575118],[-80.226494591,41.90568233],[-80.21843647,41.912770699],[-80.207549822,41.912673702],[-80.200301933,41.914713144],[-80.196839296,41.913499313],[-80.194859598,41.915576528],[-80.195392469,41.918972246],[-80.19264541,41.922730581],[-80.192806884,41.926324744],[-80.178365008,41.921386484],[-80.175647785,41.926298651],[-80.17154795,41.925599081],[-80.165312903,41.928144625],[-80.158512827,41.934611872],[-80.149438499,41.934168633],[-80.14761716,41.932578972],[-80.137663018,41.93398786],[-80.134100907,41.932652675],[-80.132340536,41.934756479],[-80.125929058,41.936157801],[-80.122002846,41.939435348],[-80.119514692,41.944712205],[-80.113276341,41.947745071],[-80.116860742,41.951453669],[-80.108106234,41.954174001],[-80.101610809,41.959188851],[-80.103842702,41.962272979],[-80.096186593,41.966275554],[-80.093982026,41.969009211],[-80.088783016,41.966609855],[-80.082805605,41.959731983],[-80.078050937,41.963381605],[-80.078574053,41.966056042],[-80.071787693,41.968552831],[-80.066535151,41.964103771],[-80.062542063,41.966308299],[-80.059419524,41.964980096],[-80.052153585,41.969242595],[-80.047148122,41.963875646],[-80.042334558,41.96693039],[-80.038612184,41.962052418],[-80.033192986,41.960077827],[-80.035550423,41.963457557],[-80.029937815,41.965478232],[-80.031712957,41.973024873],[-80.022411725,41.976705853],[-80.018251786,41.979973357],[-80.018543496,41.981913912],[-80.024237315,41.985258931],[-80.027389018,41.990382847],[-80.029538408,41.990358865],[-80.03657958,42.000785379],[-80.041846067,42.001142401],[-80.046904821,42.008733688],[-80.054859791,42.012953777],[-80.055056924,42.017881964],[-80.057339788,42.018436121],[-80.058451213,42.023562085],[-80.060082403,42.024361239],[-80.064916303,42.022310794],[-80.067385858,42.018739878],[-80.073278229,42.024848219],[-80.071674444,42.027433613],[-80.06626782,42.030025106],[-80.058223892,42.030936583],[-80.057373868,42.034902496],[-80.054498268,42.036730193],[-80.04443395,42.037684765],[-80.036710378,42.042665447],[-80.02992275,42.04006593],[-80.025802327,42.040217263],[-80.014786738,42.031078059],[-80.00923531,42.028628381],[-80.007691576,42.030454625],[-79.999721203,42.030215568],[-79.998514932,42.031318784],[-80.000281648,42.035144117],[-79.996420541,42.037637152],[-79.989899488,42.033829518],[-79.986478816,42.03421795],[-79.988481915,42.037406778],[-79.985711991,42.041991371],[-79.988298901,42.044895074],[-79.988445967,42.050907147],[-79.990645117,42.054663488],[-79.993532135,42.05591059],[-79.99547025,42.062547098],[-79.987811758,42.061069314],[-79.984476511,42.063181682],[-79.985604038,42.065520381],[-79.972992829,42.06122257],[-79.963376723,42.064372203],[-79.958390971,42.067771677],[-79.955897628,42.067608225],[-79.95659475,42.060948928],[-79.948188145,42.061487824],[-79.942106989,42.066998388],[-79.949148376,42.082592389],[-79.95322161,42.087446341],[-79.942392675,42.09158576],[-79.931704105,42.091167433],[-79.927376696,42.082046253],[-79.919535064,42.077516544],[-79.917146986,42.071909823],[-79.91357154,42.069979244],[-79.912168165,42.06667176],[-79.910841368,42.068669151],[-79.908597246,42.067769736],[-79.9064217,42.068950468],[-79.905275233,42.067710585],[-79.901214416,42.068774462],[-79.898581794,42.066661087],[-79.895147056,42.072552583],[-79.890225329,42.074540049],[-79.888474962,42.077258945],[-79.890785154,42.081924505],[-79.887063478,42.081739247],[-79.886879039,42.083250948],[-79.87904376,42.087800167],[-79.874887368,42.095247387],[-79.874970286,42.102945382],[-79.878682788,42.104465881],[-79.879871152,42.109896317],[-79.884618496,42.114653874],[-79.884624669,42.116353316],[-79.889846167,42.117726144],[-79.88590878,42.124542527],[-79.876949798,42.132584621],[-79.860528545,42.13623339],[-79.849437347,42.132931607],[-79.842816636,42.13654855],[-79.829317973,42.137743639],[-79.827602284,42.139925656],[-79.829402229,42.14644221],[-79.825784641,42.148456676],[-79.826966544,42.151327424],[-79.823876837,42.155465687],[-79.815846142,42.155278473],[-79.802952938,42.148163378],[-79.794478799,42.151190213],[-79.791728221,42.150800017],[-79.788234622,42.156488925],[-79.781596669,42.162053475],[-79.769615378,42.163406321],[-79.767577836,42.166453112],[-79.755409348,42.169889636],[-79.754258932,42.178278135],[-79.752136114,42.180007239],[-79.75189544,42.182877533],[-79.754521179,42.184579689],[-79.753969814,42.188918463],[-79.739431187,42.187356003],[-79.730992906,42.18799277],[-79.729149054,42.19044077],[-79.716074943,42.189857915],[-79.711543019,42.187844772],[-79.705663781,42.188777217],[-79.69893095,42.192390375],[-79.693988924,42.180490696],[-79.698843811,42.177547451],[-79.69160024,42.167273593],[-79.686779513,42.168343839],[-79.684235104,42.165986812],[-79.682119743,42.161606347],[-79.683660345,42.156913768],[-79.680483168,42.151313442],[-79.677013052,42.146219128],[-79.669570627,42.142536077],[-79.660308394,42.147418583],[-79.658531685,42.145485238],[-79.654263414,42.147162663],[-79.648132453,42.150880403],[-79.648414109,42.154341859],[-79.640925871,42.154474531],[-79.638573953,42.152425972],[-79.629827646,42.15517643],[-79.629889755,42.158166529],[-79.636627303,42.160849516],[-79.632021423,42.164616811],[-79.629411909,42.164143272],[-79.635577345,42.172728224],[-79.63432973,42.177367767],[-79.629177407,42.177651394],[-79.629098997,42.181136281],[-79.632107465,42.18488223],[-79.629793211,42.186742733],[-79.620097672,42.188499932],[-79.605549382,42.182556765],[-79.604094882,42.178670476],[-79.600994022,42.178969587],[-79.59689189,42.175880524],[-79.594715203,42.177817621],[-79.591917945,42.176485437],[-79.590497544,42.177740663],[-79.594187868,42.182720552],[-79.593471155,42.183832911],[-79.590974277,42.183870844],[-79.589723914,42.186593361],[-79.584514979,42.186975511],[-79.580007888,42.184601985],[-79.578457277,42.179504157],[-79.572980376,42.178528245],[-79.567908212,42.180322742],[-79.56322879,42.176740418],[-79.553426647,42.183234876],[-79.554635565,42.185621608],[-79.553265521,42.187026611],[-79.557124974,42.191166895],[-79.558347027,42.19616566],[-79.566587266,42.200706443],[-79.570047472,42.205567329],[-79.5650498,42.206967358],[-79.567869599,42.209256072],[-79.568964207,42.214636223],[-79.566143775,42.215284457],[-79.563509971,42.213821606],[-79.562305681,42.216830899],[-79.55539076,42.215218188],[-79.557140238,42.221426099],[-79.55317544,42.22323376],[-79.555210092,42.228379424],[-79.554231609,42.231266656],[-79.555281486,42.233009653],[-79.559451318,42.234044996],[-79.563974246,42.243755853],[-79.559706999,42.24530603],[-79.558280841,42.248841317],[-79.562518814,42.253321252],[-79.560445164,42.258099192],[-79.554933514,42.261041045],[-79.548425601,42.261841211],[-79.537847444,42.267674661],[-79.535361824,42.268077204],[-79.53276914,42.26498922],[-79.527269293,42.264847448],[-79.522741853,42.271643465],[-79.520029123,42.271816582],[-79.521262619,42.273580352],[-79.516669437,42.278314567],[-79.491915774,42.277465269],[-79.490507467,42.279525976],[-79.491891182,42.284722682],[-79.488910314,42.28938271],[-79.494212637,42.301189491],[-79.493573531,42.308514955],[-79.489646154,42.311822545],[-79.488626369,42.317957522],[-79.490185178,42.320813704],[-79.493808442,42.321736852],[-79.494376074,42.324631592],[-79.480301377,42.329761173],[-79.472869225,42.336160228],[-79.462874575,42.332692753],[-79.455725009,42.331904209],[-79.449879316,42.333346575],[-79.449684249,42.337364089],[-79.453159304,42.34109666],[-79.436449672,42.347263302],[-79.422879802,42.343827642],[-79.411983788,42.3503807],[-79.411134548,42.349355828],[-79.412582295,42.346918349],[-79.410847751,42.345960101],[-79.403774956,42.348647052],[-79.395078956,42.356097265],[-79.393514186,42.363754754],[-79.387667963,42.36955526],[-79.383334432,42.36928987],[-79.379082743,42.371155043],[-79.379648324,42.377679064],[-79.358928864,42.376425516],[-79.36074233,42.375096741],[-79.360478657,42.373239351],[-79.358563515,42.371956831],[-79.355199186,42.362581571],[-79.347327592,42.35649217],[-79.342689905,42.358508352],[-79.341103839,42.361541655],[-79.329203929,42.362845691],[-79.326595919,42.36606035],[-79.322864996,42.3647481],[-79.321465144,42.366180098],[-79.317349401,42.362795305],[-79.315049356,42.36383681],[-79.311861693,42.361136455],[-79.303640401,42.363338493],[-79.294890449,42.366841349],[-79.278803651,42.377406238],[-79.277837035,42.374188012],[-79.2748481,42.372600396],[-79.268272116,42.37400548],[-79.262535933,42.369981822],[-79.262850252,42.367971372],[-79.260002553,42.368963061],[-79.254301649,42.364642276],[-79.251052199,42.359848721],[-79.250209208,42.354167992],[-79.247277342,42.350689986],[-79.241838654,42.349196067],[-79.236441649,42.342921023],[-79.235486965,42.336605989],[-79.232646846,42.337712884],[-79.230343965,42.335085094],[-79.220827358,42.337074297],[-79.218172287,42.332647906],[-79.211180027,42.332106681],[-79.211648388,42.32877822],[-79.206132664,42.32844352],[-79.197963066,42.332657611],[-79.190602974,42.332919915],[-79.195003098,42.336719462],[-79.196256353,42.345585842],[-79.198914861,42.348600531],[-79.20064447,42.356555044],[-79.195788468,42.357714995],[-79.200942605,42.367622889],[-79.210651942,42.370923276],[-79.216025669,42.375218474],[-79.214526543,42.378155954],[-79.215565712,42.380122894],[-79.220037351,42.383586714],[-79.223968228,42.383886945],[-79.220690918,42.387673028],[-79.218354824,42.386369374],[-79.214525706,42.387381178],[-79.213283163,42.389826289],[-79.214678666,42.39237319],[-79.212162192,42.396532195],[-79.186460207,42.40578041],[-79.185954973,42.412754526],[-79.179766702,42.416535316],[-79.17625971,42.423207391],[-79.162510856,42.431873926],[-79.155370044,42.434417606],[-79.152746838,42.433593714],[-79.1525463,42.432129879],[-79.144536031,42.432919191],[-79.13110124,42.420950442],[-79.11998077,42.420153252],[-79.118575585,42.424869488],[-79.115653942,42.426603984],[-79.08884059,42.429157818],[-79.086071103,42.433395357],[-79.077913297,42.433983417],[-79.076891645,42.43594491],[-79.079242691,42.440701817],[-79.073787052,42.445029955],[-79.067793736,42.446368944],[-79.063040985,42.444847372],[-79.057047971,42.445699193],[-79.049068201,42.442850796],[-79.044469884,42.443114746],[-79.040391927,42.447717174],[-79.040243003,42.449915093],[-79.036971535,42.448578269],[-79.01577791,42.447749299],[-79.007000873,42.443367615],[-79.002630347,42.439868187],[-79.000121208,42.42890181],[-78.995089522,42.424641411],[-78.98686906,42.424453819],[-78.983474785,42.417288567],[-78.979123767,42.41606272],[-78.973363947,42.417998016],[-78.974872393,42.415399548],[-78.969400235,42.410198629],[-78.96245131,42.40893997],[-78.956074717,42.405807457],[-78.955615706,42.40399323],[-78.939787086,42.398546945],[-78.941890077,42.395281022],[-78.934498009,42.393350346],[-78.937666719,42.385612527],[-78.931995105,42.384497006],[-78.925181048,42.378788365],[-78.92389335,42.371003923],[-78.915144913,42.367196658],[-78.912293339,42.368293768],[-78.908554257,42.365908638],[-78.89940946,42.364544399],[-78.901250103,42.36288901],[-78.899522967,42.357950562],[-78.897050053,42.356048917],[-78.909376688,42.348418071],[-78.896725387,42.336370859],[-78.901751414,42.330979136],[-78.916258341,42.32969986],[-78.915330358,42.325995187],[-78.916648588,42.32403598],[-78.913355295,42.320555491],[-78.913063198,42.316973801],[-78.90661691,42.312206255],[-78.904894922,42.309078527],[-78.889180364,42.305681622],[-78.886701025,42.301649396],[-78.880279288,42.299239757],[-78.874472825,42.293878081],[-78.873336465,42.289607166],[-78.870594959,42.287219385],[-78.865684601,42.287507514],[-78.858710871,42.284121656],[-78.848051891,42.283918927],[-78.845708322,42.281221501],[-78.842019866,42.280270166],[-78.842830332,42.277320158],[-78.841506559,42.275794463],[-78.835501327,42.274200615],[-78.827347592,42.280922226],[-78.829627318,42.286509178],[-78.827655506,42.29456862],[-78.818811405,42.295546213],[-78.819910254,42.298579375],[-78.814212952,42.301350223],[-78.80392464,42.299405064],[-78.801379678,42.297145206],[-78.800959298,42.29426346],[-78.79446507,42.290838987],[-78.793005155,42.284227421],[-78.782639265,42.280207174],[-78.783020527,42.285312618],[-78.777821169,42.293485408],[-78.771835906,42.295121681],[-78.758742789,42.290907986],[-78.752969142,42.296238171],[-78.750001004,42.291226643],[-78.746862966,42.290493533],[-78.744073942,42.287509022],[-78.736959433,42.288112764],[-78.73375392,42.29063069],[-78.731659861,42.287254567],[-78.72585218,42.28486262],[-78.7272197,42.28045439],[-78.72219714,42.276048611],[-78.711858996,42.27722773],[-78.711018156,42.28054225],[-78.714543529,42.283750508],[-78.713948418,42.284753972],[-78.703092714,42.291599909],[-78.70666423,42.29440544],[-78.703844401,42.301415129],[-78.703987879,42.310270401],[-78.698374585,42.309044758],[-78.693910422,42.305910807],[-78.686525284,42.310320421],[-78.679433834,42.310286191],[-78.675083366,42.312645401],[-78.671184176,42.312586696],[-78.667795916,42.316381132],[-78.665105466,42.327121212],[-78.658567132,42.327436805],[-78.657199947,42.331140887],[-78.65192786,42.334225585],[-78.648691151,42.338495474],[-78.647982582,42.340358549],[-78.653397361,42.342749817],[-78.651023349,42.34571044],[-78.652224764,42.349513453],[-78.656892818,42.350839069],[-78.659698084,42.354391838],[-78.669626379,42.359308005],[-78.667108706,42.363625464],[-78.657071223,42.36436109],[-78.651782876,42.367488823],[-78.645829747,42.367973971],[-78.644904488,42.371421498],[-78.647385419,42.373594241],[-78.648160164,42.378731687],[-78.652494401,42.384956443],[-78.655100591,42.386000152],[-78.655281689,42.38827347],[-78.652585453,42.391281577],[-78.648383514,42.391723325],[-78.646432378,42.395263696],[-78.633089885,42.388461456],[-78.634452035,42.378246159],[-78.629917765,42.37508127],[-78.62205302,42.374838925],[-78.620159983,42.377626837],[-78.614721083,42.377604733],[-78.613144981,42.383147134],[-78.598248286,42.379857717],[-78.598411603,42.389158722],[-78.597177126,42.391537967],[-78.592432571,42.391979044],[-78.589594059,42.395490348],[-78.586433456,42.396210979],[-78.582230343,42.404899089],[-78.577840362,42.405592527],[-78.576722863,42.409840345],[-78.569327243,42.412235508],[-78.564576511,42.417600053],[-78.563934216,42.421303739],[-78.567418804,42.423701871],[-78.562713819,42.42741184],[-78.560472675,42.427420023],[-78.562049529,42.431787426],[-78.55935363,42.438595165],[-78.554591094,42.435084119],[-78.543295998,42.431052237],[-78.541639782,42.430926358],[-78.540278243,42.434907724],[-78.536391891,42.435307119],[-78.534872489,42.433036588],[-78.531279116,42.434508725],[-78.525038771,42.43375294],[-78.527331313,42.429783093],[-78.519220406,42.425012262],[-78.515853244,42.427348459],[-78.511606132,42.425282046],[-78.506857442,42.429275537],[-78.503236073,42.425931443],[-78.497388731,42.426360013],[-78.491060197,42.424545558],[-78.480515229,42.418467745],[-78.47771666,42.418329133],[-78.470262822,42.419101305],[-78.470383118,42.423692972],[-78.465313294,42.425780799],[-78.46211064,42.431359521],[-78.463004369,42.436301088],[-78.461912509,42.439298659],[-78.446866067,42.441558295],[-78.442067761,42.444731905],[-78.440302366,42.441334306],[-78.440912843,42.438489587],[-78.437648794,42.435068397],[-78.437261671,42.43168853],[-78.430740699,42.425792593],[-78.427512372,42.426522929],[-78.422755983,42.423126358],[-78.422462005,42.417755484],[-78.418843614,42.414939899],[-78.416722651,42.410762738],[-78.410559225,42.407390457],[-78.403076887,42.413589022],[-78.396054331,42.410191041],[-78.391834753,42.410557409],[-78.393898368,42.405370833],[-78.392404187,42.403316868],[-78.395790285,42.396869952],[-78.390864374,42.391041819],[-78.386694672,42.390683161],[-78.379780743,42.39430933],[-78.369657825,42.395201879],[-78.36426977,42.392534901],[-78.364449711,42.390299865],[-78.360474356,42.387639024],[-78.359194683,42.380688202],[-78.362050505,42.381178719],[-78.367191699,42.377145894],[-78.370691595,42.372124032],[-78.370594298,42.369696381],[-78.383842916,42.369384739],[-78.392587368,42.355857513],[-78.392346253,42.354557652],[-78.386297713,42.354104052],[-78.384985193,42.348468587],[-78.377300704,42.343555504],[-78.377137659,42.340792648],[-78.365557514,42.342797341],[-78.360098534,42.340014475],[-78.35447764,42.331244883],[-78.348912854,42.328924583],[-78.347001077,42.329655381],[-78.348367422,42.331992134],[-78.336551195,42.338250728],[-78.33075016,42.338516221],[-78.321247567,42.342403924],[-78.318656873,42.341579821],[-78.319156959,42.336348501],[-78.317863861,42.333933951],[-78.309849297,42.333484899],[-78.307721566,42.335233752],[-78.299406014,42.332036895],[-78.286127607,42.332674012],[-78.284410095,42.331527101],[-78.289327572,42.320269946],[-78.285179581,42.313780233],[-78.284078986,42.308543219],[-78.282742571,42.308180488],[-78.282311492,42.301237889],[-78.288743351,42.290752727],[-78.288600643,42.285594901],[-78.286213401,42.282553118],[-78.287919075,42.278719285],[-78.281002064,42.268626135],[-78.2749484,42.268309527],[-78.267719914,42.263786101],[-78.258424697,42.266720772],[-78.256656877,42.266115574],[-78.255216204,42.261667265],[-78.246735104,42.260811538],[-78.24945201,42.258728569],[-78.243266637,42.247981033],[-78.234751263,42.246069035],[-78.231645276,42.247325549],[-78.216509049,42.246522473],[-78.217614771,42.243379288],[-78.214123767,42.242295307],[-78.213014926,42.238354097],[-78.223137461,42.226474716],[-78.223084522,42.224031495],[-78.221103758,42.221179922],[-78.210704859,42.22269987],[-78.208005808,42.220254854],[-78.209343187,42.217892722],[-78.208504446,42.215273103],[-78.214002996,42.211291983],[-78.21329409,42.209509529],[-78.216578165,42.206499538],[-78.216871771,42.204494799],[-78.214402544,42.202220464],[-78.228139222,42.19632764],[-78.22629461,42.187608305],[-78.223481161,42.184979226],[-78.219168043,42.18505318],[-78.217241572,42.181207656],[-78.209809574,42.177947197],[-78.209230529,42.174391133],[-78.205200299,42.171300195],[-78.205387105,42.166704138],[-78.203772193,42.164380815],[-78.204738527,42.159816401],[-78.199054436,42.154153259],[-78.199137944,42.151590466],[-78.191963734,42.149652692],[-78.19103095,42.147009223],[-78.177756227,42.138356722],[-78.166885574,42.13675337],[-78.167886311,42.133277453],[-78.166136967,42.131829521],[-78.169648317,42.12675622],[-78.164146575,42.125147737],[-78.167830748,42.121595983],[-78.163212712,42.119840791],[-78.159010647,42.120352135],[-78.153080814,42.116808463],[-78.147797211,42.123001277],[-78.140714545,42.122395401],[-78.140063277,42.124001322],[-78.131815841,42.127172175],[-78.129126893,42.126023256],[-78.12649544,42.127566861],[-78.118952989,42.124452033],[-78.11759119,42.120315283],[-78.111953115,42.11939351],[-78.11082298,42.117254773],[-78.113282713,42.114648642],[-78.10959445,42.111005489],[-78.095422291,42.108328653],[-78.090323741,42.10503129],[-78.089466959,42.102335394],[-78.091043607,42.096666412],[-78.098289138,42.091354118],[-78.101891989,42.090541342],[-78.102099276,42.087571157],[-78.09916525,42.086277218],[-78.093899505,42.086851641],[-78.093495964,42.082119202],[-78.089957431,42.080672062],[-78.088277126,42.077525889],[-78.08995742,42.073335027],[-78.089295769,42.069173313],[-78.086696556,42.067778712],[-78.084736744,42.063564051],[-78.078192941,42.062291337],[-78.077005264,42.057565095],[-78.062218547,42.06013212],[-78.049706309,42.067788282],[-78.045204401,42.065808656],[-78.039140525,42.067064285],[-78.033710887,42.07114597],[-78.031852876,42.067867059],[-78.031220791,42.059212639],[-78.024570902,42.055162557],[-78.022741537,42.051843754],[-78.017296154,42.051017695],[-78.015726557,42.046503265],[-78.012276233,42.043214192],[-77.999775692,42.039482072],[-77.997539998,42.033676548],[-77.999554232,42.02967007],[-77.997277872,42.025601845],[-77.989794948,42.027276601],[-77.981321504,42.033677793],[-77.97867722,42.032844953],[-77.973556772,42.034692246],[-77.971543184,42.034533927],[-77.963856764,42.028094501],[-77.954207999,42.027923123],[-77.957172074,42.018804703],[-77.959082835,42.01773371],[-77.968084628,42.014999427],[-77.977035501,42.014924303],[-77.984097276,42.010635154],[-77.993657343,42.008777109],[-77.993467053,42.001096702],[-77.999101037,41.995820681],[-77.999704093,41.992082755],[-77.992360592,41.987497165],[-77.982234488,41.986466139],[-77.978492928,41.98219808],[-77.973477665,41.980189546],[-77.975225486,41.97811523],[-77.975347805,41.974445978],[-77.972802231,41.970176971],[-77.961651078,41.96901622],[-77.957145306,41.970235362],[-77.957270603,41.972597763],[-77.953235594,41.972413395],[-77.941393039,41.96406766],[-77.935222424,41.961938635],[-77.93495351,41.959995309],[-77.930055888,41.960539265],[-77.9217003,41.955083147],[-77.920477817,41.953284125],[-77.922295967,41.949482636],[-77.920889585,41.94707936],[-77.937501887,41.943151465],[-77.937272637,41.938882973],[-77.934661021,41.936454322],[-77.933255916,41.931517912],[-77.930155614,41.930095184],[-77.934618748,41.920738567],[-77.934670655,41.917080668],[-77.92642741,41.915336586],[-77.92830645,41.913691314],[-77.928320841,41.907119135],[-77.922443683,41.905173406],[-77.922849153,41.90063117],[-77.925545624,41.89605751],[-77.9248086,41.894200406],[-77.92830811,41.887505906],[-77.921373921,41.884823384],[-77.911449441,41.886753182],[-77.910272758,41.884895426],[-77.912917625,41.880298755],[-77.909790184,41.877505981],[-77.890903036,41.880414632],[-77.887887944,41.879694971],[-77.88269941,41.875220585],[-77.869899988,41.876933619],[-77.867682055,41.875781696],[-77.868911413,41.873147693],[-77.867683021,41.871248956],[-77.870937338,41.867938692],[-77.872425208,41.858814896],[-77.870805764,41.854431496],[-77.873192317,41.850429296],[-77.863200575,41.84617598],[-77.849359356,41.84924959],[-77.839194468,41.845616023],[-77.843386158,41.841603773],[-77.841946805,41.833718541],[-77.846911566,41.830706283],[-77.850343886,41.825986287],[-77.857727237,41.824696701],[-77.8555086,41.818520832],[-77.859094127,41.812129722],[-77.850914615,41.806594645],[-77.856813025,41.801954307],[-77.86936282,41.798780735],[-77.871196098,41.797326522],[-77.871407875,41.793402386],[-77.878209607,41.793479026],[-77.885933584,41.791401713],[-77.886145149,41.787364602],[-77.88985858,41.783740449],[-77.885529775,41.779721847],[-77.879525132,41.766392496],[-77.874974812,41.762386635],[-77.880728264,41.751382218],[-77.878303495,41.747057254],[-77.879271191,41.745723126],[-77.885579898,41.744903178],[-77.883804181,41.740218528],[-77.887375132,41.73730744],[-77.884340414,41.734077596],[-77.888194643,41.731319954],[-77.884337136,41.726440232],[-77.887527154,41.722462834],[-77.886698897,41.719395761],[-77.891142629,41.717054931],[-77.893687757,41.71361818],[-77.89809266,41.716224773],[-77.905438654,41.712947427],[-77.907624232,41.710087565],[-77.913818454,41.711418714],[-77.919736055,41.708693744],[-77.929936254,41.711193988],[-77.933380104,41.708911487],[-77.936963823,41.709616775],[-77.938811371,41.712572],[-77.949692979,41.714700169],[-77.948606815,41.721133494],[-77.955784521,41.726394234],[-77.957199321,41.731326738],[-77.953756946,41.736798907],[-77.955384935,41.739892203],[-77.957948131,41.740571378],[-77.955637413,41.745847965],[-77.958802664,41.747235288],[-77.967939137,41.743495685],[-77.970824102,41.745005067],[-77.971881871,41.747649334],[-77.979610698,41.74756251],[-77.988804676,41.742084032],[-77.992242543,41.743669006],[-77.993314656,41.745994028],[-77.997124383,41.747083337],[-77.997665331,41.75147552],[-78.001094274,41.751739807],[-78.008379029,41.746929463],[-78.014653663,41.747052951],[-78.016867155,41.741687537],[-78.019671631,41.740547281],[-78.024155056,41.734382998],[-78.026525605,41.734468379],[-78.031596051,41.738250147],[-78.038268087,41.736791961],[-78.040369237,41.732475849],[-78.039932007,41.728298326],[-78.045628042,41.725963235],[-78.046947963,41.723277028],[-78.052100933,41.721920685],[-78.061536297,41.709776734],[-78.067313772,41.713102263],[-78.084606178,41.709899941],[-78.088881875,41.712937139],[-78.101672545,41.712867445],[-78.100424774,41.716827369],[-78.101558192,41.720872865],[-78.106107011,41.725430728],[-78.109738979,41.72593188],[-78.114535642,41.722412193],[-78.120040445,41.72216994],[-78.122745068,41.7175746],[-78.129431665,41.718796532],[-78.134975084,41.714143529],[-78.13534043,41.710282446],[-78.138699273,41.708791522],[-78.143595871,41.709133558],[-78.147102976,41.706258253],[-78.148094908,41.694240743],[-78.145287929,41.690654046],[-78.150007782,41.689299721],[-78.150218705,41.687739938],[-78.153104468,41.68781235],[-78.160933871,41.681056818],[-78.173294415,41.683461676],[-78.17636202,41.68116288],[-78.182257465,41.68046264],[-78.192025623,41.683902963],[-78.202215609,41.676748093],[-78.207333443,41.678490678],[-78.220298576,41.674809637],[-78.221758613,41.67169161],[-78.226085233,41.670349205],[-78.234136896,41.673820177],[-78.238213984,41.672301831],[-78.241126932,41.669693589],[-78.240588595,41.667760763],[-78.243299724,41.66340313],[-78.255701505,41.672057461],[-78.256346239,41.676757837],[-78.253794407,41.68299881],[-78.254236696,41.68614377],[-78.257638445,41.687615886],[-78.258207768,41.689666952],[-78.262286767,41.691595731],[-78.272934776,41.690649156],[-78.278450285,41.692515374],[-78.283585288,41.688504237],[-78.284481981,41.678551901],[-78.29281133,41.676966649],[-78.298702805,41.669179467],[-78.293791052,41.664749892],[-78.295235278,41.661068816],[-78.29436392,41.656455784],[-78.288487378,41.653075482],[-78.289031136,41.650244134],[-78.286272887,41.64904783],[-78.282491665,41.643610374],[-78.286525449,41.641797177],[-78.288578715,41.638927909],[-78.300714288,41.635788815],[-78.306566105,41.640416191],[-78.309649823,41.634031964],[-78.315725837,41.633139462],[-78.326238185,41.624732415],[-78.338662457,41.623328936],[-78.339386551,41.618793516],[-78.346419498,41.62054735],[-78.355090662,41.610671614],[-78.351370654,41.606309757],[-78.35190118,41.603439555],[-78.356638147,41.599157925],[-78.360918769,41.598225464],[-78.362846603,41.601790608],[-78.370648646,41.603222751],[-78.375883087,41.609446399],[-78.377864522,41.614042514],[-78.376438148,41.618208715],[-78.377516034,41.618812045],[-78.385216012,41.618892847],[-78.399471717,41.627002203],[-78.403532363,41.6263264],[-78.405798947,41.6286569],[-78.42198251,41.632822941],[-78.425684276,41.632118103],[-78.428731627,41.622993973],[-78.433253486,41.621164471],[-78.432596922,41.618711933],[-78.436187026,41.615185481],[-78.4351819,41.611763326],[-78.437365617,41.607824169],[-78.442349344,41.608232601],[-78.447562001,41.606081717],[-78.451643859,41.606796667],[-78.460271749,41.598651938],[-78.466246915,41.597686931],[-78.468335267,41.591593378],[-78.465968289,41.588048781],[-78.466962019,41.585195879],[-78.463569834,41.579584912],[-78.466923365,41.57597658],[-78.466442659,41.574479682],[-78.472095804,41.572532919],[-78.467786587,41.56946172],[-78.470612195,41.566253497],[-78.466920742,41.563155636],[-78.467056761,41.560607333],[-78.463819892,41.558574424],[-78.464433606,41.557386268],[-78.472185148,41.556488877],[-78.47839169,41.550112908],[-78.485422781,41.549704476],[-78.493162733,41.545989303],[-78.492476922,41.543110573],[-78.505066966,41.536214268],[-78.503527923,41.533430066],[-78.505103541,41.531641644],[-78.511587489,41.531350515],[-78.512556999,41.526031003],[-78.508706507,41.52522688],[-78.506371732,41.521086986],[-78.514251457,41.519716527],[-78.518768152,41.515980462],[-78.51885868,41.511098108],[-78.527221803,41.508759511],[-78.529198553,41.505380806],[-78.53288569,41.50472315],[-78.532689347,41.503488446],[-78.537974056,41.500065403],[-78.541991888,41.499968472],[-78.548274478,41.503768494],[-78.55256982,41.49951458],[-78.553748538,41.493897241],[-78.561817902,41.489731712],[-78.55948919,41.487500211],[-78.562783041,41.484412043],[-78.558027282,41.481398658],[-78.555857753,41.474679076],[-78.551682443,41.469102065],[-78.555031161,41.463441539],[-78.55181816,41.457274828],[-78.553765426,41.455012478],[-78.553340479,41.451179027],[-78.548953732,41.447071045],[-78.550809338,41.444749323],[-78.543600259,41.439689446],[-78.536941326,41.442146333],[-78.533439318,41.441036857],[-78.530990253,41.438286449],[-78.5226739,41.437003247],[-78.516850089,41.429836434],[-78.509183712,41.429597072],[-78.503263782,41.418611083],[-78.509636355,41.41696007],[-78.512043384,41.412342323],[-78.511724815,41.409228198],[-78.508894102,41.406528894],[-78.508696469,41.40216738],[-78.512039257,41.400309224],[-78.512676915,41.3951834],[-78.521033988,41.398517047],[-78.524762028,41.396850195],[-78.524110118,41.394410115],[-78.528075696,41.388038358],[-78.525670188,41.384435427],[-78.528468783,41.380904721],[-78.535322349,41.380056228],[-78.5376501,41.368913003],[-78.542419077,41.365799641],[-78.568842888,41.369142606],[-78.570770101,41.367545445],[-78.572367153,41.356670425],[-78.577973356,41.357639524],[-78.581342272,41.354522077],[-78.583888154,41.35605286],[-78.592964751,41.348840174],[-78.598219821,41.348626292],[-78.597564085,41.344687391],[-78.601493626,41.336419166],[-78.600290377,41.333339894],[-78.606696771,41.331002447],[-78.612966031,41.330754955],[-78.609969274,41.325729386],[-78.598430383,41.320106157],[-78.614133103,41.314290008],[-78.617221949,41.309909497],[-78.614683591,41.306189385],[-78.61169144,41.305993546],[-78.6118097,41.302826603],[-78.609556737,41.301070353],[-78.612565915,41.299137271],[-78.612316788,41.297720136],[-78.607686501,41.295962001],[-78.607743453,41.294376105],[-78.616846685,41.27904875],[-78.613940386,41.275290811],[-78.618560323,41.27054719],[-78.619050469,41.265091574],[-78.62790702,41.261947348],[-78.630021743,41.257240749],[-78.632516692,41.255751179],[-78.641398313,41.253443233],[-78.642932738,41.248748544],[-78.648200141,41.246745977],[-78.653346233,41.241320319],[-78.654918572,41.235949632],[-78.658876664,41.235543851],[-78.666227387,41.23111098],[-78.667239131,41.224819447],[-78.689674722,41.212644715],[-78.689165017,41.209211572],[-78.692406715,41.204302655],[-78.684651649,41.196810135],[-78.68124908,41.194869985],[-78.661140241,41.200561004],[-78.658338215,41.195418822],[-78.652759886,41.194250159],[-78.653052967,41.191778346],[-78.648894846,41.18934394],[-78.652382952,41.18312853],[-78.650710963,41.177603632],[-78.653403047,41.17369208],[-78.657233603,41.172690319],[-78.653506403,41.16744017],[-78.657368703,41.165201743],[-78.657182098,41.16187017],[-78.661926088,41.157149227],[-78.660253842,41.15417478],[-78.664447567,41.148784454],[-78.663492137,41.145297467],[-78.666243769,41.141587903],[-78.661885767,41.140454567],[-78.657107494,41.135997927],[-78.648527747,41.134973086],[-78.639061091,41.131078563],[-78.640424899,41.12877852],[-78.639454046,41.126753685],[-78.632952869,41.126661497],[-78.632090349,41.123637101],[-78.637882566,41.120960322],[-78.638588449,41.118716781],[-78.648277446,41.120475034],[-78.649648485,41.124323705],[-78.653758162,41.120975582],[-78.654127924,41.116255964],[-78.664499947,41.114646663],[-78.659759217,41.107184182],[-78.65338413,41.102682473],[-78.649137728,41.102838794],[-78.648277908,41.098764492],[-78.641577231,41.094877173],[-78.641266842,41.093465747],[-78.647279863,41.090175433],[-78.648651767,41.087711669],[-78.64539021,41.083613776],[-78.64657038,41.080746927],[-78.654093152,41.075755739],[-78.668858858,41.072186781],[-78.669994957,41.069747006],[-78.682266895,41.064046465],[-78.689826583,41.057511524],[-78.690443577,41.051053366],[-78.693203137,41.048608511],[-78.702351758,41.04600518],[-78.702779374,41.042794639],[-78.698892847,41.040494212],[-78.697109262,41.0367389],[-78.702867696,41.03287376],[-78.704172579,41.028274552],[-78.702990294,41.025427582],[-78.705993188,41.020430173],[-78.705296318,41.017804085],[-78.699757336,41.017664955],[-78.699857809,41.010668063],[-78.703329459,41.007205777],[-78.698620273,41.004231511],[-78.691191569,41.005559754],[-78.687607843,41.002402118],[-78.690235965,41.000123728],[-78.709268769,40.994846237],[-78.716702724,40.987402477],[-78.7302735,40.985389633],[-78.74044577,40.987397406],[-78.749619503,40.982388743],[-78.751117961,40.980222025],[-78.750482465,40.97686641],[-78.752940522,40.975775829],[-78.752920601,40.972714064],[-78.759538424,40.968707776],[-78.76079924,40.966785188],[-78.759351803,40.963341007],[-78.767678154,40.954052544],[-78.761116921,40.948473862],[-78.763717507,40.945615283],[-78.769124177,40.945640663],[-78.778322607,40.940905799],[-78.780552123,40.93308418],[-78.778729448,40.92964546],[-78.781341605,40.927813952],[-78.780922627,40.924374511],[-78.786447109,40.916070253],[-78.789828155,40.918145013],[-78.801566434,40.915754114],[-78.80797393,40.916746701],[-78.821936177,40.912990486],[-78.827962272,40.91579598],[-78.838616882,40.915748779],[-78.848521055,40.912892312],[-78.8484867,40.905687025],[-78.851301795,40.903981041],[-78.856776618,40.906370725],[-78.861672245,40.906044341],[-78.862231764,40.903661109],[-78.864678874,40.902840905],[-78.866156104,40.895521337],[-78.868697927,40.893856639],[-78.873353493,40.89421741],[-78.874657354,40.899678075],[-78.886035405,40.897574829],[-78.889521876,40.894676604],[-78.885363546,40.889859132],[-78.878888676,40.886407202],[-78.876330048,40.882455606],[-78.877500225,40.880335232],[-78.87259086,40.87721162],[-78.876970641,40.872624963],[-78.871920983,40.868852492],[-78.871954487,40.867069002],[-78.867154575,40.863559997],[-78.867025123,40.861942598],[-78.8633095,40.859911606],[-78.867508983,40.854567984],[-78.867377996,40.852139865],[-78.869787292,40.850626503],[-78.869098897,40.848310821],[-78.873602633,40.843875484],[-78.868437981,40.842194131],[-78.867349163,40.838123135],[-78.871971193,40.834123145],[-78.868894292,40.828803057],[-78.869488083,40.825423821],[-78.874896895,40.820634346],[-78.880978739,40.821853252],[-78.884006823,40.819150862],[-78.891576045,40.820996987],[-78.896259294,40.819727619],[-78.901887766,40.81321866],[-78.901071594,40.808945987],[-78.897704606,40.806310178],[-78.899693136,40.804129981],[-78.897687134,40.80065277],[-78.900687815,40.798547425],[-78.900187468,40.794650584],[-78.906568699,40.792033603],[-78.90506232,40.790573917],[-78.905345982,40.78744309],[-78.89952309,40.786692045],[-78.900225615,40.782472703],[-78.896746638,40.780313948],[-78.903382796,40.775498539],[-78.900894257,40.773118224],[-78.902787601,40.770974153],[-78.90168445,40.769005521],[-78.892572192,40.769861473],[-78.893502563,40.768155522],[-78.891845117,40.766033724],[-78.881364632,40.765696538],[-78.88110896,40.763755799],[-78.884537552,40.758382451],[-78.890318817,40.755461705],[-78.890987681,40.750622104],[-78.898161668,40.747562029],[-78.895023515,40.736516799],[-78.897390246,40.73508933],[-78.901687867,40.735896251],[-78.90479831,40.734076358],[-78.911352035,40.734739891],[-78.912993251,40.725389483],[-78.908713396,40.723856807],[-78.906749492,40.721231962],[-78.91129752,40.719823438],[-78.914348809,40.716323637],[-78.910528864,40.714667379],[-78.897683553,40.71449919],[-78.893644662,40.711593778],[-78.894827366,40.7103201],[-78.892462076,40.70868254],[-78.884639207,40.707997979],[-78.881405416,40.704790147],[-78.874019988,40.7091525],[-78.870690037,40.707881788],[-78.867999746,40.70427753],[-78.862578376,40.70307341],[-78.861831087,40.701169792],[-78.858327909,40.703061527],[-78.85222984,40.700890333],[-78.849437723,40.697848103],[-78.841082477,40.696261542],[-78.84508483,40.69096048],[-78.842237861,40.688751835],[-78.840865827,40.683818635],[-78.852363494,40.680647367],[-78.851746047,40.673315895],[-78.849038462,40.672799395],[-78.859947784,40.661569749],[-78.859803109,40.658477428],[-78.853883496,40.65739697],[-78.85352614,40.660122984],[-78.844903617,40.661748839],[-78.83508855,40.656763657],[-78.831514413,40.656494095],[-78.829789282,40.654038462],[-78.830880215,40.651803065],[-78.823113159,40.638563445],[-78.82408849,40.634717984],[-78.820022233,40.631534402],[-78.826010536,40.62990233],[-78.825728075,40.624540425],[-78.819864248,40.623685748],[-78.816618155,40.619356005],[-78.81237684,40.620163194],[-78.802686354,40.61305905],[-78.797024246,40.614056001],[-78.79049924,40.611692378],[-78.786405796,40.607643158],[-78.767808982,40.59976021],[-78.768478844,40.597533389],[-78.76613289,40.593915831],[-78.760170087,40.59079678],[-78.755971828,40.590885585],[-78.753330174,40.585348531],[-78.732674801,40.586591339],[-78.725884676,40.581990632],[-78.721655499,40.582622881],[-78.719754522,40.577561242],[-78.72065293,40.574859669],[-78.723135378,40.574020925],[-78.729397168,40.566150114],[-78.735251089,40.565705309],[-78.74061558,40.55418983],[-78.748066254,40.551947624],[-78.751299869,40.549124911],[-78.750104708,40.547168157],[-78.744620038,40.545139033],[-78.743288272,40.54245496],[-78.741590653,40.536793202],[-78.743394328,40.530470063],[-78.736936826,40.529175514],[-78.727372939,40.534120977],[-78.716854725,40.537028098],[-78.713951525,40.535538459],[-78.715179803,40.531918786],[-78.709215997,40.526715603],[-78.707698358,40.522749016],[-78.701090322,40.519875397],[-78.695528935,40.513780129],[-78.690925675,40.511329486],[-78.688456372,40.507836333],[-78.690249037,40.503400204],[-78.689234671,40.502668584],[-78.68204417,40.502810924],[-78.677460493,40.508168549],[-78.66386705,40.502084014],[-78.661016344,40.498268185],[-78.66405669,40.496237925],[-78.663703483,40.494122027],[-78.659817554,40.487702217],[-78.663823162,40.482044008],[-78.656128604,40.478950981],[-78.652795474,40.475614833],[-78.655636392,40.471314731],[-78.654479672,40.468767276],[-78.643460061,40.466521109],[-78.641634405,40.467707416],[-78.635179907,40.466092203],[-78.630022709,40.466922662],[-78.625688557,40.464146733],[-78.618116591,40.463179786],[-78.614912393,40.460629428],[-78.60782344,40.459234148],[-78.604346219,40.460976758],[-78.602514218,40.465680108],[-78.596705281,40.468988125],[-78.595271959,40.468994231],[-78.591983631,40.463776946],[-78.588011628,40.466291996],[-78.582253092,40.465994261],[-78.574246587,40.468506208],[-78.574962065,40.460423711],[-78.573638222,40.457428381],[-78.565817565,40.454545528],[-78.559457492,40.448635286],[-78.560337446,40.423979448],[-78.555782354,40.418826739],[-78.556349998,40.413412472],[-78.560239287,40.414000443],[-78.563250251,40.410838772],[-78.564995521,40.406492034],[-78.567684145,40.404415348],[-78.566267646,40.401020727],[-78.569535587,40.399074789],[-78.567263428,40.394901289],[-78.559564735,40.388847575],[-78.56329518,40.381874248],[-78.56380021,40.37635464],[-78.567346177,40.372074044],[-78.567443806,40.368937321],[-78.570632842,40.367511503],[-78.574366009,40.368974483],[-78.59023399,40.368235756],[-78.595105866,40.367526699],[-78.598819132,40.364900836],[-78.603216155,40.353912356],[-78.601725145,40.348691956],[-78.612742936,40.346304667],[-78.615190751,40.344029166],[-78.618652854,40.338033032],[-78.613827491,40.335607666],[-78.615239818,40.33205309],[-78.622541532,40.330645189],[-78.625775254,40.328219332],[-78.622535836,40.324282867],[-78.623122036,40.320621942],[-78.63012587,40.317600108],[-78.634632342,40.309150382],[-78.637406646,40.308174323],[-78.636417074,40.300411788],[-78.642398271,40.297374107],[-78.641820261,40.293738773],[-78.643577158,40.290706581],[-78.64049126,40.283821939],[-78.642520275,40.28327421],[-78.644139333,40.278832622],[-78.648148523,40.279167366],[-78.649182418,40.274954024],[-78.645094212,40.268779116],[-78.636526829,40.263119419],[-78.636564834,40.261490812],[-78.638036847,40.258891511],[-78.643015333,40.259142222],[-78.645090001,40.2545003],[-78.643386357,40.2499129],[-78.652207713,40.247871281],[-78.651036394,40.244615298],[-78.661842971,40.234826839],[-78.663744052,40.225649868],[-78.667008064,40.223547256],[-78.666168931,40.221252367],[-78.66764494,40.218005841],[-78.675461327,40.210528985],[-78.677717128,40.201312168],[-78.684249917,40.196773337],[-78.682810451,40.193203012],[-78.683605798,40.189639759],[-78.688106568,40.183301142],[-78.693879998,40.166253541],[-78.700867189,40.158865609],[-78.702181289,40.151959442],[-78.705094982,40.15056731],[-78.704570847,40.144565461],[-78.710065447,40.141013933],[-78.71164441,40.127397789],[-78.715449922,40.124391543],[-78.718559666,40.11317868],[-78.720866173,40.110416542],[-78.719657649,40.105031587],[-78.726167504,40.092310217],[-78.725684454,40.090011066],[-78.729290698,40.085416059],[-78.727903288,40.082940513],[-78.729181272,40.080263421],[-78.737108906,40.069656105],[-78.752636093,40.072951206],[-78.759438274,40.067963471],[-78.760439371,40.065874279],[-78.758211942,40.0578321],[-78.768491452,40.054240013],[-78.773931373,40.047353607],[-78.773613296,40.044196186],[-78.785788473,40.035658354],[-78.786421357,40.029438392],[-78.793441232,40.026219442],[-78.803456765,40.017667147],[-78.807674385,40.011068575],[-78.817170251,40.010997577],[-78.825263162,40.00585433],[-78.827375004,40.00204816],[-78.821306468,39.999864679],[-78.822651577,39.998226944],[-78.821757775,39.994334523],[-78.831111441,39.988030987],[-78.835598931,39.976524618],[-78.83762709,39.977076564],[-78.847429815,39.97277773],[-78.849551981,39.969467324],[-78.848956652,39.964707472],[-78.853338077,39.961664938],[-78.852802008,39.958803543],[-78.857901616,39.955044527],[-78.862013757,39.944973803],[-78.864146957,39.941821194],[-78.871845116,39.937577964],[-78.875826877,39.932435732],[-78.876197433,39.927816743],[-78.884648921,39.919629822],[-78.887127103,39.913682052],[-78.893216747,39.906628303],[-78.906004533,39.896930503],[-78.914678014,39.88590531],[-78.916954715,39.880078656],[-78.926645309,39.868405433],[-78.939579494,39.856383431],[-78.951635152,39.847785902],[-78.952344553,39.84127331],[-78.970500081,39.822551894],[-78.967162849,39.81960189],[-78.964514407,39.813024247],[-78.958455244,39.808817221],[-78.949721481,39.807200439],[-78.950148958,39.800985143],[-78.944644834,39.796963986],[-78.938672048,39.797102998],[-78.940394579,39.793299779],[-78.937648947,39.792517453],[-78.937733472,39.790243903],[-78.929150864,39.786074988],[-78.92575553,39.7881557],[-78.92203274,39.786545548],[-78.924357425,39.781182105],[-78.920631718,39.773407719],[-78.917646878,39.771485424],[-78.914226619,39.772501548],[-78.908724136,39.761684349],[-78.912426229,39.757690726],[-78.915182372,39.751252861],[-78.914659838,39.74690486],[-78.918613166,39.743262572],[-78.912079142,39.736905699],[-78.922737015,39.726959351],[-78.924371616,39.722150685],[-78.9325534,39.718218906],[-78.936328893,39.711642975],[-78.954887641,39.697156749],[-78.965700496,39.686016153],[-78.972087636,39.692387111],[-78.983461547,39.681380991],[-78.997590477,39.681367657],[-79.000938217,39.683075483],[-79.002994138,39.687911047],[-79.005128574,39.688938004],[-79.01755215,39.68861722],[-79.021490302,39.685835846],[-79.030274402,39.687911049],[-79.03812766,39.684134931],[-79.039534907,39.676120889],[-79.044558075,39.674648905],[-79.04701551,39.676179405],[-79.053890053,39.674095325],[-79.056111562,39.67029853],[-79.06020879,39.668475233],[-79.069331364,39.669518776],[-79.073275594,39.674476617],[-79.083929875,39.664729944],[-79.092443132,39.65261245],[-79.098386275,39.651676456],[-79.099755661,39.653591885],[-79.105291266,39.654364753],[-79.112726493,39.65137164],[-79.126472654,39.642587941],[-79.129820504,39.635509123],[-79.14038369,39.632237372],[-79.142785455,39.628599348],[-79.150302616,39.625938717],[-79.169002262,39.608280367],[-79.181399137,39.599298819],[-79.186772412,39.597737056],[-79.190650741,39.589403051],[-79.212736165,39.565877238],[-79.239283272,39.544753307],[-79.233711221,39.538344609],[-79.231849724,39.538308011],[-79.235563134,39.53653914],[-79.24273729,39.529212217],[-79.233154894,39.522318593],[-79.226575711,39.523320676],[-79.229650446,39.520793129],[-79.230540609,39.517284341],[-79.22682889,39.513832549],[-79.228583531,39.508175372],[-79.225736113,39.507449379],[-79.22310026,39.509299128],[-79.222059636,39.507577454],[-79.218073375,39.507072813],[-79.207452193,39.512701452],[-79.209592122,39.50704035],[-79.214038622,39.502716288],[-79.214624834,39.498993171],[-79.217688263,39.498047153],[-79.220204588,39.494217364],[-79.226202843,39.493763866],[-79.224208965,39.49092614],[-79.225598502,39.485383138],[-79.228570178,39.483931664],[-79.229333132,39.481607033],[-79.227509687,39.475994714],[-79.238669799,39.474602038],[-79.23850809,39.471776061],[-79.244176749,39.470991576],[-79.252692543,39.466824162],[-79.254040127,39.462880405],[-79.266719795,39.458678269],[-79.268050457,39.454778936],[-79.278835367,39.450908836],[-79.285679093,39.44514249],[-79.280187702,39.441871038],[-79.2814477,39.440671442],[-79.278747903,39.437257061],[-79.281928968,39.431967245],[-79.274847246,39.418784756],[-79.279935382,39.415852898],[-79.280887096,39.412805128],[-79.29106198,39.408075006],[-79.291551633,39.403991937],[-79.296038673,39.395759674],[-79.301101714,39.393773335],[-79.300654614,39.395762537],[-79.302046204,39.395524804],[-79.311219925,39.391446212],[-79.316067771,39.385315189],[-79.331020018,39.377822356],[-79.345010057,39.363754796],[-79.358773265,39.353123934],[-79.363113043,39.347002127],[-79.380660145,39.332211874],[-79.389972173,39.321536054],[-79.431209042,39.290647345],[-79.461489084,39.259586817],[-79.46992296,39.253387098],[-79.474727207,39.247111448],[-79.49944984,39.225140206],[-79.511009418,39.211666331],[-79.511813222,39.210115761],[-79.50729272,39.205917599],[-79.507859367,39.200604024],[-79.503294369,39.197063124],[-79.505263881,39.19513471],[-79.50474068,39.191927825],[-79.499203555,39.193336039],[-79.497248326,39.191728131],[-79.486299696,39.192567971],[-79.484259128,39.189336906],[-79.48054229,39.18840229],[-79.472831831,39.180896691],[-79.468164744,39.178596305],[-79.463238567,39.18183122],[-79.44312721,39.185668514],[-79.442203505,39.191690312],[-79.434395122,39.1914231],[-79.428967774,39.186500617],[-79.424075337,39.190734704],[-79.418950282,39.191239451],[-79.416279259,39.18901663],[-79.410667811,39.188677308],[-79.404677977,39.191239434],[-79.401724145,39.190049438],[-79.393857656,39.192101301],[-79.391949092,39.193643703],[-79.392922223,39.196772227],[-79.390702548,39.199334458],[-79.381940071,39.200047099],[-79.381426056,39.204287542],[-79.370503972,39.203331012],[-79.366728007,39.199433079],[-79.364427985,39.199275441],[-79.359506533,39.202855994],[-79.358031177,39.207685547],[-79.347421343,39.207382942],[-79.344839837,39.211579826],[-79.345596036,39.2135732],[-79.343960681,39.213990339],[-79.332060024,39.214473056],[-79.328556094,39.213326866],[-79.323616296,39.207893685],[-79.317750645,39.210747296],[-79.309677955,39.21117154],[-79.306648294,39.209554757],[-79.304047666,39.203963849],[-79.300607563,39.202845574],[-79.289581589,39.188873514],[-79.297598136,39.187832665],[-79.300134716,39.184854851],[-79.308983431,39.181989231],[-79.31323234,39.177036638],[-79.310871278,39.173278231],[-79.311696352,39.170062003],[-79.32119527,39.163942167],[-79.323856724,39.157986524],[-79.33124993,39.149810922],[-79.331026324,39.139714131],[-79.327299233,39.13596323],[-79.32667815,39.132087147],[-79.331301403,39.128030503],[-79.336058469,39.12666669],[-79.335443519,39.12427283],[-79.331644317,39.121866104],[-79.331390977,39.118500728],[-79.346034221,39.10873827],[-79.346575779,39.101170638],[-79.349658125,39.098608329],[-79.348763144,39.093320372],[-79.354952859,39.086546928],[-79.333399481,39.082751452],[-79.328825042,39.074784536],[-79.315767373,39.070450463],[-79.313624887,39.070073769],[-79.306377719,39.077178735],[-79.298140114,39.073472449],[-79.298960608,39.067738019],[-79.302625853,39.063671654],[-79.30124738,39.060459082],[-79.303297737,39.055740181],[-79.302233377,39.053304043],[-79.303911626,39.05137204],[-79.303865044,39.046679535],[-79.30811892,39.041027035],[-79.313572999,39.041495638],[-79.31831886,39.036709313],[-79.310785368,39.031253349],[-79.310924956,39.02349399],[-79.314472637,39.016270703],[-79.320519928,39.011907603],[-79.321109101,39.005113077],[-79.328566503,38.995504535],[-79.328123544,38.99152303],[-79.330514016,38.987199738],[-79.329332321,38.984480341],[-79.33046774,38.982175205],[-79.335976076,38.97818259],[-79.337935597,38.972793146],[-79.342472729,38.967851039],[-79.357296471,38.964273578],[-79.349284487,38.957479322],[-79.354171177,38.95380018],[-79.356944905,38.942752451],[-79.363507176,38.932769346],[-79.366180785,38.931451944],[-79.367922255,38.924397883],[-79.37334037,38.923025416],[-79.375945092,38.920490286],[-79.390796062,38.923343781],[-79.414114363,38.922494243],[-79.424030415,38.92872575],[-79.442275159,38.932436308],[-79.454572076,38.930097251],[-79.456243843,38.928994503],[-79.455886697,38.918478106],[-79.449596207,38.913151235],[-79.450238605,38.909363044],[-79.445864401,38.904453475],[-79.447889631,38.902050357],[-79.446654294,38.899709579],[-79.45846365,38.896138471],[-79.460564628,38.893160523],[-79.463333821,38.892255621],[-79.47395367,38.892052627],[-79.48268261,38.88635665],[-79.491942921,38.888543371],[-79.495368707,38.891324652],[-79.507826041,38.893751051],[-79.519759397,38.891613653],[-79.518335038,38.884553676],[-79.51017002,38.875856509],[-79.512683058,38.866750403],[-79.522935466,38.856171812],[-79.530290643,38.852103011],[-79.531563517,38.84806538],[-79.538517225,38.84359103],[-79.539402063,38.841264313],[-79.523337789,38.830955089],[-79.529687212,38.819375671],[-79.527591916,38.813864493],[-79.51659751,38.808457107],[-79.507328986,38.800270461],[-79.506128991,38.793972621],[-79.510050303,38.788098659],[-79.508716146,38.783587286],[-79.510575082,38.780640349],[-79.515638077,38.779378095],[-79.515695708,38.77711435],[-79.526294067,38.764379296],[-79.527136301,38.760054739],[-79.535483598,38.746384133],[-79.543258692,38.746680826],[-79.546651457,38.735371209],[-79.557636521,38.730782027],[-79.557607794,38.727143004],[-79.561093434,38.724145695],[-79.560512496,38.71747986],[-79.56571627,38.713215645],[-79.571317471,38.713496196],[-79.577023812,38.701579014],[-79.588096288,38.694478154],[-79.587638863,38.689874449],[-79.598466047,38.686484338],[-79.597157764,38.682184855],[-79.601509924,38.679767905],[-79.598284307,38.675901312],[-79.59884512,38.672185596],[-79.593774287,38.665296192],[-79.595856103,38.662992173],[-79.615947387,38.667714499],[-79.619756571,38.666908578],[-79.622481187,38.668589235],[-79.627004225,38.665018648],[-79.62636545,38.662731126],[-79.61804027,38.658629288],[-79.62569842,38.646567486],[-79.630781211,38.643943157],[-79.633574148,38.635984282],[-79.629535786,38.633664149],[-79.627382356,38.628597205],[-79.6284637,38.626608926],[-79.619404992,38.622950731],[-79.619316222,38.620222076],[-79.623140891,38.614446612],[-79.627973661,38.611601363],[-79.626752575,38.607634428],[-79.633080442,38.606992848],[-79.643293335,38.602348017],[-79.642089532,38.600291658],[-79.643323962,38.597804924],[-79.646265542,38.597758098],[-79.650033466,38.593635393],[-79.649139428,38.591342516],[-79.655508016,38.582240545],[-79.655401988,38.578544127],[-79.657816905,38.57321534],[-79.662521297,38.571127819],[-79.65910904,38.562793545],[-79.662933368,38.560474856],[-79.665524839,38.560934877],[-79.667206084,38.553622346],[-79.66995648,38.550661226],[-79.668719975,38.548322727],[-79.67110301,38.541707836],[-79.667013047,38.538755426],[-79.673115974,38.528808298],[-79.665345794,38.522607894],[-79.662099427,38.515110604],[-79.668432092,38.512550431],[-79.670220191,38.508107855],[-79.67503016,38.51071733],[-79.680568206,38.510668167],[-79.682830744,38.501849245],[-79.688647552,38.496211123],[-79.692005411,38.496877252],[-79.695051825,38.493981002],[-79.696010199,38.488382332],[-79.697766654,38.487132469],[-79.695725922,38.481575704],[-79.69341644,38.480767406],[-79.699534086,38.474734256],[-79.699418691,38.469845315],[-79.695274901,38.468750597],[-79.690818345,38.463660287],[-79.688124304,38.455285702],[-79.688149577,38.450802752],[-79.691772854,38.446482501],[-79.689246986,38.442418247],[-79.691550706,38.439720169],[-79.689814862,38.431075715],[-79.696634108,38.42669047],[-79.695244855,38.423421239],[-79.699664651,38.422050108],[-79.707291434,38.415162182],[-79.709373144,38.41169369],[-79.708819288,38.409847726],[-79.717850006,38.401335803],[-79.723007653,38.388996022],[-79.727573033,38.385857968],[-79.727188215,38.383747148],[-79.730364581,38.380537144],[-79.731475276,38.373060916],[-79.726747827,38.371098213],[-79.725493123,38.363865279],[-79.732093816,38.359827715],[-79.734548659,38.355563344],[-79.741745443,38.353264401],[-79.755753704,38.35729175],[-79.764568138,38.356578986],[-79.767346489,38.35332916],[-79.765746485,38.351303897],[-79.770086906,38.347984191],[-79.767538316,38.34412976],[-79.773313537,38.335524597],[-79.77813423,38.332040647],[-79.785869932,38.331099325],[-79.787312632,38.328410963],[-79.789894888,38.3281743],[-79.796592062,38.323361946],[-79.799648353,38.317126243],[-79.802198047,38.316318536],[-79.809339239,38.308848958],[-79.810214837,38.304804631],[-79.804138203,38.298693269],[-79.803244777,38.292978273],[-79.797555979,38.291910542],[-79.791917486,38.285196715],[-79.789834235,38.277152421],[-79.786683865,38.274786075],[-79.788719233,38.26861954],[-79.798067227,38.266247636],[-79.802030836,38.26107716],[-79.806635918,38.259260558],[-79.811557331,38.260843546],[-79.815921734,38.254777688],[-79.814868267,38.251606695],[-79.819744602,38.248121005],[-79.824530407,38.250114087],[-79.830699371,38.2499325],[-79.833130209,38.247559899],[-79.834709418,38.241906507],[-79.844507212,38.241227239],[-79.850105438,38.233574181],[-79.856455822,38.231280212],[-79.861457559,38.224762329],[-79.873281756,38.215860683],[-79.874601533,38.212822627],[-79.88315806,38.206951563],[-79.886202343,38.208048643],[-79.89171577,38.20437802],[-79.892867238,38.200051102],[-79.897308263,38.195684615],[-79.897085294,38.193804148],[-79.907779988,38.187811957],[-79.914231982,38.188417433],[-79.916325344,38.186358725],[-79.915886533,38.184436012],[-79.920442886,38.18215573],[-79.920915185,38.180027908],[-79.916302881,38.177087562],[-79.918862339,38.170208241],[-79.914860758,38.167731439],[-79.915861121,38.163236056],[-79.919390259,38.162973223],[-79.918269884,38.154877366],[-79.925699988,38.15017719],[-79.928374111,38.145080114],[-79.928945677,38.139853476],[-79.932279672,38.13661813],[-79.934868749,38.134960068],[-79.942973646,38.13426855],[-79.945141502,38.132196159],[-79.941359655,38.12545776],[-79.943741828,38.123206924],[-79.940977643,38.120876231],[-79.94151978,38.117121118],[-79.939378641,38.111477597],[-79.926355593,38.106955954],[-79.947194674,38.085356535],[-79.953866892,38.0812609],[-79.960989205,38.068042801],[-79.961706035,38.065552807],[-79.959698128,38.064481466],[-79.96225061,38.058293858],[-79.973034973,38.041670186],[-79.973877359,38.03910345],[-79.971653574,38.035467852],[-79.974070234,38.034698858],[-79.973560436,38.032561268],[-79.975226154,38.030179635],[-79.979949911,38.027805109],[-79.983347545,38.022985782],[-79.985667647,38.019325508],[-79.98593498,38.014178872],[-79.989111423,38.014055107],[-79.995124304,38.007786287],[-79.995585247,38.002626018],[-79.996557014,38.000498443],[-79.999039356,37.999734622],[-79.999618376,37.994969626],[-80.012584559,37.988533529],[-80.013387325,37.984677252],[-80.029357079,37.974021496],[-80.037246289,37.965908379],[-80.040510052,37.965586148],[-80.044409906,37.960172481],[-80.046960529,37.959924874],[-80.048000091,37.957702141],[-80.050961771,37.957109819],[-80.056185133,37.952033355],[-80.07436993,37.942474902],[-80.075774626,37.939134653],[-80.091468391,37.926715933],[-80.092036208,37.92364114],[-80.096933257,37.917968299],[-80.102896024,37.918854608],[-80.107503721,37.912497772],[-80.117035731,37.906359177],[-80.119205987,37.903301489],[-80.117974373,37.897711127],[-80.120977801,37.896747609],[-80.12346784,37.898011292],[-80.130294816,37.89367313],[-80.131639944,37.889458586],[-80.141506454,37.882607602],[-80.148687781,37.886533364],[-80.149634477,37.883724513],[-80.155739992,37.880990489],[-80.161900374,37.875504602],[-80.165603369,37.870391711],[-80.165140025,37.868599736],[-80.168561779,37.867609399],[-80.172113486,37.862182949],[-80.171460058,37.858847895],[-80.176027521,37.855569696],[-80.176655815,37.852877169],[-80.181159698,37.853007655],[-80.183395571,37.850357626],[-80.18339114,37.846212635],[-80.1789995,37.840012171],[-80.190051125,37.834789345],[-80.193020866,37.834784893],[-80.194119563,37.832056257],[-80.202887329,37.824014227],[-80.206157987,37.815975465],[-80.216430525,37.809382364],[-80.218300708,37.809859511],[-80.227757608,37.798336696],[-80.229629244,37.792881298],[-80.226006581,37.789751227],[-80.226371216,37.78831031],[-80.222845216,37.786555009],[-80.224407403,37.785448374],[-80.224199834,37.783008379],[-80.222329466,37.781497552],[-80.219006111,37.783382637],[-80.215902367,37.782134861],[-80.215587361,37.777298573],[-80.216734474,37.776247077],[-80.221269819,37.778068579],[-80.225066732,37.776816656],[-80.227235678,37.778876319],[-80.230535863,37.778312169],[-80.235654085,37.773258772],[-80.240739495,37.772611125],[-80.241607071,37.767726698],[-80.244525781,37.766894158],[-80.248137643,37.768424731],[-80.251416164,37.763406916],[-80.249050204,37.757687953],[-80.25091257,37.755597186],[-80.257215591,37.756398803],[-80.260192258,37.750016462],[-80.259330766,37.744948336],[-80.262284335,37.741499482],[-80.262660369,37.738174131],[-80.260128244,37.733051769],[-80.251613883,37.729525831],[-80.252746366,37.725873886],[-80.258600887,37.720408266],[-80.264387591,37.718705484],[-80.268940786,37.712207194],[-80.272242461,37.711314963],[-80.282855944,37.697478337],[-80.286139982,37.698468338],[-80.289082931,37.694100867],[-80.291901035,37.692704376],[-80.303081452,37.689272659],[-80.306469057,37.68990457],[-80.318495361,37.685575498],[-80.318298089,37.681202792],[-80.328220545,37.672092822],[-80.346701158,37.641475227],[-80.342549052,37.637362669],[-80.3364413,37.635093929],[-80.327001711,37.645371079],[-80.324112137,37.646427017],[-80.321459919,37.645581308],[-80.321209013,37.642223463],[-80.310231506,37.637236906],[-80.311843242,37.631104143],[-80.320375907,37.626288134],[-80.326702876,37.624913367],[-80.343661227,37.612610099],[-80.356438327,37.605562298],[-80.352492141,37.604240938],[-80.352215498,37.602248368],[-80.341318007,37.594918077],[-80.335115461,37.596283958],[-80.333350218,37.590750524],[-80.329924587,37.588011838],[-80.326312725,37.587867083],[-80.328078814,37.584425637],[-80.327113617,37.581945956],[-80.329767027,37.579743389],[-80.318080092,37.568562575],[-80.324336522,37.565305238],[-80.326026755,37.562268471],[-80.366821041,37.54368365],[-80.387150878,37.531393603],[-80.416176652,37.517419866],[-80.433779796,37.510410821],[-80.437484329,37.510225666],[-80.44192877,37.507272231],[-80.457328474,37.503091781],[-80.479351247,37.492833843],[-80.481073011,37.489298683],[-80.483844747,37.487986435],[-80.491386474,37.485812887],[-80.496115636,37.486188226],[-80.498365944,37.483022959],[-80.502805576,37.482016019],[-80.501917815,37.47816948],[-80.495530605,37.472806834],[-80.49805185,37.470554998],[-80.492500368,37.46443377],[-80.500833393,37.460058999],[-80.496695871,37.44963175],[-80.497817844,37.445756521],[-80.494993774,37.442214813],[-80.493478446,37.442628032],[-80.490704922,37.438950679],[-80.46654473,37.444750961],[-80.461896494,37.440663532],[-80.46513969,37.437559095],[-80.465134798,37.43548759],[-80.463458145,37.433337128],[-80.458220362,37.431778418],[-80.465110841,37.425975842],[-80.491720714,37.417648763],[-80.492768747,37.409373417],[-80.496568756,37.407742246],[-80.495657851,37.399787951],[-80.498528773,37.396260944],[-80.514036364,37.387864193],[-80.512442169,37.384289076],[-80.521818125,37.381913394],[-80.525922035,37.3786431],[-80.518769658,37.37305082],[-80.520757026,37.361972625],[-80.526256955,37.35888204],[-80.531244468,37.351985623],[-80.537079143,37.350235879],[-80.541162391,37.343978559],[-80.53299638,37.340366392],[-80.510224095,37.347686884],[-80.487751541,37.359078026],[-80.471516424,37.363766387],[-80.465755929,37.367616061],[-80.450453692,37.373255502],[-80.440947162,37.370669911],[-80.439714893,37.373223848],[-80.427578682,37.378165758],[-80.40278989,37.383909426],[-80.390761347,37.388319434],[-80.385879021,37.385907401],[-80.345836195,37.40954215],[-80.325032638,37.426723899],[-80.262066372,37.458907053],[-80.240378749,37.463983461],[-80.237458347,37.456544429],[-80.232448137,37.457245662],[-80.229750023,37.45363531],[-80.22271045,37.454466889],[-80.212266369,37.448231427],[-80.212651378,37.446246173],[-80.216083835,37.444516245],[-80.210006146,37.438803896],[-80.208808594,37.434563662],[-80.213239015,37.432590485],[-80.227044063,37.431024103],[-80.232243435,37.428659114],[-80.275363102,37.397719739],[-80.32439907,37.369379797],[-80.343000185,37.353619914],[-80.395387903,37.330144212],[-80.415834236,37.324365049],[-80.467204117,37.293751558],[-80.461799038,37.286660833],[-80.453239108,37.284923161],[-80.447069822,37.279209072],[-80.429629242,37.292959662],[-80.412452928,37.300251599],[-80.404703699,37.301124656],[-80.400592599,37.292721866],[-80.396109218,37.290562575],[-80.395462019,37.285460525],[-80.392113695,37.283820457],[-80.392704156,37.281526984],[-80.394619102,37.280785652],[-80.394622996,37.277261658],[-80.397874098,37.27445935],[-80.38721098,37.273224727],[-80.387021698,37.268620857],[-80.389148292,37.267938949],[-80.38780904,37.261483252],[-80.394114985,37.259936679],[-80.397260077,37.262277604],[-80.410195571,37.252179522],[-80.408616376,37.247724007],[-80.403746552,37.243924479],[-80.398116713,37.24382714],[-80.400600778,37.238543451],[-80.396744022,37.231117343],[-80.397895615,37.227495449],[-80.395567981,37.224771894],[-80.396462596,37.222174509],[-80.406954396,37.221638023],[-80.406147125,37.216743028],[-80.407570739,37.214774006],[-80.405198916,37.213386846],[-80.404556537,37.208082855],[-80.401398497,37.207873933],[-80.406643804,37.20419772],[-80.40491729,37.202212745],[-80.405777901,37.200516178],[-80.403224909,37.195777977],[-80.405292557,37.194788413],[-80.403267821,37.191580582],[-80.403829794,37.189596117],[-80.407937762,37.187321927],[-80.408858477,37.184276354],[-80.416083153,37.1809133],[-80.420478216,37.176157529],[-80.423153997,37.175982342],[-80.418462889,37.173763128],[-80.417078714,37.168733861],[-80.413621982,37.16456951],[-80.417168463,37.160953425],[-80.414262352,37.154204164],[-80.407587579,37.151437143],[-80.404204863,37.151895215],[-80.400635361,37.145865832],[-80.39374661,37.143094425],[-80.390814637,37.138834093],[-80.371752345,37.140399932],[-80.36811577,37.141957131],[-80.366673054,37.138104277],[-80.367919021,37.13708892],[-80.366594927,37.13280308],[-80.370831161,37.131536157],[-80.369617362,37.128312114],[-80.372027086,37.128354824],[-80.373410125,37.125961149],[-80.374139342,37.122713685],[-80.37259398,37.117583837],[-80.374144333,37.115061446],[-80.387072436,37.115265913],[-80.387761251,37.113920267],[-80.386270657,37.112568529],[-80.387915003,37.112040625],[-80.388033785,37.109815082],[-80.395595445,37.108357213],[-80.395826959,37.11249299],[-80.400766008,37.114974959],[-80.398884888,37.116561963],[-80.40171537,37.118651782],[-80.414730617,37.116457213],[-80.430573128,37.119417616],[-80.431003975,37.116613685],[-80.429528461,37.114699566],[-80.432200504,37.110799142],[-80.436331039,37.11038039],[-80.440301472,37.106770305],[-80.437141481,37.105193059],[-80.43703092,37.102062322],[-80.445455476,37.098657224],[-80.444089888,37.096207404],[-80.445577129,37.094689599],[-80.453267987,37.091971145],[-80.455207133,37.089764594],[-80.452785289,37.087077182],[-80.453740216,37.083853664],[-80.452584526,37.077682017],[-80.441336416,37.07470631],[-80.436565015,37.07601483],[-80.435069838,37.071593299],[-80.433186062,37.071714283],[-80.4317216,37.06963612],[-80.433454582,37.067961731],[-80.426678321,37.06735251],[-80.425553851,37.064492661],[-80.427643942,37.062377159],[-80.422969177,37.058729235],[-80.424366118,37.057011279],[-80.423566661,37.055132824],[-80.421476612,37.054544083],[-80.41724011,37.047176903],[-80.413702202,37.04679396],[-80.409075146,37.041825316],[-80.406657518,37.044395043],[-80.390881028,37.052109903],[-80.375036142,37.056105849],[-80.373807877,37.059587179],[-80.367599903,37.061015176],[-80.36642604,37.062538074],[-80.367342426,37.064635884],[-80.358498235,37.068708032],[-80.35942268,37.073077813],[-80.365720096,37.075063752],[-80.366998509,37.078577407],[-80.365208,37.080514951],[-80.351229875,37.079382522],[-80.344968071,37.081398404],[-80.340988972,37.07870615],[-80.338494662,37.081097405],[-80.331661505,37.079118423],[-80.3313401,37.075832177],[-80.319846197,37.07050212],[-80.311332007,37.07075833],[-80.300648554,37.074576322],[-80.295707075,37.073007313],[-80.28820416,37.077227424],[-80.285741349,37.072561486],[-80.287301248,37.071389836],[-80.287919882,37.064637427],[-80.286191965,37.062306091],[-80.27826953,37.062012974],[-80.267616911,37.053292725],[-80.265845292,37.049698731],[-80.262460053,37.048875385],[-80.264084095,37.047731555],[-80.263936518,37.041382982],[-80.257260158,37.039234069],[-80.255102804,37.041199441],[-80.2520834,37.039799283],[-80.248862667,37.041387188],[-80.247493396,37.038404495],[-80.242091714,37.039139045],[-80.242445865,37.03763961],[-80.23881692,37.03616521],[-80.237523629,37.033841298],[-80.232819986,37.034857111],[-80.231238806,37.033366844],[-80.222347767,37.037492329],[-80.215578858,37.034681844],[-80.213588415,37.040235926],[-80.209838776,37.041162501],[-80.208334527,37.043650234],[-80.204857418,37.042552166],[-80.201985708,37.047402433],[-80.196633496,37.045092777],[-80.194873338,37.050381267],[-80.181173745,37.051196001],[-80.182439934,37.055685812],[-80.180620233,37.056588665],[-80.175951558,37.054450052],[-80.174048102,37.060299602],[-80.168228957,37.060108482],[-80.167801951,37.067642126],[-80.165351214,37.070281237],[-80.159689505,37.071859425],[-80.150046569,37.078845428],[-80.144232038,37.080942615],[-80.135704457,37.081290975],[-80.127630793,37.085108651],[-80.121951467,37.084079236],[-80.118541511,37.086498258],[-80.111646929,37.086803763],[-80.112053473,37.082560095],[-80.108269905,37.079805474],[-80.109366243,37.077591044],[-80.108002932,37.07354634],[-80.111916517,37.068881241],[-80.112673705,37.064662858],[-80.117818449,37.064630373],[-80.123335124,37.055216137],[-80.1193048,37.05191883],[-80.119999776,37.049622506],[-80.111991738,37.046923647],[-80.114139665,37.039328214],[-80.11173376,37.037793468],[-80.111759901,37.030657824],[-80.106290713,37.028782052],[-80.104657737,37.026400437],[-80.106159467,37.025121307],[-80.115686296,37.024877704],[-80.112688333,37.018801181],[-80.11452777,37.017492564],[-80.112645334,37.013860322],[-80.116343076,37.011266813],[-80.113611836,37.009518027],[-80.118006413,37.007307613],[-80.121460825,37.008097991],[-80.123099636,37.005094311],[-80.126079039,37.004452284],[-80.129999872,37.006412632],[-80.134355787,37.006002789],[-80.134235312,37.001731674],[-80.136024307,36.998703265],[-80.130261586,36.995727728],[-80.12525281,36.996167402],[-80.121420097,36.991698433],[-80.137543909,36.986054455],[-80.137892334,36.983155348],[-80.144407457,36.979966472],[-80.141142313,36.976937305],[-80.142428351,36.975852041],[-80.138868603,36.971921439],[-80.139601828,36.969993961],[-80.134628336,36.964751425],[-80.140161144,36.963615371],[-80.139123373,36.961476372],[-80.145893234,36.954164915],[-80.14394795,36.951860024],[-80.14528359,36.949520293],[-80.152023623,36.95189222],[-80.154263285,36.948598912],[-80.158171337,36.948616122],[-80.162209842,36.952814307],[-80.162215864,36.954917165],[-80.171720083,36.953293928],[-80.17690947,36.949240009],[-80.179476487,36.942121884],[-80.184807473,36.939696398],[-80.184692135,36.936612998],[-80.182875844,36.934950539],[-80.186826203,36.933312768],[-80.18674079,36.929760327],[-80.189632306,36.929727028],[-80.191009477,36.928017155],[-80.190095522,36.926366998],[-80.191894864,36.921754063],[-80.197725877,36.921130434],[-80.203397624,36.917005939],[-80.202496371,36.911730587],[-80.200460745,36.910669307],[-80.211273427,36.908443624],[-80.215994502,36.910549764],[-80.225269111,36.907665878],[-80.234542696,36.907645545],[-80.232623022,36.904150466],[-80.232823045,36.899536243],[-80.240479604,36.897492038],[-80.238507709,36.894052719],[-80.239632026,36.892497907],[-80.237860313,36.890359628],[-80.23786325,36.887102264],[-80.245387215,36.883216449],[-80.243007566,36.880722344],[-80.244822115,36.877816319],[-80.247030703,36.879721559],[-80.254841764,36.876632431],[-80.255803654,36.87236473],[-80.253403364,36.870691004],[-80.255530041,36.863912991],[-80.268876737,36.862685241],[-80.27266327,36.859035499],[-80.274399162,36.861902354],[-80.276796357,36.861889191],[-80.280395795,36.859438337],[-80.287919217,36.858947886],[-80.291717382,36.85475418],[-80.290629386,36.853018389],[-80.293651083,36.852022442],[-80.294298604,36.847639146],[-80.300046936,36.846276315],[-80.305645452,36.842656182],[-80.309512321,36.84405923],[-80.317822114,36.843541088],[-80.321452292,36.840245047],[-80.321487929,36.837630696],[-80.32697768,36.836198858],[-80.328372054,36.833885852],[-80.32688637,36.832579637],[-80.328860722,36.830512407],[-80.342895202,36.833352252],[-80.345416365,36.829581568],[-80.343071127,36.827645456],[-80.34189538,36.820162444],[-80.34465224,36.81348567],[-80.350372798,36.810959392],[-80.350386265,36.808700603],[-80.36071273,36.80505363],[-80.36154132,36.803185823],[-80.366155456,36.804326736],[-80.371497537,36.802786995],[-80.374417601,36.804609105],[-80.380534776,36.800225077],[-80.387578119,36.797645628],[-80.390912405,36.790242356],[-80.385542457,36.785296821],[-80.385771128,36.783146875],[-80.391390967,36.780376905],[-80.392156816,36.777152171],[-80.387775073,36.773786272],[-80.38731127,36.77043033],[-80.396970329,36.764781102],[-80.397762796,36.762976315],[-80.396634967,36.751622075],[-80.392709723,36.748646656],[-80.395863588,36.746633435],[-80.394780284,36.744424222],[-80.398778707,36.742262748],[-80.402797002,36.744179321],[-80.411657083,36.74189611],[-80.426011431,36.744250465],[-80.430216797,36.74292931],[-80.443390315,36.747938897],[-80.449491315,36.745076876],[-80.455482221,36.73923186],[-80.458314537,36.739028477],[-80.458869951,36.738015268],[-80.45299096,36.734142851],[-80.4532214,36.728865778],[-80.456205329,36.729104197],[-80.457174015,36.726395622],[-80.462019543,36.724584505],[-80.464426382,36.709010859],[-80.454969604,36.705149005],[-80.453666886,36.700426782],[-80.455923259,36.699851684],[-80.458539477,36.694096874],[-80.460739101,36.693342569],[-80.46010416,36.68769607],[-80.463696181,36.681710104],[-80.463081663,36.679217068],[-80.465256856,36.677433318],[-80.465937362,36.673105403],[-80.474436075,36.668153158],[-80.478529785,36.667611484],[-80.480823865,36.664867694],[-80.486680529,36.665647302],[-80.486523663,36.663207669],[-80.489232849,36.662254297],[-80.489702733,36.656573833],[-80.488006169,36.653954942],[-80.48914971,36.650499389],[-80.490449445,36.652396613],[-80.50217169,36.656816147],[-80.505336473,36.652626942],[-80.510544124,36.651455317],[-80.513853691,36.648900361],[-80.51669922,36.649865983],[-80.51813759,36.647784345],[-80.526105392,36.644449945],[-80.530285204,36.645471947],[-80.539115749,36.641050966],[-80.550641514,36.643574523],[-80.549306499,36.647980681],[-80.551909282,36.649742866],[-80.552741892,36.652645018],[-80.562822007,36.65185481],[-80.564991303,36.652928731],[-80.564679917,36.655479006],[-80.574368572,36.658650135],[-80.576964149,36.662004896],[-80.582407594,36.662603305],[-80.582469383,36.660245484],[-80.585726414,36.656520327],[-80.593461739,36.660827725],[-80.605634631,36.662600163],[-80.608590385,36.666736134],[-80.616395259,36.670768779],[-80.617150508,36.67387633],[-80.624701743,36.671194121],[-80.628430112,36.667463133],[-80.632518106,36.670264778],[-80.636191719,36.669513204],[-80.640754433,36.67095128],[-80.650273978,36.667143474],[-80.659465078,36.67010521],[-80.665911763,36.667136464],[-80.674342284,36.670512065],[-80.678944758,36.667184724],[-80.685586465,36.669937401],[-80.687529683,36.666238403],[-80.694088647,36.665232687],[-80.694228506,36.662243082],[-80.696321661,36.661308008],[-80.702701045,36.651788213],[-80.702132356,36.649544856],[-80.710399246,36.651519356],[-80.711484718,36.649117405],[-80.719897199,36.64992515],[-80.724561796,36.647714981],[-80.727333591,36.645452818],[-80.727542304,36.64017259],[-80.733178115,36.635350542],[-80.743888661,36.629940577],[-80.746025512,36.62692497],[-80.756331519,36.623297671],[-80.762959023,36.625599404],[-80.766240108,36.622106826],[-80.767833928,36.617167139],[-80.772429007,36.617127352],[-80.775502322,36.61919865],[-80.779682059,36.614580902],[-80.780222239,36.608682126],[-80.783591585,36.60673061],[-80.789046839,36.605333661],[-80.79521474,36.606915944],[-80.796417205,36.605499123],[-80.802034713,36.607652885],[-80.813956391,36.607976191],[-80.814349214,36.611925467],[-80.820033336,36.615216225],[-80.824680493,36.623049233],[-80.826356865,36.622540158],[-80.827278214,36.621330971],[-80.822526611,36.612181526],[-80.824471507,36.609852515],[-80.824283882,36.604905956],[-80.829051801,36.602326275],[-80.828855892,36.601038346],[-80.826972304,36.595106499],[-80.821241805,36.590010829],[-80.822168198,36.582434364],[-80.825336458,36.582024453],[-80.826345864,36.580169602],[-80.825676959,36.577087912],[-80.821507303,36.574354605],[-80.819514041,36.568533439],[-80.823842882,36.5590491],[-80.832772701,36.555576111],[-80.835379118,36.558779622],[-80.8402526,36.559167319],[-80.843686541,36.563794039],[-80.856950615,36.564284856],[-80.863497092,36.570412828],[-80.872670723,36.573401133],[-80.876816175,36.57185121],[-80.879778567,36.568252345],[-80.883349014,36.569233378],[-80.885929445,36.566645367],[-80.886160537,36.562638157],[-80.888820237,36.561348483],[-80.894885776,36.562088634],[-80.898441777,36.566485153],[-80.900714342,36.565758471],[-80.899879231,36.564118483],[-80.902291727,36.562528081],[-80.90185867,36.560739921],[-80.908460929,36.556657141],[-80.906981519,36.553888795],[-80.909146035,36.550637461],[-80.912026906,36.552471046],[-80.917897669,36.548663835],[-80.918807711,36.54651836],[-80.916882096,36.544566561],[-80.918966299,36.541033731],[-80.924844837,36.53863843],[-80.930133973,36.540007512],[-80.933249419,36.538651854],[-80.931335673,36.536163628],[-80.93394955,36.533699895],[-80.933431863,36.528763241],[-80.935967111,36.527787525],[-80.941403875,36.529628295],[-80.946988295,36.527766938],[-80.941671052,36.521621363],[-80.940296616,36.518078536],[-80.9412699,36.51670163],[-80.938709275,36.513576445],[-80.937223167,36.505127057],[-80.938229166,36.504091213],[-80.934508814,36.497981872],[-80.943610391,36.496810025],[-80.947231229,36.489740251],[-80.958804298,36.483473108],[-80.970572796,36.472570675],[-80.968856932,36.468995566],[-80.971814687,36.462292856],[-80.968570365,36.459713094],[-80.971584113,36.457712637],[-80.971063843,36.455502684],[-80.977316132,36.451576657],[-80.986310891,36.439996532],[-80.988990895,36.435966255],[-80.986496001,36.433502715],[-80.993712376,36.430748788],[-80.999739142,36.430564727],[-80.999537279,36.42668535],[-81.003279366,36.423147],[-81.003340304,36.421671611],[-81.00014569,36.420978116],[-80.998552739,36.416976056],[-80.995538837,36.415862409],[-80.991909321,36.417522727],[-80.986843979,36.412884703],[-80.979773319,36.413245314],[-80.976989036,36.415855342],[-80.973694067,36.415330604],[-80.971411412,36.416679722],[-80.965217021,36.414141628],[-80.969773194,36.406865771],[-80.968121994,36.402431893],[-80.97088909,36.399468173],[-80.974913911,36.400184989],[-80.978733356,36.398627641],[-80.980461329,36.392059628],[-80.98249985,36.39041895],[-80.986562815,36.396502885],[-80.993120113,36.39736118],[-81.001073081,36.401020432],[-81.005405563,36.408353584],[-81.011145887,36.409495332],[-81.018425976,36.406845776],[-81.024536431,36.410912759],[-81.021603185,36.417528121],[-81.025817407,36.420438486],[-81.034381298,36.419623368],[-81.037224108,36.423409215],[-81.04014033,36.421704431],[-81.046345001,36.425538196],[-81.048627484,36.424850868],[-81.049833712,36.422305751],[-81.055539966,36.425120825],[-81.058831802,36.432519373],[-81.062843156,36.434957744],[-81.063354387,36.436877759],[-81.067357759,36.438274769],[-81.066866167,36.447152797],[-81.073158644,36.446616969],[-81.080667465,36.441433229],[-81.087642611,36.442439826],[-81.095070785,36.441202285],[-81.098719872,36.437385007],[-81.098374018,36.433210901],[-81.105782368,36.434251759],[-81.11081175,36.431210885],[-81.113977069,36.432310639],[-81.12474513,36.427837829],[-81.129696182,36.428728527],[-81.133913268,36.423962646],[-81.140666923,36.421695613],[-81.143259366,36.418662392],[-81.148073968,36.418825735],[-81.146872703,36.422640833],[-81.148056973,36.424288502],[-81.167959816,36.434985798],[-81.177612116,36.433629055],[-81.17804849,36.431792045],[-81.18150244,36.42979541],[-81.181169048,36.423838127],[-81.184367168,36.420434943],[-81.192140747,36.420853067],[-81.194468517,36.415045303],[-81.19660598,36.414445312],[-81.195474813,36.409989991],[-81.198811942,36.405028061],[-81.197592773,36.399290952],[-81.201293116,36.396524042],[-81.200091962,36.39088449],[-81.207027278,36.387143721],[-81.219066633,36.38374555],[-81.221235901,36.377250647],[-81.230938567,36.375375851],[-81.243288157,36.365895519],[-81.251084886,36.367437965],[-81.258231673,36.363788792],[-81.262145119,36.365526144],[-81.268156458,36.362747876],[-81.271943182,36.364153615],[-81.280314071,36.363442093],[-81.286463825,36.36893733],[-81.292150475,36.367127881],[-81.298216288,36.368791602],[-81.305599793,36.366844272],[-81.319132109,36.371194364],[-81.319621668,36.377946604],[-81.321477362,36.378878965],[-81.335587263,36.373366708],[-81.338379006,36.37035284],[-81.348000203,36.369246692],[-81.351586982,36.366978624],[-81.354980375,36.368955559],[-81.358501794,36.367920115],[-81.363480763,36.364233097],[-81.362210769,36.361315364],[-81.366374634,36.359092653],[-81.371073551,36.360190299],[-81.372828072,36.358337617],[-81.372194818,36.353579994],[-81.375408612,36.344639834],[-81.372618738,36.335974427],[-81.374959076,36.334232046],[-81.374319709,36.331362416],[-81.371311382,36.330341701],[-81.368190482,36.326704578],[-81.368999005,36.320233515],[-81.367159418,36.317245479],[-81.358803459,36.311344639],[-81.359252637,36.303810604],[-81.365093051,36.303523003],[-81.368006768,36.300642399],[-81.368669815,36.296988756],[-81.372836995,36.291221798],[-81.370379062,36.287022434],[-81.37888992,36.278970255],[-81.387956095,36.282939531],[-81.389997116,36.286780067],[-81.392035487,36.286179802],[-81.400410079,36.29045028],[-81.402650773,36.28994672],[-81.408387778,36.293985191],[-81.414792775,36.294198769],[-81.415851303,36.292539651],[-81.413900881,36.280726048],[-81.418140904,36.278052037],[-81.429226519,36.277919119],[-81.430945937,36.275502596],[-81.429810549,36.270914518],[-81.431216701,36.267559632],[-81.435708498,36.263664687],[-81.445912334,36.261887136],[-81.452654877,36.25779354],[-81.457822881,36.249058094],[-81.474147219,36.252470778],[-81.476935176,36.248486618],[-81.477177889,36.241061428],[-81.483552544,36.238435253],[-81.484725392,36.235320362],[-81.488046198,36.233308915],[-81.495784563,36.233798387],[-81.507703839,36.224199744],[-81.525207907,36.225518618],[-81.525706643,36.227872354],[-81.532115129,36.231897867],[-81.536410165,36.231879847],[-81.5435736,36.234921233],[-81.547283264,36.229418146],[-81.558678808,36.232284181],[-81.567470546,36.227325344],[-81.570820192,36.227832492],[-81.576949506,36.223658365],[-81.576658155,36.221768466],[-81.58367273,36.22072476],[-81.583691515,36.218536009],[-81.585716781,36.217179721],[-81.592108091,36.219626813],[-81.596161971,36.215051488],[-81.603794312,36.211268416],[-81.603525845,36.209588877],[-81.597299724,36.207947766],[-81.600060799,36.203573063],[-81.599612127,36.200808911],[-81.603203708,36.197678189],[-81.60031583,36.192303941],[-81.596996795,36.19037011],[-81.595651713,36.184931209],[-81.590330976,36.18473741],[-81.591067041,36.176913662],[-81.585715945,36.174637002],[-81.586110984,36.171873679],[-81.588895161,36.17096331],[-81.593738387,36.163814697],[-81.597956121,36.162305771],[-81.597082735,36.159760834],[-81.600178689,36.156694981],[-81.611460408,36.15934015],[-81.617635156,36.154594405],[-81.616319358,36.152690302],[-81.62104837,36.149005179],[-81.628349796,36.149658389],[-81.632131152,36.148239423],[-81.632080804,36.142583351],[-81.639015265,36.138284561],[-81.643087969,36.136352389],[-81.651621834,36.136336596],[-81.65300048,36.128633222],[-81.651915188,36.125771007],[-81.661333004,36.117428347],[-81.668056608,36.121887476],[-81.672374905,36.121347414],[-81.676678835,36.123641934],[-81.679331749,36.137217849],[-81.684809293,36.13861873],[-81.687818255,36.137085779],[-81.689812791,36.138378772],[-81.694975493,36.138056236],[-81.696149284,36.143142544],[-81.694002325,36.146248786],[-81.694773248,36.148174921],[-81.704926505,36.145982181],[-81.70958038,36.141783398],[-81.712382249,36.13780136],[-81.712734276,36.130962664],[-81.71593864,36.128299112],[-81.718799677,36.12112167],[-81.722509768,36.118967712],[-81.725375355,36.120236016],[-81.726345805,36.123464394],[-81.729374586,36.121958342],[-81.73770504,36.123670942],[-81.73947972,36.120790249],[-81.747348964,36.121305818],[-81.750450471,36.119245047],[-81.751296438,36.120809352],[-81.762022555,36.121491967],[-81.77167878,36.119166689],[-81.780781564,36.114342471],[-81.793293759,36.112472801],[-81.801063385,36.108799465],[-81.81140454,36.111664366],[-81.818149019,36.110755955],[-81.827327399,36.115450358],[-81.831628162,36.114045528],[-81.837910003,36.115378887],[-81.839732096,36.117228379],[-81.837979336,36.121917866],[-81.840592189,36.124041745],[-81.838373708,36.127352919],[-81.840759076,36.128668685],[-81.845442205,36.129552181],[-81.847489465,36.12573796],[-81.854359786,36.122766488],[-81.854620026,36.117771658],[-81.859332759,36.115092479],[-81.865880686,36.114928212],[-81.869411975,36.122271449],[-81.875595498,36.124754779],[-81.888419452,36.113601721],[-81.890705053,36.107017983],[-81.890000531,36.096948249],[-81.883236901,36.090479301],[-81.887663397,36.084584625],[-81.887863798,36.079358424],[-81.891188229,36.07836865],[-81.894118541,36.074794616],[-81.897376362,36.067547906],[-81.896495487,36.063369421],[-81.906906427,36.063177022],[-81.911243379,36.064683705],[-81.912060658,36.067392212],[-81.914577716,36.068085373],[-81.919918654,36.067068232],[-81.929181706,36.060171298],[-81.933325732,36.0599995],[-81.938240983,36.062602263],[-81.942958505,36.060995918],[-81.942055606,36.058228895],[-81.935001737,36.053706809],[-81.936718486,36.051183315],[-81.936165651,36.047638896],[-81.945456228,36.038541585],[-81.947899383,36.039498317],[-81.954377264,36.033187475],[-81.961183327,36.016864486],[-81.960893099,36.013670883],[-81.963626775,36.013223006],[-81.964600978,36.010958151],[-81.963267566,36.006800703],[-81.960071692,36.007566091],[-81.955416025,36.006018768],[-81.953366054,36.003458256],[-81.95536124,36.000925364],[-81.951823782,35.998150029],[-81.953117332,35.995667123],[-81.950837375,35.994198571],[-81.950580418,35.988399691],[-81.955226788,35.986323601],[-81.956449284,35.984077694],[-81.955272918,35.977562294],[-81.960661832,35.973447667],[-81.958306403,35.971519489],[-81.955780357,35.97232609],[-81.953310413,35.968354871],[-81.955712537,35.965781502],[-81.954091466,35.96318712],[-81.955221723,35.961334438],[-81.95900312,35.960816692],[-81.960976238,35.950616746],[-81.963659652,35.947283172],[-81.962062713,35.944090747],[-81.963382243,35.938830329],[-81.954657475,35.93225135],[-81.954406921,35.926929113],[-81.960506347,35.921314262],[-81.964699024,35.920839095],[-81.969949942,35.916316536],[-81.978163093,35.914564195],[-81.97913,35.912514231],[-81.982413795,35.91129579],[-81.979197849,35.901328183],[-81.981007202,35.889364835],[-81.980229019,35.884762994],[-81.990005129,35.880222705],[-81.991284173,35.876631113],[-81.996803849,35.873999698],[-82.00348612,35.875771899],[-82.003041368,35.877953724],[-82.007468923,35.88256041],[-82.014328462,35.885465899],[-82.022522949,35.885173019],[-82.025969589,35.8805217],[-82.028676827,35.879401124],[-82.027453358,35.877144591],[-82.028954179,35.875017914],[-82.029535883,35.86774854],[-82.03314848,35.864824333],[-82.034086197,35.862019469],[-82.037295582,35.858482499],[-82.039444953,35.858597094],[-82.048979127,35.85294705],[-82.059665758,35.851105753],[-82.062883237,35.852027424],[-82.074754214,35.848282868],[-82.08927481,35.850985487],[-82.092326938,35.849144746],[-82.095244151,35.851925875],[-82.099571567,35.851479281],[-82.100802948,35.842958053],[-82.102763846,35.839668319],[-82.106002935,35.838919906],[-82.109326919,35.835295492],[-82.117132174,35.83328373],[-82.121251517,35.824467494],[-82.132979515,35.824536867],[-82.133661457,35.820825652],[-82.142040547,35.812693618],[-82.149557045,35.810189156],[-82.148298011,35.80374713],[-82.151783228,35.804355237],[-82.155522038,35.801432315],[-82.158932418,35.801337496],[-82.162424939,35.797014547],[-82.161476479,35.795523849],[-82.162905658,35.79300675],[-82.167820994,35.789631299],[-82.16792638,35.787699367],[-82.166141863,35.784018226],[-82.158577297,35.780399176],[-82.160028321,35.774905752],[-82.164240742,35.77269204],[-82.164295743,35.770631454],[-82.169714215,35.764456785],[-82.1696553,35.761140921],[-82.176425016,35.758219812],[-82.177222686,35.755983982],[-82.184269861,35.753376422],[-82.193719949,35.734985815],[-82.197843395,35.736321437],[-82.213590955,35.72431379],[-82.216287864,35.724358506],[-82.233812941,35.714972622],[-82.242931024,35.712618934],[-82.243905282,35.709514949],[-82.252259373,35.706578516],[-82.258155794,35.698649986],[-82.266028325,35.700171047],[-82.270609516,35.704345809],[-82.275638074,35.70474982],[-82.289003218,35.696287474],[-82.289105015,35.693862352],[-82.295234137,35.684286247],[-82.283813173,35.676457946],[-82.28034102,35.667659186],[-82.286848023,35.657856678],[-82.285668985,35.656906984],[-82.286733618,35.652897306],[-82.285434888,35.647818973],[-82.283334053,35.647428217],[-82.281799581,35.639125723],[-82.275834637,35.637493129],[-82.271127463,35.632317341],[-82.27142603,35.630395245],[-82.274320063,35.629057275],[-82.272227448,35.622559463],[-82.264712362,35.617906064],[-82.265007305,35.614420065],[-82.269991301,35.611445407],[-82.280521896,35.608918659],[-82.281909743,35.603122948],[-82.287551484,35.601138326],[-82.291854564,35.594544159],[-82.291204948,35.590937515],[-82.295680036,35.588501411],[-82.296792246,35.586172681],[-82.326653992,35.581524472],[-82.333473646,35.573652085],[-82.336572329,35.57254824],[-82.337261243,35.569488897],[-82.342787716,35.568776976],[-82.344320884,35.561208154],[-82.339509325,35.557023253],[-82.32771712,35.553541182],[-82.323291051,35.547826279],[-82.327699585,35.546263737],[-82.331492848,35.541917363],[-82.337655236,35.54110213],[-82.343884931,35.528142779],[-82.334086385,35.51646179],[-82.324464916,35.517436851],[-82.319699273,35.515250941],[-82.314055208,35.505589355],[-82.316323465,35.504228729],[-82.321943347,35.504434652],[-82.324097397,35.502392052],[-82.336817113,35.499221938],[-82.339576559,35.494444212],[-82.338754037,35.490576392],[-82.340782238,35.489052062],[-82.347215208,35.488054592],[-82.35648625,35.490817952],[-82.360522983,35.485267968],[-82.369578969,35.485506869],[-82.371908076,35.480325387],[-82.37016343,35.477347329],[-82.370533091,35.471071054],[-82.368322693,35.46903106],[-82.367347012,35.46411965],[-82.363212828,35.460937965],[-82.357129751,35.461043704],[-82.348915248,35.465504995],[-82.342661527,35.463675516],[-82.338828335,35.464293783],[-82.331504226,35.459772771],[-82.329039346,35.459779875],[-82.326972415,35.45511096],[-82.322039596,35.454121669],[-82.317421275,35.45662809],[-82.311273234,35.451914681],[-82.314999327,35.442390085],[-82.313729066,35.43707518],[-82.318016574,35.433201695],[-82.317432884,35.428076858],[-82.320185841,35.423867841],[-82.327189076,35.424379342],[-82.329675793,35.426435726],[-82.330578978,35.420515182],[-82.327962078,35.419065664],[-82.33172986,35.415029704],[-82.335327444,35.414786483],[-82.338047593,35.412665857],[-82.339785381,35.414234976],[-82.344834627,35.4133057],[-82.344060737,35.411173924],[-82.34564574,35.408796203],[-82.344855728,35.403829528],[-82.339283147,35.400011318],[-82.333840047,35.399567776],[-82.33506714,35.397279648],[-82.33192214,35.390250483],[-82.322824098,35.383896024],[-82.321397158,35.383365679],[-82.320118815,35.387061151],[-82.313083255,35.391460283],[-82.308940969,35.390164342],[-82.310784554,35.377618397],[-82.314826465,35.376666123],[-82.314382453,35.37240361],[-82.320779032,35.364768807],[-82.327323283,35.362849132],[-82.330609876,35.363619547],[-82.333800474,35.359590416],[-82.336192513,35.361504787],[-82.340318122,35.361892399],[-82.343396868,35.367445452],[-82.345265455,35.367857719],[-82.34658555,35.364052695],[-82.350184711,35.362455345],[-82.352005748,35.357001118],[-82.355381161,35.355402994],[-82.355082409,35.352251597],[-82.365302947,35.348256956],[-82.366890724,35.342293055],[-82.370837758,35.343479874],[-82.373812603,35.338364827],[-82.373326497,35.336708765],[-82.376595689,35.33575371],[-82.374843708,35.333258642],[-82.375040927,35.324566503],[-82.364717241,35.319476825],[-82.365220586,35.315557548],[-82.37942791,35.305729277],[-82.378817103,35.302922464],[-82.381385309,35.300637567],[-82.380533639,35.297650411],[-82.38801297,35.29606743],[-82.389537782,35.2978484],[-82.392062219,35.290698156],[-82.394291713,35.291285086],[-82.396637616,35.288402836],[-82.404401683,35.288333078],[-82.405162176,35.286531929],[-82.401976907,35.274137936],[-82.403023475,35.269649028],[-82.405621741,35.265613201],[-82.410171117,35.267243603],[-82.415841277,35.266744135],[-82.413923749,35.258504817],[-82.424339752,35.256543454],[-82.430566637,35.245484512],[-82.434917237,35.242999083],[-82.443274807,35.243988366],[-82.450336979,35.242762141],[-82.459740037,35.245485526],[-82.463419543,35.244804512],[-82.466683617,35.23872688],[-82.470664656,35.238708899],[-82.47264029,35.236392039],[-82.477058268,35.237930708],[-82.495880683,35.238068259],[-82.500615091,35.233934588],[-82.507130699,35.232936197],[-82.516218659,35.233987596],[-82.521771308,35.232039741],[-82.533334161,35.232966444],[-82.539682452,35.229497328],[-82.541608124,35.224303091],[-82.548264382,35.220479772],[-82.549712371,35.217197948],[-82.549116132,35.2133427],[-82.551402443,35.211282647],[-82.55124254,35.207020589],[-82.553259188,35.202907106],[-82.552831463,35.200681099],[-82.549520274,35.202399113],[-82.543355543,35.199517664],[-82.541723148,35.198115594],[-82.543136393,35.19658782],[-82.541362482,35.193405083],[-82.547832281,35.189004145],[-82.55564467,35.188548244],[-82.55617742,35.183970119],[-82.559524582,35.180720259],[-82.563054421,35.181278087],[-82.567995773,35.179406396],[-82.569400898,35.17333969],[-82.572473787,35.17275532],[-82.575194604,35.176295864],[-82.577764482,35.175382836],[-82.584075587,35.168704828],[-82.590966174,35.164312126],[-82.591447456,35.162292038],[-82.589248185,35.159524576],[-82.586017508,35.158999628],[-82.586953722,35.156420343],[-82.585067525,35.151384877],[-82.579817381,35.150365689],[-82.57721886,35.147920162],[-82.57778799,35.146682324],[-82.576284461,35.145697351],[-82.579634653,35.141195037],[-82.5886969,35.14294147],[-82.591777124,35.141517722],[-82.59226678,35.139597994],[-82.598065825,35.138177001],[-82.613584719,35.139961223],[-82.614311345,35.137330308],[-82.62320431,35.134815383],[-82.628473692,35.12584806],[-82.635616679,35.125564892],[-82.636492288,35.130268082],[-82.640152046,35.13014695],[-82.641677887,35.132337256],[-82.645656497,35.126612831],[-82.652137255,35.126221277],[-82.652154079,35.122908448],[-82.657428963,35.118973245],[-82.662508767,35.117812061],[-82.667540064,35.118155474],[-82.669215106,35.120588741],[-82.674296343,35.117500191],[-82.674503283,35.126551809],[-82.682046593,35.127737143],[-82.687158683,35.125341147],[-82.686389761,35.121164815],[-82.687508093,35.119079633],[-82.692414353,35.118713924],[-82.695067658,35.114599358],[-82.687533806,35.110936709],[-82.686463146,35.108204513],[-82.698448065,35.095219267],[-82.700365296,35.100575432],[-82.715946582,35.092877807],[-82.727327235,35.094830935],[-82.730207424,35.08799606],[-82.7353393,35.087041024],[-82.736667577,35.081358177],[-82.739836563,35.080353596],[-82.738833869,35.07791522],[-82.750778803,35.081400353],[-82.750983141,35.073576373],[-82.754351642,35.068539355],[-82.756927667,35.067206988],[-82.770111702,35.06749313],[-82.774464029,35.064591244],[-82.781691117,35.065409254],[-82.782158948,35.066726998],[-82.778985453,35.070468991],[-82.78009724,35.072208595],[-82.776066052,35.08047487],[-82.778634955,35.083895846],[-82.782825033,35.085696002],[-82.786125535,35.083747001],[-82.789270187,35.086551747],[-82.793642088,35.084702527],[-82.797197827,35.087855922],[-82.801931018,35.086973582],[-82.805434375,35.090311099],[-82.804222106,35.093945152],[-82.810936075,35.097050606],[-82.817230172,35.095347639],[-82.818033197,35.091003284],[-82.825084218,35.080714295],[-82.830780664,35.081781541],[-82.83107904,35.085875724],[-82.829227927,35.090489002],[-82.831847506,35.09353986],[-82.831898331,35.102480789],[-82.837348655,35.103906784],[-82.837703872,35.107810536],[-82.836248881,35.110279623],[-82.840666202,35.114676636],[-82.839819212,35.118007231],[-82.842107973,35.118931],[-82.844878213,35.117094152],[-82.847871679,35.121097926],[-82.852237965,35.123018575],[-82.861595946,35.120710259],[-82.86484927,35.123484434],[-82.868124355,35.121130727],[-82.870484625,35.121641104],[-82.875139793,35.125750219],[-82.87982188,35.124150475],[-82.882061633,35.123352922],[-82.883783065,35.119266028],[-82.888116378,35.115746976],[-82.891333083,35.115386608],[-82.89400966,35.112669133],[-82.896911108,35.11295419],[-82.894912094,35.108209064],[-82.896810778,35.10826542],[-82.902428776,35.102409499],[-82.907749886,35.103692847],[-82.908250099,35.107428255],[-82.91040904,35.109674636],[-82.906034777,35.114462767],[-82.911066174,35.119483654],[-82.909041348,35.122631789],[-82.910806672,35.124138326],[-82.908453308,35.129336727],[-82.91134467,35.131087701],[-82.911379429,35.143074544],[-82.914492674,35.142513668],[-82.918045116,35.144628026],[-82.918021406,35.147238867],[-82.92082824,35.149487493],[-82.91702159,35.152271547],[-82.918874214,35.152846655],[-82.918805182,35.155416458],[-82.922519748,35.155933271],[-82.923617669,35.158496063],[-82.921392589,35.162869481],[-82.921883427,35.165123355],[-82.926674449,35.16926387],[-82.927785581,35.172515207],[-82.935749453,35.172212152],[-82.93901416,35.169855435],[-82.945038607,35.169371223],[-82.944901169,35.166457117],[-82.953825168,35.166615249],[-82.959145469,35.161133942],[-82.965667337,35.163632506],[-82.973026245,35.164025014],[-82.981262866,35.167652253],[-82.996408721,35.16338288],[-82.997480007,35.158207979],[-82.994582936,35.153558153],[-82.988963414,35.148243878],[-82.984639151,35.150211131],[-82.981131438,35.148438062],[-82.98162757,35.143385178],[-82.978584516,35.140794718],[-82.979559817,35.139008883],[-82.976317423,35.134888626],[-82.978968591,35.130050268],[-82.987938589,35.132274953],[-82.996840871,35.138354104],[-83.004161127,35.137237415],[-83.008117986,35.139140046],[-83.015267142,35.13868867],[-83.016694457,35.140470811],[-83.015395472,35.14351692],[-83.016746546,35.144117211],[-83.019711721,35.142850094],[-83.022490343,35.146340213],[-83.031418435,35.144808204],[-83.030384642,35.147822498],[-83.031555803,35.148973461],[-83.035940389,35.149214211],[-83.037613447,35.147598391],[-83.039611617,35.15206489],[-83.043855286,35.150515999],[-83.051526761,35.155796406],[-83.055618399,35.154494528],[-83.05701019,35.159747543],[-83.060476573,35.163179346],[-83.068847381,35.161648293],[-83.075229209,35.157233386],[-83.077927064,35.147249018],[-83.080580604,35.147026288],[-83.083751975,35.141381259],[-83.087902077,35.140714804],[-83.097951876,35.134687032],[-83.105534538,35.133627004],[-83.1072109,35.134906808],[-83.111150744,35.124621336],[-83.116294259,35.124496825],[-83.116213196,35.12234227],[-83.124758554,35.116933223],[-83.122657839,35.114571087],[-83.12392461,35.113562728],[-83.129131318,35.113043056],[-83.129578869,35.111274364],[-83.132747004,35.11055129],[-83.134999371,35.114637931],[-83.136734561,35.114296122],[-83.139099518,35.116583442],[-83.147009416,35.113191582],[-83.151848644,35.107252935],[-83.150398814,35.103011771],[-83.152848148,35.098410615],[-83.152152897,35.095795467],[-83.14730055,35.092837481],[-83.147336725,35.088459366],[-83.143441232,35.078706505],[-83.157489226,35.079119971],[-83.164815743,35.071359356],[-83.17142174,35.069605113],[-83.172609993,35.068448203],[-83.171855062,35.065329828],[-83.169285057,35.063768785],[-83.171296991,35.060666661],[-83.162317814,35.055480178],[-83.170038166,35.054867458],[-83.173532386,35.059113146],[-83.181229829,35.058108199],[-83.186492192,35.044763546],[-83.186500585,35.039602391],[-83.192443097,35.038089453],[-83.195154112,35.041675799],[-83.199450518,35.043541767],[-83.202866323,35.04131809],[-83.209497205,35.041359381],[-83.211049695,35.036881088],[-83.214424563,35.036709377],[-83.223233173,35.046060532],[-83.229078177,35.039123926],[-83.229369077,35.044325944],[-83.227590264,35.047099185],[-83.230074689,35.047861137],[-83.230957692,35.053713301],[-83.237118408,35.057652024],[-83.239952361,35.057232293],[-83.24410719,35.05142521],[-83.241979401,35.045162537],[-83.247396579,35.046569827],[-83.246513223,35.041996618],[-83.248758952,35.040320404],[-83.250428264,35.035503716],[-83.254738126,35.034551499],[-83.256856811,35.03106467],[-83.256647092,35.034311656],[-83.259761045,35.035968117],[-83.259868219,35.038256219],[-83.26779318,35.041726286],[-83.273127666,35.03487602],[-83.278061869,35.034331288],[-83.281476575,35.037480371],[-83.2836792,35.03740733],[-83.291606975,35.031956734],[-83.292538586,35.024062393],[-83.29522239,35.022209046],[-83.296577058,35.017535291],[-83.293625542,35.015829817],[-83.292400212,35.012481696],[-83.28875059,35.013545038],[-83.284086097,35.006165791],[-83.285621134,35.004980197],[-83.287781073,34.996016722],[-83.294488423,34.991876939],[-83.29639991,34.992541485],[-83.304915456,34.989494092],[-83.301753539,34.984815151],[-83.304438544,34.979987923],[-83.301363238,34.976613979],[-83.303186698,34.971720513],[-83.299599622,34.969165846],[-83.299560947,34.965373902],[-83.302212292,34.963497972],[-83.302609458,34.961106208],[-83.309020737,34.956665215],[-83.311804402,34.951926774],[-83.314638849,34.951051279],[-83.317721665,34.943576326],[-83.328690232,34.939454289],[-83.33377592,34.939450625],[-83.344724605,34.934838937],[-83.342740197,34.931451094],[-83.343837378,34.92767469],[-83.340867158,34.91994613],[-83.343667711,34.914974328],[-83.348901963,34.915529514],[-83.355476339,34.910770214],[-83.36203681,34.910039802],[-83.367824207,34.906230311],[-83.380873586,34.920749244],[-83.386073907,34.920056268],[-83.397528773,34.924593564],[-83.401958843,34.920986706],[-83.400883941,34.912902724],[-83.405775369,34.906154215],[-83.412928232,34.904764318],[-83.4161437,34.906438577],[-83.420410457,34.903257369],[-83.426366267,34.91105576],[-83.428780689,34.912129684],[-83.430913465,34.910216525],[-83.434284457,34.910772068],[-83.437726409,34.912818757],[-83.439775644,34.917517711],[-83.444800065,34.916585593],[-83.448613867,34.919899772],[-83.45371439,34.918694385],[-83.457701172,34.920589754],[-83.458747071,34.921993437],[-83.454657348,34.924529261],[-83.453276843,34.927394397],[-83.453654267,34.933622766],[-83.451921425,34.936295724],[-83.458034667,34.94076324],[-83.459026123,34.944745538],[-83.465066449,34.944583034],[-83.466725241,34.949672368],[-83.465311781,34.952388221],[-83.467758041,34.955381209],[-83.469546232,34.962105121],[-83.474254438,34.96396289],[-83.480683551,34.975116909],[-83.480879782,34.981589336],[-83.483075054,34.983572244],[-83.4818919,34.990048867],[-83.486595077,34.998825659],[-83.493583022,34.998929709],[-83.500220773,35.001366676],[-83.504697421,35.000808218],[-83.510200887,35.00534607],[-83.514197348,35.00417806],[-83.516904103,35.001678261],[-83.517633778,34.997929648],[-83.521020566,34.996829404],[-83.522403045,34.998599875],[-83.521924894,35.003305064],[-83.526997703,35.009368002],[-83.522032691,35.013044579],[-83.521206693,35.01821543],[-83.531462289,35.026544984],[-83.537754853,35.035667738],[-83.547841313,35.039447401],[-83.558292645,35.038937973],[-83.562936833,35.036347698],[-83.563065087,35.034307738],[-83.568748469,35.030803184],[-83.572274356,35.026312571],[-83.579063594,35.025126701],[-83.577764314,35.015859352],[-83.581349177,35.012750209],[-83.584853587,35.003091307],[-83.593561163,34.995911986],[-83.601124151,34.993461498],[-83.60201319,34.99004027],[-83.597575484,34.984430816],[-83.598772344,34.981961327],[-83.595339526,34.975778072],[-83.595366407,34.972296916],[-83.591180711,34.966172851],[-83.59677657,34.962201699],[-83.596843465,34.959358602],[-83.592252948,34.952692781],[-83.588626638,34.95102684],[-83.593196307,34.940278538],[-83.601946762,34.938920254],[-83.602341885,34.93264899],[-83.599514704,34.929196161],[-83.600161141,34.926623748],[-83.598578365,34.922641747],[-83.593256846,34.920417345],[-83.594843521,34.917581486],[-83.598500809,34.913364147],[-83.61527218,34.914372493],[-83.618742992,34.911396231],[-83.618759912,34.9092598],[-83.627007305,34.909938355],[-83.629949518,34.906193719],[-83.628197063,34.899559415],[-83.630311278,34.895061391],[-83.635836164,34.892484264],[-83.645040089,34.891296087],[-83.644284423,34.88864259],[-83.647776212,34.885779835],[-83.649903636,34.880866724],[-83.656458001,34.878442163],[-83.654795855,34.876218862],[-83.656557228,34.871890188],[-83.655078916,34.865874724],[-83.661998042,34.848197781],[-83.658051304,34.831282312],[-83.659206355,34.830322819],[-83.656404727,34.825603691],[-83.652364801,34.82310706],[-83.656111862,34.819075322],[-83.658297359,34.813187702],[-83.664183855,34.81027828],[-83.666294625,34.80700271],[-83.67602945,34.804517053],[-83.681958179,34.800816859],[-83.690766493,34.799404778],[-83.69598362,34.793526426],[-83.711953521,34.790462622],[-83.722861894,34.797909197],[-83.747256384,34.80189325],[-83.751640314,34.804919116],[-83.754828649,34.812513532],[-83.766833151,34.816250593],[-83.778521961,34.816125123],[-83.780435748,34.818759566],[-83.785628364,34.819992692],[-83.789233885,34.824223903],[-83.795170727,34.824630352],[-83.797963508,34.820668141],[-83.805127416,34.816797957],[-83.806183505,34.811992595],[-83.811768279,34.810413697],[-83.813915117,34.807393405],[-83.810973915,34.796539853],[-83.811582435,34.793890985],[-83.815111891,34.786688783],[-83.819353795,34.784405142],[-83.818871192,34.782493491],[-83.82470692,34.779317974],[-83.830709361,34.766015071],[-83.825363627,34.743692041],[-83.829885716,34.740379064],[-83.830665261,34.736693725],[-83.829312236,34.731395259],[-83.832403969,34.729468548],[-83.838184671,34.728925597],[-83.841016763,34.724776519],[-83.850801212,34.726068792],[-83.85679969,34.721827403],[-83.859048092,34.723728835],[-83.862125926,34.723511179],[-83.863442429,34.726075835],[-83.869926142,34.727252469],[-83.878491641,34.722874112],[-83.884717443,34.726359518],[-83.893528161,34.725383563],[-83.900139851,34.732019843],[-83.906979736,34.731799098],[-83.909928911,34.734264372],[-83.919006802,34.735261831],[-83.92089244,34.73757836],[-83.926662675,34.73506334],[-83.939887494,34.740893393],[-83.947154916,34.738399434],[-83.954175908,34.731405709],[-83.960544128,34.729743155],[-83.967064165,34.723459513],[-83.971403217,34.723453894],[-83.972661742,34.719239],[-83.984862668,34.714029415],[-83.98917888,34.707715752],[-83.986908284,34.704528406],[-83.986699869,34.700159813],[-83.991872003,34.696496629],[-83.990421583,34.69391779],[-83.995063591,34.685559071],[-83.994778984,34.678282379],[-84.001451698,34.677230355],[-84.008279038,34.673471176],[-84.016133332,34.672920396],[-84.018662645,34.670200572],[-84.024773376,34.66964494],[-84.027099256,34.666109814],[-84.025925882,34.663483873],[-84.029036454,34.661265174],[-84.029312623,34.654688554],[-84.031038309,34.652500453],[-84.037093804,34.652473034],[-84.038264232,34.651129653],[-84.036358054,34.642011311],[-84.048716254,34.640939853],[-84.049449579,34.643357713],[-84.055554033,34.642859194],[-84.062848929,34.648745263],[-84.067733964,34.647668874],[-84.06642705,34.650865656],[-84.069238971,34.652349691],[-84.07156684,34.657254256],[-84.079444953,34.656682863],[-84.081217898,34.653242296],[-84.088435559,34.651413529],[-84.117939997,34.658607489],[-84.11899591,34.660802031],[-84.127415388,34.664711528],[-84.137947556,34.660259187],[-84.137204337,34.653325833],[-84.142414716,34.648549864],[-84.148091028,34.646306975],[-84.150484772,34.650460147],[-84.152594296,34.651065794],[-84.157187736,34.647622395],[-84.161139607,34.640195891],[-84.15940003,34.636785364],[-84.160710907,34.633383455],[-84.171035954,34.637070107],[-84.173239555,34.635053541],[-84.177737587,34.635173103],[-84.178542231,34.633098668],[-84.185910013,34.629803323],[-84.191000263,34.632033213],[-84.193482222,34.629958009],[-84.196748574,34.635662232],[-84.193734103,34.638599974],[-84.19749413,34.6427999],[-84.20435091,34.642919143],[-84.210173927,34.645832659],[-84.211613145,34.648286744],[-84.21570521,34.648821858],[-84.226175634,34.654213546],[-84.232763134,34.665785017],[-84.236683739,34.666071761],[-84.241867825,34.669697909],[-84.240564251,34.674192747],[-84.247280941,34.678114927],[-84.248423726,34.68302792],[-84.254821455,34.686323947],[-84.257795473,34.691535588],[-84.257530531,34.693744981],[-84.264204522,34.693607417],[-84.264639363,34.696408918],[-84.268313284,34.699171681],[-84.269468701,34.703893317],[-84.272163389,34.706842236],[-84.272536753,34.710933876],[-84.278667672,34.718246791],[-84.278610978,34.721275204],[-84.289941354,34.726365849],[-84.296463206,34.72751569],[-84.298932152,34.727470369],[-84.301798929,34.724148038],[-84.307314484,34.723232619],[-84.309732662,34.725278537],[-84.31240846,34.724402846],[-84.31779904,34.727093177],[-84.326910694,34.725317284],[-84.333856855,34.731255748],[-84.339051227,34.733019581],[-84.341769928,34.737134231],[-84.342800776,34.743393702],[-84.340475379,34.743279138],[-84.335556421,34.747262327],[-84.341691326,34.761658351],[-84.335473759,34.76752143],[-84.331250982,34.766828305],[-84.320531011,34.774338164],[-84.318607032,34.778091087],[-84.314577075,34.778041658],[-84.312179982,34.781772384],[-84.316566279,34.783122205],[-84.31696561,34.786035554],[-84.32137953,34.787957938],[-84.32265991,34.792827886],[-84.321629683,34.795049016],[-84.324614308,34.800245871],[-84.321033567,34.805528034],[-84.328116008,34.806767353],[-84.331654803,34.809148298],[-84.33446698,34.812389485],[-84.330857037,34.817590837],[-84.344280268,34.823527247],[-84.323774358,34.846605262],[-84.329092215,34.850002175],[-84.331443733,34.854995618],[-84.325731689,34.862203031],[-84.329526105,34.864854107],[-84.329976675,34.867761641],[-84.331735538,34.868748178],[-84.336091309,34.864206152],[-84.34284956,34.861637186],[-84.346019642,34.863207821],[-84.352986723,34.854959706],[-84.357968151,34.854101805],[-84.360435227,34.850955797],[-84.363151026,34.852259015],[-84.367750159,34.84451484],[-84.371205323,34.844392897],[-84.379294268,34.838811646],[-84.386601767,34.839172298],[-84.388601441,34.835869497],[-84.392685378,34.834961005],[-84.393235202,34.832463706],[-84.395613486,34.832160027],[-84.395014169,34.836550057],[-84.385404589,34.84774558],[-84.381244906,34.857841184],[-84.384570167,34.864181849],[-84.391127014,34.862533736],[-84.395799178,34.85671686],[-84.399068483,34.855984537],[-84.398337992,34.852811124],[-84.401951027,34.849822712],[-84.407693917,34.847468072],[-84.416258921,34.850279919],[-84.42014369,34.849502634],[-84.421443464,34.844137382],[-84.426716354,34.843371064],[-84.427428992,34.838684152],[-84.433086159,34.834314686],[-84.435728203,34.830051279],[-84.438777088,34.827765829],[-84.44473622,34.82677135],[-84.448164123,34.821707532],[-84.454273149,34.819591903],[-84.46155358,34.820931051],[-84.476528549,34.815972359],[-84.479415247,34.816451817],[-84.487293047,34.811799276],[-84.48787382,34.820100783],[-84.492188327,34.825790553],[-84.497031655,34.826240991],[-84.503766881,34.830980698],[-84.504726012,34.833506608],[-84.501298467,34.839667114],[-84.502187845,34.843526336],[-84.496785898,34.846653395],[-84.498433055,34.848288983],[-84.498212287,34.854480623],[-84.503922568,34.857599316],[-84.505473074,34.863840867],[-84.513563614,34.865104076],[-84.514878435,34.868823392],[-84.513734581,34.870635525],[-84.515423739,34.876514747],[-84.510939908,34.885179898],[-84.513728828,34.886503292],[-84.515518728,34.891347648],[-84.515318298,34.903580826],[-84.510786173,34.907467474],[-84.503891785,34.907717333],[-84.503620573,34.911520984],[-84.505457794,34.91313272],[-84.501227787,34.918800422],[-84.507617375,34.923363199],[-84.507837606,34.928095162],[-84.510465151,34.925762222],[-84.513879468,34.928468006],[-84.51275406,34.932096797],[-84.526551577,34.937758087],[-84.525296888,34.939783078],[-84.526552303,34.943441093],[-84.521475229,34.952828834],[-84.524228766,34.956718419],[-84.521189983,34.962172381],[-84.523130563,34.968495317],[-84.517976691,34.973931348],[-84.519607617,34.97809465],[-84.518297526,34.981300054],[-84.519024738,34.987959505],[-84.523255194,34.996598285],[-84.539945145,35.005528232],[-84.545895139,35.004307228],[-84.552409247,35.00701946],[-84.557148429,35.017746575],[-84.561437486,35.02032687],[-84.562536541,35.026376104],[-84.569455519,35.028035837],[-84.573205875,35.027853754],[-84.576418241,35.023133255],[-84.577970697,35.023656252],[-84.585242532,35.019682244],[-84.588122597,35.022374994],[-84.592607889,35.019466296],[-84.596083717,35.021961643],[-84.604670122,35.023338795],[-84.608623806,35.025869718],[-84.616295672,35.016462049],[-84.620082076,35.014435923],[-84.625680613,35.01592164],[-84.631207401,35.011467266],[-84.636039583,35.016338068],[-84.639364479,35.015711733],[-84.64399349,35.019091858],[-84.641727189,35.022812827],[-84.643367305,35.023415164],[-84.642764589,35.025822955],[-84.6504542,35.025759304],[-84.654397309,35.030850819],[-84.660787009,35.032571737],[-84.6644074,35.038914184],[-84.671192634,35.038974485],[-84.674557447,35.035492376],[-84.678587067,35.036241111],[-84.683028318,35.04210741],[-84.68114238,35.053985643],[-84.684071924,35.060340424],[-84.688208616,35.059175096],[-84.689470391,35.055461857],[-84.699704064,35.05432213],[-84.701944632,35.056289431],[-84.706344806,35.056551792],[-84.70665741,35.065760506],[-84.710622528,35.063864829],[-84.714605842,35.067219216],[-84.719984899,35.067166154],[-84.728110451,35.074311174],[-84.730443825,35.071036319],[-84.73848735,35.069639985],[-84.738748578,35.067494524],[-84.741152836,35.066320979],[-84.742542047,35.067060026],[-84.741656266,35.07413838],[-84.746032699,35.077050468],[-84.749271897,35.077032813],[-84.75185244,35.074165287],[-84.753963318,35.076245473],[-84.755883232,35.075986964],[-84.757406823,35.079558916],[-84.762896597,35.076306137],[-84.767649917,35.08307138],[-84.770202854,35.081951598],[-84.772294373,35.083386176],[-84.773972619,35.086088838],[-84.773022702,35.087953056],[-84.788434142,35.090180927],[-84.789804944,35.093275682],[-84.787556559,35.098244883],[-84.790359816,35.099103885],[-84.790529285,35.101294718],[-84.795121538,35.102613805],[-84.801582593,35.097292417],[-84.803408061,35.106696791],[-84.806960929,35.110765447],[-84.811917484,35.112437084],[-84.811700574,35.116147425],[-84.816707396,35.120654041],[-84.820972533,35.122362526],[-84.818126121,35.125252359],[-84.819963405,35.130489552],[-84.819896492,35.136567852],[-84.815671021,35.139328135],[-84.819109072,35.148995208],[-84.826606785,35.148797223],[-84.830781803,35.151776712],[-84.834559978,35.149717762],[-84.83949177,35.151739827],[-84.843847156,35.148839261],[-84.854497109,35.151472444],[-84.861104154,35.143373902],[-84.86026039,35.141762582],[-84.863690804,35.132028981],[-84.866468355,35.131284909],[-84.866837116,35.126460904],[-84.871179578,35.123254571],[-84.875369797,35.113774233],[-84.878898819,35.112489706],[-84.881173295,35.11370742],[-84.885545176,35.111222588],[-84.886277326,35.108288921],[-84.889542687,35.105941484],[-84.888281759,35.10312238],[-84.894679805,35.096999656],[-84.900179467,35.085624524],[-84.8995002,35.083400535],[-84.903715918,35.078810378],[-84.902727961,35.077544137],[-84.908304799,35.065186855],[-84.907465824,35.063415934],[-84.910035994,35.058629556],[-84.910687609,35.052336883],[-84.915960578,35.048930589],[-84.92649908,35.053834154],[-84.933577067,35.037227085],[-84.942830257,35.040822489],[-84.94532261,35.043736347],[-84.950669607,35.043701507],[-84.94854235,35.03968555],[-84.949055995,35.0353538],[-84.955059366,35.030768576],[-84.953115051,35.027617709],[-84.958393385,35.016124553],[-84.962471565,35.012995951],[-84.964146155,35.005831664],[-84.960076396,35.002670021],[-84.951857679,34.999755309],[-84.955408702,34.99111691],[-84.952831519,34.986271532],[-84.960935165,34.976346291],[-84.959627837,34.975020676],[-84.96106714,34.970514594],[-84.965071832,34.967100661],[-84.962829495,34.964452985],[-84.963950294,34.961431085],[-84.962072467,34.955424276],[-84.967391251,34.953226903],[-84.966071104,34.9520646],[-84.968468462,34.951029707],[-84.971939882,34.945791525],[-84.97318896,34.940136857],[-84.974948323,34.938554454],[-84.973531464,34.937305042],[-84.974272255,34.934293571],[-84.977306194,34.930675926],[-84.975523872,34.929324544],[-84.976575123,34.919538351],[-84.979688081,34.918752219],[-84.98479879,34.908705601],[-84.990136389,34.90866896],[-84.991758746,34.905476843],[-84.991972836,34.895883652],[-84.99422705,34.893274121],[-84.996952713,34.893254698],[-85.002249555,34.887053036],[-85.003799815,34.88079996],[-85.00004035,34.875801456],[-85.005147803,34.873015538],[-85.007313142,34.867242139],[-85.002469863,34.861221919],[-85.003694358,34.855313464],[-85.00573897,34.855134877],[-85.008329299,34.851529613],[-85.017158266,34.853444955],[-85.020689546,34.857947002],[-85.024023864,34.856974048],[-85.025620836,34.849377361],[-85.024610487,34.84580224],[-85.028721048,34.843999486],[-85.030490283,34.841141298],[-85.032939072,34.840915905],[-85.038238806,34.828056674],[-85.035355826,34.82746516],[-85.03560263,34.82388167],[-85.038478181,34.82257635],[-85.034249285,34.813552302],[-85.038726466,34.812682302],[-85.040996584,34.816633088],[-85.042698988,34.814945379],[-85.04567195,34.806159358],[-85.046847447,34.795426366],[-85.042756153,34.786862403],[-85.042456723,34.779344316],[-85.046423276,34.772473867],[-85.042255779,34.75538292],[-85.044833949,34.755178119],[-85.045529126,34.751469908],[-85.04888369,34.752251336],[-85.056240677,34.749122496],[-85.057588543,34.751022972],[-85.059225021,34.750678825],[-85.061846056,34.744788962],[-85.063695471,34.745612201],[-85.067398292,34.743690066],[-85.067760835,34.739773399],[-85.076450963,34.736205329],[-85.07697594,34.732786902],[-85.074660004,34.73077054],[-85.072298079,34.732858705],[-85.069740402,34.732743239],[-85.069288353,34.731173699],[-85.070376552,34.723304724],[-85.074976234,34.720563777],[-85.078235403,34.71181201],[-85.076199823,34.706986922],[-85.079959172,34.706259476],[-85.07993985,34.708972366],[-85.082305537,34.710799325],[-85.083919456,34.709564775],[-85.088813741,34.709896805],[-85.090013533,34.708011689],[-85.091638314,34.712059727],[-85.100434149,34.709527279],[-85.101539479,34.712334781],[-85.105056792,34.715420605],[-85.112039066,34.718026579],[-85.115212441,34.722518346],[-85.119320134,34.720506021],[-85.125194302,34.724800406],[-85.130904292,34.725449253],[-85.140082619,34.719290163],[-85.144497014,34.720100218],[-85.145987848,34.723499832],[-85.149944936,34.722143171],[-85.152242472,34.719222983],[-85.167136379,34.72438832],[-85.169711617,34.716655466],[-85.177375181,34.70833244],[-85.191926827,34.71906448],[-85.201210808,34.717985129],[-85.204971011,34.720071413],[-85.214208785,34.706349796],[-85.218884357,34.708256811],[-85.224452255,34.707652146],[-85.232916972,34.713814741],[-85.230747767,34.717937525],[-85.234105995,34.720877709],[-85.228467324,34.722629939],[-85.226616539,34.728867796],[-85.228731617,34.729470353],[-85.230251993,34.734427585],[-85.23249264,34.734765396],[-85.229583671,34.740251692],[-85.236183352,34.744014165],[-85.230035455,34.749924599],[-85.230418174,34.752456833],[-85.228435576,34.753053904],[-85.226933479,34.759819426],[-85.229891396,34.760438595],[-85.226987371,34.766918492],[-85.232705301,34.768794247],[-85.238633953,34.777289598],[-85.244361431,34.777898191],[-85.24601099,34.783022742],[-85.247466559,34.783502798],[-85.246805239,34.785942767],[-85.252800078,34.789677432],[-85.25416793,34.785103181],[-85.258378518,34.781048069],[-85.260666921,34.789136915],[-85.262315641,34.790151177],[-85.265935132,34.788055185],[-85.266555393,34.783989816],[-85.270053773,34.780488738],[-85.272410321,34.780806772],[-85.27216876,34.778127619],[-85.27820082,34.768459574],[-85.278188536,34.764620632],[-85.281159619,34.764143142],[-85.282866575,34.764477199],[-85.287351998,34.770781043],[-85.293130771,34.771931789],[-85.290466747,34.779931894],[-85.291649202,34.781514413],[-85.294896504,34.781761955],[-85.297787142,34.779404173],[-85.301173939,34.781037049],[-85.302177963,34.779667903],[-85.29958987,34.776461521],[-85.301699439,34.774877532],[-85.307610133,34.775419687],[-85.309769535,34.771124267],[-85.305486223,34.767349253],[-85.307352605,34.764990096],[-85.306246824,34.761401009],[-85.31328318,34.759054102],[-85.320447196,34.748180722],[-85.322818069,34.747678884],[-85.326143111,34.742570601],[-85.335688573,34.742484966],[-85.336764374,34.739355129],[-85.343299225,34.736313408],[-85.342914893,34.733617214],[-85.346323159,34.731565104],[-85.350239247,34.724928838],[-85.357070386,34.719790186],[-85.362805918,34.717853219],[-85.362675096,34.709906628],[-85.35899454,34.706979019],[-85.363231339,34.697575611],[-85.375914464,34.695850634],[-85.384090894,34.698472746],[-85.385915258,34.697289508],[-85.386559578,34.688428904],[-85.395378212,34.679258582],[-85.395281332,34.675840156],[-85.391782056,34.675702773],[-85.391868759,34.673192986],[-85.39424325,34.673076118],[-85.398535613,34.66939738],[-85.394449572,34.66800471],[-85.400206442,34.663504103],[-85.405306575,34.665047913],[-85.408536664,34.663406097],[-85.408233264,34.653438508],[-85.403862449,34.643741629],[-85.407467455,34.644890013],[-85.419777792,34.642104453],[-85.427297573,34.629691137],[-85.42815257,34.623560989],[-85.427067344,34.621967361],[-85.432491411,34.620870157],[-85.437765014,34.614179612],[-85.445057436,34.612836071],[-85.450689737,34.609038976],[-85.452396292,34.60583467],[-85.455237814,34.605489189],[-85.464998595,34.610135185],[-85.469068942,34.606889573],[-85.472976271,34.607373914],[-85.475321017,34.6098654],[-85.48062026,34.611242876],[-85.485003352,34.616406441],[-85.482745339,34.620790508],[-85.480059245,34.622310428],[-85.477033897,34.623466471],[-85.473171431,34.62171918],[-85.467811886,34.625647402],[-85.473871243,34.631692534],[-85.469112558,34.645114932],[-85.469627083,34.651701987],[-85.467804808,34.659652638],[-85.471775231,34.670518076],[-85.470021394,34.676678437],[-85.471064568,34.680827223],[-85.477901329,34.687803961],[-85.472374885,34.697013646],[-85.470034922,34.698088257],[-85.466425348,34.709604592],[-85.472971439,34.714094523],[-85.477087352,34.707974794],[-85.481836774,34.708032592],[-85.491210072,34.702705312],[-85.496088243,34.702957595],[-85.502011521,34.697132907],[-85.51903225,34.6941201],[-85.519272637,34.690414328],[-85.526761693,34.68351086],[-85.529276852,34.677861274],[-85.531950032,34.67691884],[-85.542054594,34.660526278],[-85.541963685,34.658504707],[-85.548735679,34.653595424],[-85.565524835,34.632138165],[-85.571618279,34.621415512],[-85.570707017,34.616451024],[-85.574185017,34.616473844],[-85.576246257,34.614478521],[-85.585698777,34.594935523],[-85.588023204,34.583301099],[-85.59024146,34.581610573],[-85.594665815,34.582057058],[-85.604285303,34.584534271],[-85.609182074,34.588701356],[-85.619848097,34.588574174],[-85.625580096,34.590818482],[-85.631915396,34.597206166],[-85.634873785,34.594497211],[-85.63630523,34.589231948],[-85.640223421,34.589804419],[-85.644887348,34.58459922],[-85.647318064,34.586984908],[-85.651632266,34.587096821],[-85.654499242,34.590364401],[-85.660049687,34.592694065],[-85.66160771,34.592031436],[-85.664980629,34.589177351],[-85.666038034,34.584076817],[-85.67003538,34.583285034],[-85.674824664,34.57753129],[-85.677175698,34.57096649],[-85.681933918,34.5717977],[-85.688148756,34.566178379],[-85.688215133,34.564289045],[-85.692255527,34.56020328],[-85.691407312,34.557619392],[-85.694132396,34.556897519],[-85.694080315,34.555098867],[-85.700696915,34.546649601],[-85.712019376,34.542676839],[-85.710136579,34.534438095],[-85.716402912,34.530042664],[-85.713883552,34.525390487],[-85.714788406,34.521867685],[-85.722432686,34.51625101],[-85.727797711,34.509920159],[-85.747124355,34.495596549],[-85.748614957,34.492869404],[-85.754041045,34.488834478],[-85.759431402,34.487129913],[-85.76617473,34.479124987],[-85.781873093,34.468840526],[-85.783348025,34.466843157],[-85.782693182,34.464854483],[-85.786137826,34.46460303],[-85.791926018,34.455003372],[-85.796585532,34.451055333],[-85.799778465,34.450785629],[-85.806388478,34.440814824],[-85.810874778,34.440458128],[-85.814681187,34.437847043],[-85.81536486,34.435486869],[-85.824217255,34.436914533],[-85.826076826,34.435947555],[-85.824894775,34.432127329],[-85.828496133,34.420685836],[-85.834808462,34.416794857],[-85.83530356,34.413014031],[-85.839925492,34.404815357],[-85.849795156,34.393365308],[-85.853218786,34.38494536],[-85.857301914,34.384050147],[-85.864203697,34.378229759],[-85.867299409,34.371741399],[-85.865362745,34.370456974],[-85.866247197,34.368813966],[-85.869553412,34.367414118],[-85.871897648,34.364110821],[-85.87414946,34.363896341],[-85.883272808,34.356803715],[-85.886637121,34.356374047],[-85.895059403,34.347655202],[-85.899715438,34.347987063],[-85.901980566,34.344503488],[-85.902135105,34.338299941],[-85.899027097,34.334384144],[-85.903797083,34.328361203],[-85.915707774,34.320107129],[-85.914929443,34.317960728],[-85.919536713,34.314197814],[-85.926928935,34.302661432],[-85.925839729,34.302227329],[-85.937145625,34.294743083],[-85.941981381,34.293529075],[-85.956458008,34.285186231],[-85.957749362,34.282869535],[-85.955246237,34.27971582],[-85.957881744,34.275409554],[-85.954243156,34.268029416],[-85.95898944,34.257271504],[-85.972250707,34.248090127],[-85.977739492,34.248894174],[-85.978723347,34.250954723],[-85.984102927,34.247642197],[-85.984021474,34.240618976],[-85.9816054,34.238986895],[-85.980162138,34.232189376],[-85.981555492,34.229071658],[-85.996549204,34.212443787],[-85.999310289,34.212697141],[-86.004536181,34.207331844],[-86.007769838,34.201463346],[-86.01185955,34.201422138],[-86.015484255,34.198810752],[-86.015323911,34.196136279],[-86.013249768,34.194536316],[-86.016688485,34.192545551],[-86.018387662,34.189076431],[-86.020929884,34.188682196],[-86.029494904,34.182208155],[-86.031285482,34.170332549],[-86.036950558,34.1687629],[-86.038179494,34.165955073],[-86.042641678,34.16714885],[-86.050193792,34.163695985],[-86.052539761,34.158220161],[-86.058278973,34.153651637],[-86.055369547,34.14503576],[-86.065083719,34.140903576],[-86.066543622,34.143455643],[-86.070312943,34.144160964],[-86.072592313,34.139229321],[-86.076046617,34.144265228],[-86.080047266,34.1465038],[-86.08416359,34.144900368],[-86.089744104,34.147552316],[-86.09228264,34.146506998],[-86.09339144,34.149456512],[-86.09787187,34.152399567],[-86.101649982,34.153443972],[-86.107331067,34.150211209],[-86.104753969,34.140282489],[-86.100890133,34.140156288],[-86.101532294,34.137122711],[-86.105268955,34.133664584],[-86.103922922,34.131523378],[-86.103717622,34.122218971],[-86.10608595,34.121652166],[-86.106020716,34.120387953],[-86.108789869,34.122147072],[-86.112371171,34.120444268],[-86.109724652,34.111647794],[-86.117247442,34.120171832],[-86.119852362,34.12006982],[-86.122441933,34.125403529],[-86.126172846,34.127356071],[-86.127192298,34.130833095],[-86.132012413,34.133251545],[-86.138051683,34.132320595],[-86.140351959,34.135042322],[-86.139182908,34.13781814],[-86.140644961,34.139237199],[-86.138310221,34.144639416],[-86.143781658,34.149518113],[-86.151907472,34.15302669],[-86.148573821,34.162604324],[-86.146126824,34.165039405],[-86.138474361,34.16778129],[-86.13853516,34.175946739],[-86.134884238,34.178019698],[-86.13823314,34.179291748],[-86.139525869,34.182148681],[-86.136738681,34.185893186],[-86.136718951,34.189508858],[-86.138710456,34.19159265],[-86.137800376,34.192832595],[-86.144058046,34.195891062],[-86.151098137,34.202445355],[-86.147681146,34.210776021],[-86.144441539,34.211752357],[-86.144062442,34.216473463],[-86.150314129,34.222148822],[-86.149202498,34.226187821],[-86.150889133,34.228489778],[-86.149411686,34.234086969],[-86.157152604,34.234407967],[-86.161226426,34.237481715],[-86.163355352,34.236834199],[-86.174146451,34.243102025],[-86.175621033,34.246778731],[-86.179618409,34.243880213],[-86.186215152,34.243899809],[-86.198892324,34.254818464],[-86.203821758,34.252128722],[-86.204447198,34.249610226],[-86.207592828,34.247058227],[-86.214367837,34.252092792],[-86.228399508,34.254750605],[-86.240365735,34.248644128],[-86.257179211,34.257874476],[-86.262391857,34.257343291],[-86.269173099,34.261150279],[-86.26889787,34.254766629],[-86.271968117,34.250274116],[-86.274255752,34.249526256],[-86.273879278,34.244807458],[-86.275832649,34.242286453],[-86.282198493,34.240976655],[-86.28280854,34.238621022],[-86.285903891,34.239279018],[-86.297965121,34.236570268],[-86.304401968,34.23281212],[-86.314040737,34.231119212],[-86.31867311,34.232117747],[-86.320179119,34.230625093],[-86.322464244,34.230816081],[-86.322789463,34.233142514],[-86.329565687,34.237343907],[-86.339724535,34.23358698],[-86.343877119,34.23368251],[-86.347855025,34.236172103],[-86.351564244,34.241937212],[-86.358912521,34.243796665],[-86.360030657,34.241377751],[-86.367969926,34.244868419],[-86.370871913,34.244599727],[-86.375032408,34.247082343],[-86.374998639,34.248681098],[-86.377182385,34.24846846],[-86.38648544,34.235878486],[-86.383463506,34.228565917],[-86.380564901,34.22752649],[-86.377823819,34.223290548],[-86.394538518,34.224138768],[-86.391832349,34.222026081],[-86.395011893,34.216269177],[-86.391284535,34.214602772],[-86.390633615,34.204833733],[-86.40268769,34.210292823],[-86.411325301,34.201030245],[-86.412108219,34.198241731],[-86.416177963,34.19688654],[-86.416840503,34.195215468],[-86.424091192,34.195836591],[-86.429157889,34.194413818],[-86.430009466,34.191209429],[-86.436831136,34.186100309],[-86.442401883,34.176927835],[-86.442348739,34.174727587],[-86.452873863,34.165575983],[-86.453888641,34.158526295],[-86.450786639,34.156373665],[-86.450272318,34.15080985],[-86.452517332,34.148757102],[-86.449255317,34.144249827],[-86.451411099,34.142084358],[-86.456092811,34.142104051],[-86.458773124,34.1426181],[-86.460291491,34.145841199],[-86.465010727,34.147001591],[-86.469499845,34.13755326],[-86.474113063,34.133455099],[-86.474974269,34.129250128],[-86.480293622,34.127233],[-86.484182017,34.127963952],[-86.488936702,34.123057132],[-86.500456719,34.125403306],[-86.501310481,34.128054932],[-86.504160231,34.128716743],[-86.508350408,34.134048729],[-86.517115674,34.136063689],[-86.510747757,34.140135338],[-86.508694809,34.143431289],[-86.510405621,34.14547663],[-86.509449059,34.147572865],[-86.503779286,34.150114674],[-86.501815718,34.156479711],[-86.495630562,34.164940316],[-86.498971413,34.167172316],[-86.498220467,34.169308512],[-86.506491133,34.171272734],[-86.508972578,34.177395418],[-86.507138939,34.182171653],[-86.510158002,34.184853026],[-86.499873651,34.198843907],[-86.496429601,34.199920349],[-86.489964259,34.20777596],[-86.489698417,34.210067785],[-86.482058958,34.216416861],[-86.480850331,34.220131459],[-86.482281586,34.222510071],[-86.474503584,34.225884671],[-86.473291501,34.230523941],[-86.474394484,34.234628753],[-86.467890799,34.235655074],[-86.466450359,34.241558713],[-86.455506363,34.245402747],[-86.450288947,34.250282753],[-86.451606505,34.251908496],[-86.45078118,34.257932179],[-86.454802937,34.263779987],[-86.446767968,34.272513368],[-86.447487416,34.280910397],[-86.441859976,34.2880635],[-86.44268772,34.290965751],[-86.446184037,34.293516947],[-86.447193265,34.298627504],[-86.451756036,34.29860097],[-86.453633667,34.301484184],[-86.455875386,34.301521269],[-86.460551985,34.305258394],[-86.468262284,34.305749277],[-86.477672749,34.309756708],[-86.478487244,34.313868892],[-86.487202458,34.318045843],[-86.486289934,34.319089739],[-86.49038004,34.324553353],[-86.493931571,34.324138728],[-86.495877721,34.322281976],[-86.49649608,34.317773401],[-86.500412771,34.31791103],[-86.503397045,34.313372897],[-86.50548637,34.314464691],[-86.514724598,34.312703081],[-86.520549252,34.316822101],[-86.52309081,34.315866878],[-86.529936343,34.317003397],[-86.532236446,34.315701711],[-86.534684779,34.316708485],[-86.53571375,34.314748887],[-86.539944809,34.315498641],[-86.542605693,34.317805602],[-86.552196598,34.315852827],[-86.560992963,34.316623937],[-86.562819865,34.315369546],[-86.570208135,34.317049216],[-86.569469402,34.313820646],[-86.572386256,34.312149144],[-86.579284915,34.31270139],[-86.581696918,34.309899493],[-86.586415159,34.308658374],[-86.596483214,34.310014612],[-86.597430013,34.299654908],[-86.602197439,34.291736874],[-86.600415582,34.285794739],[-86.60771362,34.280337938],[-86.610941614,34.281566444],[-86.612684487,34.285518625],[-86.617146115,34.286610874],[-86.62061453,34.290666714],[-86.632367554,34.293336042],[-86.639613324,34.300022025],[-86.648264362,34.30053053],[-86.649191073,34.297512815],[-86.654441918,34.294746836],[-86.669513465,34.298387496],[-86.670880293,34.295261844],[-86.677610097,34.29418536],[-86.685816148,34.302563128],[-86.695589703,34.303901811],[-86.699077141,34.307773101],[-86.701423609,34.304725781],[-86.698566074,34.298295163],[-86.701488601,34.296094502],[-86.705879164,34.295106832],[-86.710262762,34.297075908],[-86.714402898,34.292823926],[-86.721195913,34.291210796],[-86.724041456,34.292247374],[-86.724714461,34.29418226],[-86.723335136,34.305992105],[-86.725421935,34.308265422],[-86.727507027,34.308036166],[-86.737340745,34.313835185],[-86.740862004,34.31905994],[-86.756823392,34.32787777],[-86.760230113,34.326691646],[-86.761519716,34.323818205],[-86.759876722,34.320991294],[-86.762336124,34.31540334],[-86.76100092,34.314340724],[-86.764420043,34.310733258],[-86.762383246,34.307491612],[-86.771627919,34.306723768],[-86.782163724,34.30214859],[-86.788085452,34.303493276],[-86.790528598,34.302547847],[-86.792788787,34.304050059],[-86.794614714,34.299818222],[-86.797585076,34.298925041],[-86.799468801,34.292273407],[-86.80518005,34.291565928],[-86.80578791,34.288640092],[-86.810936884,34.283915353],[-86.811753644,34.276338528],[-86.816575751,34.273121026],[-86.817764812,34.269200649],[-86.821560217,34.268464973],[-86.82521511,34.27098067],[-86.829705959,34.269638408],[-86.832937995,34.26506231],[-86.839617219,34.26638867],[-86.84611012,34.264475265],[-86.851536859,34.25762459],[-86.849628652,34.254367214],[-86.849789154,34.250915087],[-86.855354331,34.248946946],[-86.857736695,34.24443376],[-86.861571501,34.244746799],[-86.864367421,34.241112827],[-86.866947238,34.243854243],[-86.872976351,34.244651566],[-86.874140362,34.246556711],[-86.87800576,34.245692121],[-86.88447022,34.25240149],[-86.888472751,34.249211572],[-86.899998534,34.252233946],[-86.902628628,34.250085768],[-86.916491595,34.253195123],[-86.921684498,34.251375877],[-86.926397392,34.252728531],[-86.927600403,34.255785987],[-86.93315532,34.256220705],[-86.936638857,34.260267246],[-86.929758233,34.270754201],[-86.927733306,34.271059068],[-86.928786248,34.276676144],[-86.933569809,34.279023693],[-86.944734406,34.289743831],[-86.963461969,34.290396177],[-86.964012931,34.292587153],[-86.962059707,34.296756271],[-86.967697595,34.304258694],[-86.970528677,34.303346187],[-86.974094338,34.304577704],[-86.977550908,34.308205498],[-86.983410773,34.308134737],[-86.988656355,34.311524256],[-86.991090077,34.309662246],[-86.98981801,34.306417332],[-86.994437646,34.303135157],[-87.002411122,34.307051714],[-87.004150435,34.309408245],[-87.008599716,34.307921211],[-87.01411367,34.311582994],[-87.026004189,34.304832306],[-87.036219135,34.303051126],[-87.03962033,34.307647533],[-87.045812145,34.308468936],[-87.054408621,34.302714097],[-87.064836007,34.305646734],[-87.068012094,34.304747989],[-87.072210535,34.305934557],[-87.075092295,34.303317916],[-87.075033155,34.301192965],[-87.079996388,34.300281925],[-87.083704227,34.303601272],[-87.086882188,34.302436868],[-87.087043858,34.304748642],[-87.090523922,34.30478861],[-87.095775352,34.309796836],[-87.097476019,34.308994595],[-87.09997586,34.310925649],[-87.104559234,34.309778053],[-87.115665968,34.316828001],[-87.11300792,34.318380428],[-87.112065823,34.323441553],[-87.115602518,34.332875622],[-87.129158563,34.334881288],[-87.13291799,34.338141529],[-87.132465754,34.340557713],[-87.13686012,34.346089615],[-87.150833003,34.340528063],[-87.154752154,34.342603801],[-87.158332412,34.340358579],[-87.16030901,34.343414588],[-87.163971879,34.341663945],[-87.166284808,34.342995874],[-87.16822737,34.340547801],[-87.174292884,34.342436678],[-87.178035263,34.339668462],[-87.183919318,34.33862503],[-87.185593295,34.33551838],[-87.191674402,34.337971773],[-87.193157117,34.336520046],[-87.195911093,34.337649043],[-87.19758001,34.335760854],[-87.202714102,34.337044937],[-87.202706828,34.334591697],[-87.204516074,34.334528838],[-87.210962021,34.336928836],[-87.21169694,34.340582429],[-87.213254185,34.339651914],[-87.218436263,34.34515152],[-87.224380131,34.343668483],[-87.233490149,34.344982211],[-87.238431069,34.352102495],[-87.241552149,34.351342283],[-87.247522983,34.355546193],[-87.248254625,34.35817387],[-87.253738344,34.358368227],[-87.255076066,34.360176281],[-87.253605205,34.362602171],[-87.254144625,34.36549527],[-87.259565369,34.368168606],[-87.260458216,34.367296937],[-87.261459582,34.369094292],[-87.264972105,34.369004951],[-87.266393146,34.373961989],[-87.269427012,34.376446791],[-87.270761811,34.374995705],[-87.273233148,34.378101197],[-87.277821254,34.376551368],[-87.285014916,34.378840785],[-87.293552672,34.377167814],[-87.297154238,34.378008257],[-87.298841108,34.380323878],[-87.302915542,34.379277692],[-87.308176757,34.384401506],[-87.310298897,34.384385604],[-87.309833145,34.389884709],[-87.312121264,34.390367426],[-87.314563747,34.388373588],[-87.316632226,34.392672895],[-87.313396925,34.399312011],[-87.313465502,34.400630614],[-87.316372367,34.400706927],[-87.31709656,34.403034371],[-87.31650983,34.40816648],[-87.313682481,34.412684823],[-87.314035786,34.41714203],[-87.321119531,34.418060787],[-87.322063438,34.41661789],[-87.327388712,34.418259482],[-87.328628592,34.416615519],[-87.331848171,34.417912396],[-87.334572137,34.424505853],[-87.33286643,34.426483465],[-87.332557484,34.430918427],[-87.33571273,34.430837995],[-87.336806895,34.435007088],[-87.338385235,34.435663558],[-87.344821555,34.43133996],[-87.348127824,34.431270439],[-87.348574864,34.428199164],[-87.34655868,34.424169905],[-87.349173374,34.423013312],[-87.34953111,34.419655423],[-87.358049824,34.416721698],[-87.360781022,34.410524118],[-87.366838451,34.408684381],[-87.36842172,34.406613035],[-87.367335721,34.404901117],[-87.374398168,34.404823745],[-87.38319955,34.398124903],[-87.391586382,34.401739716],[-87.402749952,34.409461541],[-87.407992681,34.404981167],[-87.411281282,34.405662122],[-87.414688223,34.40365138],[-87.416147914,34.404794762],[-87.419407015,34.401836374],[-87.423223121,34.405691954],[-87.426277344,34.404555663],[-87.427606664,34.40601549],[-87.429145644,34.401860739],[-87.434875458,34.402674805],[-87.434756138,34.398046231],[-87.441739272,34.398278888],[-87.450443371,34.392652137],[-87.451991251,34.397200577],[-87.455204713,34.395012439],[-87.457234185,34.396348732],[-87.456306277,34.398770284],[-87.457352504,34.399480723],[-87.461268236,34.398571073],[-87.466140534,34.391680753],[-87.467917502,34.392571065],[-87.470359219,34.390708897],[-87.474668097,34.391982837],[-87.476678253,34.389190198],[-87.478135825,34.390357875],[-87.480392405,34.389494254],[-87.484849985,34.393447354],[-87.489344151,34.392993805],[-87.494490552,34.395732086],[-87.499478527,34.389754018],[-87.501969018,34.39009199],[-87.509806765,34.383095016],[-87.510848921,34.379286143],[-87.509448488,34.376092129],[-87.512994124,34.375059081],[-87.514639956,34.371574187],[-87.520869987,34.36710241],[-87.521545729,34.364512591],[-87.518491894,34.357302253],[-87.519239522,34.340978558],[-87.521991386,34.340775487],[-87.528007352,34.336230916],[-87.53366549,34.337283579],[-87.537586456,34.336121521],[-87.539203653,34.334743021],[-87.537594344,34.332819916],[-87.538426574,34.33105376],[-87.541851136,34.330539394],[-87.542391268,34.327247104],[-87.540265154,34.32552628],[-87.53978619,34.320877941],[-87.531537146,34.308704601],[-87.532653068,34.305309051],[-87.531160059,34.304402386],[-87.536041139,34.300593336],[-87.536050026,34.295868857],[-87.539928814,34.295238343],[-87.542482788,34.291194061],[-87.546950055,34.290974564],[-87.545989703,34.289366015],[-87.54848992,34.286612106],[-87.546253658,34.283950807],[-87.546665122,34.278457918],[-87.543467125,34.274724538],[-87.544050896,34.271193187],[-87.550480544,34.270041169],[-87.55433333,34.267297277],[-87.556479908,34.260076344],[-87.558780867,34.258713702],[-87.558913901,34.255507265],[-87.563031726,34.255687019],[-87.564798567,34.2539781],[-87.567393673,34.255705475],[-87.569279535,34.253611557],[-87.573474633,34.254949981],[-87.576125752,34.249556573],[-87.58729896,34.244358807],[-87.592523828,34.239690638],[-87.600187884,34.238634015],[-87.607639565,34.240724951],[-87.610106971,34.238832501],[-87.619842006,34.237566679],[-87.621780962,34.228462868],[-87.625458397,34.228274021],[-87.626601148,34.23070336],[-87.628039404,34.230159001],[-87.631402543,34.23278652],[-87.634732914,34.23281014],[-87.636043395,34.230802112],[-87.641478583,34.234671147],[-87.647089614,34.234023288],[-87.649517035,34.230483434],[-87.652112151,34.229805348],[-87.657136294,34.230827961],[-87.659092439,34.232332566],[-87.658012314,34.234931958],[-87.664487349,34.237879133],[-87.673034204,34.237453722],[-87.675544762,34.240342672],[-87.682754014,34.240750701],[-87.687718382,34.243419702],[-87.692400428,34.241545518],[-87.694894384,34.243900331],[-87.698618408,34.242005677],[-87.703928612,34.246426525],[-87.707912189,34.245785519],[-87.71013131,34.243519801],[-87.715773006,34.24715772],[-87.721857515,34.247859593],[-87.727139754,34.242236715],[-87.725358132,34.239758828],[-87.731212464,34.22878903],[-87.734453528,34.226122268],[-87.736055409,34.226737369],[-87.737548167,34.222895701],[-87.745067069,34.219340288],[-87.753661385,34.224535725],[-87.757001211,34.234241338],[-87.760527853,34.233166253],[-87.769311047,34.235345408],[-87.771179368,34.237818174],[-87.770163663,34.238440533],[-87.771999283,34.244155955],[-87.774599385,34.244174206],[-87.77756998,34.247905574],[-87.781937152,34.246746342],[-87.783791222,34.247805777],[-87.788309497,34.255009231],[-87.792048359,34.253927167],[-87.795022837,34.256538729],[-87.799579414,34.257020981],[-87.801213257,34.259266081],[-87.805633569,34.259845765],[-87.809810426,34.264970184],[-87.814993636,34.268176877],[-87.819137397,34.267821129],[-87.821291011,34.265807738],[-87.825187476,34.270307783],[-87.82401166,34.271935651],[-87.824885643,34.273388156],[-87.829957852,34.275094351],[-87.832533742,34.280553115],[-87.83171663,34.283931738],[-87.841721393,34.280740928],[-87.845795193,34.281690177],[-87.849710692,34.285197335],[-87.857161404,34.283296571],[-87.862301964,34.287697221],[-87.871845732,34.286558831],[-87.879643007,34.288912279],[-87.888453604,34.287199404],[-87.891355444,34.284075712],[-87.90087163,34.284471139],[-87.903457137,34.288802907],[-87.902902256,34.290268575],[-87.909626609,34.292944794],[-87.913331859,34.30054398],[-87.916419381,34.302248732],[-87.923391148,34.300590228],[-87.925388089,34.303519068],[-87.925332432,34.30906755],[-87.923452911,34.31296373],[-87.926073338,34.317154056],[-87.926162344,34.327540988],[-87.929670241,34.333875683],[-87.93310449,34.33573014],[-87.935382738,34.342351479],[-87.93803008,34.342266034],[-87.941777592,34.337948212],[-87.951133852,34.339943668],[-87.95157378,34.342700721],[-87.948525424,34.345304294],[-87.95173642,34.353180543],[-87.95984033,34.354549753],[-87.972159325,34.349618754],[-87.973320968,34.34527483],[-87.984244336,34.344119195],[-87.991155847,34.348366007],[-87.991684207,34.353619686],[-87.994339046,34.358496103],[-87.993975077,34.362562706],[-88.001614285,34.361559655],[-88.003379527,34.356796453],[-88.007439551,34.356758279],[-88.007763485,34.358562388],[-88.010978477,34.358722578],[-88.013298337,34.365384538],[-88.01981708,34.371072731],[-88.029436781,34.365432876],[-88.030429939,34.36329643],[-88.036014271,34.361144607],[-88.038678796,34.366256028],[-88.040963774,34.365413411],[-88.041795386,34.369080155],[-88.04545525,34.368777596],[-88.049523503,34.371172309],[-88.049053644,34.373487729],[-88.051092644,34.373936491],[-88.053009869,34.378733334],[-88.058413857,34.383038564],[-88.06334726,34.375552678],[-88.066457432,34.376867364],[-88.069045191,34.375207681],[-88.07443201,34.375785661],[-88.080939957,34.383063699],[-88.077711935,34.385790614],[-88.075451054,34.390951923],[-88.075912823,34.393490748],[-88.081230657,34.397399676],[-88.085304893,34.404900404],[-88.092281826,34.408456806],[-88.106444935,34.407953494],[-88.111198292,34.413122353],[-88.109773057,34.415086899],[-88.110449614,34.416922768],[-88.115067308,34.418548565],[-88.11374004,34.420563962],[-88.118275015,34.421409973],[-88.11944303,34.422828969],[-88.118387458,34.423823789],[-88.121268761,34.426778627],[-88.125320249,34.427438022],[-88.128189927,34.432461485],[-88.132042865,34.431704297],[-88.132835264,34.42845368],[-88.134832585,34.427377331],[-88.142078037,34.43853282],[-88.147860187,34.441384184],[-88.152265332,34.439254454],[-88.155852214,34.441450348],[-88.156810749,34.439477002],[-88.15854829,34.439587875],[-88.171604946,34.448451211],[-88.174056704,34.447522582],[-88.175376554,34.448627212],[-88.174772819,34.451278615],[-88.181355567,34.456844541],[-88.187442104,34.457144162],[-88.192855537,34.460327888],[-88.19520094,34.463749261],[-88.199001988,34.463615162],[-88.200395821,34.469361647],[-88.203846283,34.469712804],[-88.203709879,34.472753072],[-88.207135849,34.476393713],[-88.204868074,34.481045094],[-88.205916885,34.484667336],[-88.208610107,34.485701521],[-88.20597624,34.487891004],[-88.20843273,34.495598909],[-88.206511129,34.498963279],[-88.209209892,34.502481364],[-88.212148799,34.502032444],[-88.210439412,34.505877906],[-88.215714785,34.509269568],[-88.212743336,34.515800174],[-88.217140552,34.522815109],[-88.215572597,34.523795374],[-88.218493264,34.537448996],[-88.221980667,34.545487725],[-88.224144677,34.54697804],[-88.227886148,34.55907076],[-88.227464782,34.561151738],[-88.224189783,34.561095081],[-88.220616839,34.565583593],[-88.225016487,34.574275764],[-88.227246547,34.573682291],[-88.230094818,34.577264005],[-88.228911609,34.580213038],[-88.23036372,34.583728913],[-88.227938659,34.584767844],[-88.224841914,34.583547736],[-88.219533758,34.588141164],[-88.219629331,34.590447933],[-88.217429723,34.592143047],[-88.21823768,34.596764111],[-88.217027339,34.599667041],[-88.211944692,34.60564617],[-88.21316747,34.610381138],[-88.216964979,34.611633532],[-88.208339426,34.620534117],[-88.208791713,34.628468274],[-88.206936426,34.634469319],[-88.211886255,34.635025007],[-88.21931164,34.642566573],[-88.224328799,34.643613984],[-88.225455365,34.646803027],[-88.231454161,34.649891952],[-88.233611875,34.654581383],[-88.232276525,34.655821276],[-88.23417999,34.664833351],[-88.232889861,34.667060241],[-88.238461591,34.667857878],[-88.239254826,34.67385233],[-88.241926778,34.676939878],[-88.240981105,34.679805757],[-88.247158832,34.68832138],[-88.246584764,34.689603579],[-88.24831707,34.691005357],[-88.250748878,34.690315373],[-88.253222414,34.692735509],[-88.254441194,34.69971024],[-88.260767093,34.709279471],[-88.269155289,34.708220686],[-88.271172958,34.712331956],[-88.274709848,34.714020892],[-88.274832729,34.716331086],[-88.276249197,34.716763284],[-88.275988519,34.722666192],[-88.28043661,34.726090713],[-88.285507099,34.723564609],[-88.284684172,34.720022504],[-88.287676713,34.716658912],[-88.287325713,34.710574733],[-88.291345364,34.708761044],[-88.29438016,34.707735761],[-88.296535792,34.708901866],[-88.297704179,34.712409933],[-88.302472803,34.712863215],[-88.306054814,34.715453909],[-88.309038002,34.713546094],[-88.312289699,34.705756872],[-88.310670642,34.702143592],[-88.30507216,34.696869928],[-88.305696967,34.694163376],[-88.306104023,34.69317058],[-88.309338223,34.695116064],[-88.311508733,34.693175668],[-88.311258144,34.690060328],[-88.315627844,34.687339705],[-88.317751303,34.688047138],[-88.321199803,34.683169656],[-88.327738458,34.685445572],[-88.331582702,34.690127797],[-88.337778148,34.68771976],[-88.337746276,34.685724694],[-88.339440183,34.686876536],[-88.341780062,34.685173791],[-88.344533251,34.687408364],[-88.347218819,34.684151486],[-88.350429615,34.683706092],[-88.352980488,34.687981107],[-88.3580184,34.690661426],[-88.355476303,34.694743582],[-88.356829929,34.695965341],[-88.362277451,34.696216834],[-88.366350507,34.700338758],[-88.371644339,34.698643612],[-88.372853012,34.701358757],[-88.375594613,34.70150213],[-88.376937616,34.706967228],[-88.379410775,34.708518239],[-88.38306009,34.718092056],[-88.385929888,34.721028832],[-88.388290703,34.721077656],[-88.390586677,34.724716823],[-88.390602889,34.734219374],[-88.393546109,34.738360924],[-88.396414636,34.737835115],[-88.3962971,34.751373113],[-88.403774656,34.753919608],[-88.404564393,34.759352117],[-88.411262693,34.763377627],[-88.409735363,34.766050929],[-88.411295897,34.768399316],[-88.407178641,34.768289472],[-88.40580526,34.76898005],[-88.406106752,34.771095321],[-88.400425975,34.771631928],[-88.396216514,34.776673996],[-88.396749242,34.778098071],[-88.393680629,34.779060762],[-88.393176695,34.780673811],[-88.398049425,34.787380871],[-88.40061887,34.788931061],[-88.404598313,34.787377876],[-88.407024943,34.78937896],[-88.406379712,34.791428465],[-88.407604995,34.792374062],[-88.405869818,34.793760007],[-88.406339211,34.798479895],[-88.404242996,34.802917463],[-88.406010608,34.805037527],[-88.410254902,34.806216985],[-88.412064146,34.808863006],[-88.411383053,34.810645333],[-88.415922937,34.816110528],[-88.420984204,34.814765654],[-88.423545366,34.821253999],[-88.42342467,34.827030415],[-88.417761719,34.829265423],[-88.416357527,34.831414917],[-88.416034849,34.833556769],[-88.418850032,34.836419114],[-88.418947671,34.838951817],[-88.412190598,34.840022726],[-88.415342529,34.845069729],[-88.412401436,34.851335693],[-88.415313888,34.853926911],[-88.422056438,34.854382806],[-88.423574072,34.858056201],[-88.428112906,34.858251282],[-88.429575655,34.858905012],[-88.429238064,34.860463676],[-88.43497136,34.861406222],[-88.437876093,34.868567503],[-88.442076027,34.870553859],[-88.441381892,34.874052474],[-88.444222167,34.876894537],[-88.440339152,34.879512543],[-88.439967819,34.886899048],[-88.43737416,34.891168088],[-88.438794108,34.893397211],[-88.436485626,34.89616305],[-88.43698364,34.899641927],[-88.43164242,34.901984711],[-88.436793798,34.905022457],[-88.437336854,34.910864324],[-88.433467949,34.913766767],[-88.439561912,34.920891866],[-88.436955106,34.924096571],[-88.433734785,34.924544226],[-88.434041729,34.926854792],[-88.4298788,34.931440416],[-88.437874504,34.930967167],[-88.438714523,34.934032954],[-88.444210502,34.934753341],[-88.444869719,34.936678858],[-88.448723517,34.936154034],[-88.450334449,34.934313966],[-88.45238228,34.935183602],[-88.454627657,34.938480581],[-88.452114117,34.94163483],[-88.453762911,34.952746672],[-88.459001633,34.952136256],[-88.460650473,34.953082982],[-88.460110466,34.954325928],[-88.463840972,34.95514388],[-88.463561346,34.957040333],[-88.468144597,34.960413725],[-88.468457303,34.963365353],[-88.473236455,34.965752897],[-88.473114074,34.968960226],[-88.476849665,34.969284191],[-88.477735279,34.972434334],[-88.475491389,34.974849786],[-88.480766976,34.976632088],[-88.481341319,34.979648717],[-88.47649183,34.984483796],[-88.48295236,34.990242141],[-88.486809318,34.996551844],[-88.485441739,35.003726412],[-88.492895096,35.007803497],[-88.493981155,35.010615241],[-88.496378737,35.010882185],[-88.498282472,35.01556171],[-88.498159689,35.019871987],[-88.49322927,35.021590485],[-88.490718043,35.026222715],[-88.487731361,35.026739552],[-88.484266085,35.033916114],[-88.481225038,35.036070415],[-88.482985111,35.040993031],[-88.48577056,35.041156806],[-88.485619727,35.044658332],[-88.487337069,35.046865376],[-88.486713385,35.048455991],[-88.483258853,35.048963806],[-88.478690075,35.052245171],[-88.47738352,35.0553889],[-88.482611114,35.059758349],[-88.481157443,35.061009977],[-88.483565557,35.065824766],[-88.481924803,35.06863822],[-88.487741028,35.071920887],[-88.486545075,35.076031975],[-88.491248708,35.078417399],[-88.492777455,35.081656441],[-88.487460752,35.089819604],[-88.485889244,35.089616049],[-88.481044353,35.094203571],[-88.482007978,35.097475847],[-88.478719777,35.10281012],[-88.482149149,35.105181347],[-88.484307798,35.11191707],[-88.486679816,35.11353756],[-88.484608617,35.117441217],[-88.494222289,35.119787447],[-88.497364072,35.126593979],[-88.492911625,35.134646422],[-88.494003951,35.142508989],[-88.498886722,35.144171871],[-88.499015082,35.147138297],[-88.497363716,35.148507746],[-88.498995088,35.152309699],[-88.4966326,35.155675903],[-88.497679528,35.160768338],[-88.508691888,35.164998539],[-88.50956903,35.171010658],[-88.505513267,35.174653514],[-88.505708491,35.178668256],[-88.50266933,35.181256048],[-88.501924954,35.186727708],[-88.497621034,35.191959589],[-88.497201765,35.196235513],[-88.499472826,35.205130711],[-88.500486344,35.206932807],[-88.503603742,35.206215642],[-88.504486607,35.207305568],[-88.509082029,35.205749696],[-88.511968182,35.212236156],[-88.517948151,35.212396266],[-88.52023954,35.21418702],[-88.522512178,35.213346281],[-88.526642571,35.21558997],[-88.527044156,35.218304547],[-88.532650967,35.218929651],[-88.52972204,35.223449425],[-88.531347188,35.226306802],[-88.530422407,35.234922227],[-88.537303995,35.23616577],[-88.537013744,35.243571439],[-88.539801421,35.244695711],[-88.543192245,35.261277448],[-88.536144091,35.265132803],[-88.533807698,35.271975732],[-88.536891203,35.276166852],[-88.534717705,35.277549893],[-88.533886628,35.282641751],[-88.531995687,35.283691858],[-88.536090421,35.289598212],[-88.526412075,35.293017374],[-88.527174773,35.297508711],[-88.52596325,35.298538845],[-88.527423303,35.302032503],[-88.523000638,35.305392128],[-88.522643862,35.311062233],[-88.517742789,35.309713143],[-88.511462191,35.314750345],[-88.512700484,35.316990668],[-88.510149063,35.320588567],[-88.512044935,35.322347645],[-88.510446082,35.326230881],[-88.511764748,35.333692147],[-88.515573583,35.342340882],[-88.509671648,35.346334971],[-88.506988727,35.351367525],[-88.505506165,35.351930702],[-88.504419802,35.350504596],[-88.503136784,35.354695571],[-88.496782705,35.357299112],[-88.496277166,35.364114858],[-88.492647887,35.36705136],[-88.489494181,35.373215168],[-88.48958955,35.375641117],[-88.496741653,35.379434521],[-88.498167554,35.386942341],[-88.494306681,35.388003073],[-88.494080781,35.390166953],[-88.490974077,35.392130534],[-88.4903306,35.393893907],[-88.493516024,35.396863214],[-88.491154681,35.400960095],[-88.488302345,35.402164725],[-88.488540763,35.404198526],[-88.485827588,35.406321499],[-88.484285438,35.410657407],[-88.485098356,35.412637503],[-88.482897842,35.414377189],[-88.485398656,35.419821484],[-88.472767088,35.431030744],[-88.471390417,35.438202197],[-88.474405597,35.443358068],[-88.473790289,35.447765516],[-88.469277169,35.446559564],[-88.469278645,35.449718779],[-88.463545496,35.453295239],[-88.465907703,35.461383795],[-88.464947693,35.462794909],[-88.453940634,35.465622319],[-88.449993594,35.468560438],[-88.449591662,35.4711141],[-88.453904133,35.47536194],[-88.454021367,35.478005505],[-88.44959555,35.484397651],[-88.442154367,35.485734046],[-88.440761417,35.488392233],[-88.442080766,35.492564201],[-88.438830885,35.494859789],[-88.441009494,35.501834148],[-88.439363775,35.503558229],[-88.440296504,35.505699486],[-88.436523566,35.508700878],[-88.435679342,35.51262079],[-88.441841334,35.518802036],[-88.447849743,35.520581149],[-88.447584835,35.523252694],[-88.45361738,35.525927774],[-88.45493684,35.530111986],[-88.44873544,35.534939207],[-88.445748448,35.54092323],[-88.44347885,35.54180932],[-88.444875197,35.544767722],[-88.441554965,35.55555059],[-88.438255159,35.556530307],[-88.437039001,35.559079975],[-88.440529859,35.562764731],[-88.438908965,35.568993467],[-88.444261492,35.569984858],[-88.443847227,35.571600801],[-88.446675042,35.57293046],[-88.450321682,35.569937465],[-88.451997033,35.571409684],[-88.455516239,35.570966545],[-88.455029517,35.57223344],[-88.45927106,35.574272622],[-88.462218302,35.581719142],[-88.470000793,35.583794647],[-88.471591962,35.589669531],[-88.474224289,35.59243093],[-88.479406217,35.594638332],[-88.483854929,35.59372419],[-88.486655771,35.598867082],[-88.478876259,35.610962928],[-88.480277771,35.614901674],[-88.484758701,35.616137942],[-88.480218427,35.625222232],[-88.475217321,35.627571285],[-88.470819189,35.626392477],[-88.462422629,35.630389725],[-88.461801324,35.632588895],[-88.459053724,35.633938446],[-88.467625037,35.638785757],[-88.465596639,35.64627795],[-88.462011097,35.649945253],[-88.464037647,35.654686241],[-88.46684878,35.656429866],[-88.466580062,35.658586365],[-88.471102758,35.660033525],[-88.471526181,35.66824451],[-88.475054572,35.669260685],[-88.476489543,35.674564296],[-88.483076643,35.675789331],[-88.478611248,35.68071582],[-88.479712535,35.686059008],[-88.477154942,35.690079739],[-88.471489896,35.692128281],[-88.470023118,35.694895229],[-88.467144487,35.694399161],[-88.46625252,35.701835328],[-88.468204843,35.704088988],[-88.464121673,35.707487382],[-88.463220908,35.710277675],[-88.460285163,35.711487267],[-88.459028595,35.716459894],[-88.456533963,35.717052793],[-88.45506465,35.724876243],[-88.451606594,35.727402679],[-88.45170715,35.731298308],[-88.449740264,35.735018038],[-88.451539928,35.741871642],[-88.453663092,35.743151426],[-88.45366602,35.746526282],[-88.455844224,35.749180798],[-88.453978753,35.753329114],[-88.451012046,35.755464763],[-88.46206987,35.76206132],[-88.459744268,35.765586126],[-88.461577885,35.768970293],[-88.457730922,35.77024373],[-88.458433861,35.775263196],[-88.464787827,35.780639985],[-88.468860661,35.779897232],[-88.472939272,35.782243646],[-88.474257721,35.780353487],[-88.48048847,35.779917451],[-88.478924348,35.781693384],[-88.480012059,35.784725325],[-88.477400268,35.790741584],[-88.474124294,35.791965727],[-88.470673501,35.791274096],[-88.467093904,35.793043632],[-88.460759208,35.793245634],[-88.457871715,35.792062384],[-88.455994878,35.794916393],[-88.450751248,35.795229309],[-88.451818274,35.79901408],[-88.449985305,35.801713305],[-88.450128295,35.804865947],[-88.453858258,35.805869893],[-88.454865059,35.808098948],[-88.452575203,35.810666229],[-88.453599281,35.813751029],[-88.451054819,35.814653681],[-88.447430396,35.822816033],[-88.44306852,35.82393034],[-88.443136976,35.82632645],[-88.456589761,35.848013219],[-88.454523109,35.849223551],[-88.453051412,35.853163654],[-88.446878111,35.854383406],[-88.44565918,35.858497011],[-88.43994871,35.864552372],[-88.444603006,35.873073738],[-88.443906846,35.875576448],[-88.44773119,35.881046238],[-88.444062678,35.893014447],[-88.435564697,35.90053205],[-88.430988239,35.90180045],[-88.428637074,35.901709303],[-88.423563498,35.896881556],[-88.420527715,35.897487762],[-88.410780407,35.894487957],[-88.404911867,35.89739669],[-88.397571928,35.896183457],[-88.392606541,35.899199858],[-88.387034913,35.899325605],[-88.383007981,35.902046948],[-88.38235205,35.90428319],[-88.380707421,35.903908859],[-88.381455169,35.901308941],[-88.370250815,35.899056376],[-88.364313297,35.90132462],[-88.363550887,35.903881527],[-88.359357283,35.906158832],[-88.356083333,35.904998908],[-88.352346585,35.90667963],[-88.352216896,35.912676961],[-88.348355045,35.913249177],[-88.344227477,35.910337199],[-88.344926023,35.91323181],[-88.3395601,35.919212696],[-88.334392145,35.917722092],[-88.330786482,35.918434196],[-88.3265983,35.921806943],[-88.325494823,35.925509172],[-88.329304469,35.927122381],[-88.331369542,35.928956685],[-88.3304589,35.930185108],[-88.333672599,35.931064596],[-88.335010995,35.933221482],[-88.334712086,35.936148322],[-88.330839988,35.940494973],[-88.324980489,35.94251872],[-88.325740239,35.944986881],[-88.329345559,35.945952638],[-88.328981301,35.949028524],[-88.331507529,35.950392772],[-88.332324067,35.956432177],[-88.338064957,35.960084651],[-88.336561644,35.96092841],[-88.337866793,35.96484899],[-88.334930172,35.969090202],[-88.339200615,35.971658634],[-88.334608508,35.983098331],[-88.335567189,35.984726621],[-88.330733473,35.985347083],[-88.326525339,35.983742047],[-88.322886725,35.989649014],[-88.323628527,35.992687066],[-88.317491123,35.993103125],[-88.318896979,35.997868182],[-88.320829634,35.998326933],[-88.323614103,36.004060766],[-88.326040368,36.005078341],[-88.325125805,36.006568939],[-88.326403553,36.008192671],[-88.32356007,36.009573425],[-88.322240117,36.013059917],[-88.316244309,36.015330874],[-88.315357735,36.017423755],[-88.319610532,36.018838747],[-88.323904786,36.025501464],[-88.32812166,36.023772554],[-88.326724409,36.030122334],[-88.323268059,36.032448347],[-88.32640945,36.038026441],[-88.324628076,36.040555055],[-88.321289738,36.041013575],[-88.319217623,36.044094476],[-88.308622055,36.045784559],[-88.306267996,36.050749412],[-88.31075493,36.054514634],[-88.310951095,36.057454349],[-88.307098585,36.06073073],[-88.308323049,36.063711738],[-88.30642416,36.065493408],[-88.305799816,36.070099732],[-88.308062578,36.072587232],[-88.305942241,36.072582417],[-88.304132665,36.074751983],[-88.305174194,36.078107502],[-88.310693981,36.082457961],[-88.310402229,36.086619604],[-88.305987845,36.089653902],[-88.310472044,36.09364967],[-88.311342087,36.100534026],[-88.313086341,36.105123169],[-88.314800694,36.105811271],[-88.316199159,36.11325872],[-88.31895947,36.114679834],[-88.31812762,36.118789736],[-88.320123874,36.121064341],[-88.318560555,36.124356485],[-88.320224268,36.127336083],[-88.315640049,36.131579704],[-88.327123935,36.135249157],[-88.328482217,36.139449755],[-88.326908008,36.14116238],[-88.328554471,36.142112479],[-88.327842884,36.14535248],[-88.330120046,36.147649105],[-88.32721969,36.1547541],[-88.330819208,36.15810794],[-88.329984738,36.159519701],[-88.331312166,36.161018157],[-88.327024959,36.164090882],[-88.327198094,36.168355715],[-88.325793906,36.170180059],[-88.329636555,36.172342284],[-88.325956106,36.175330179],[-88.327557336,36.177977928],[-88.326268761,36.180324106],[-88.328283584,36.183783682],[-88.324625552,36.188412721],[-88.328287803,36.189996419],[-88.330459672,36.193342152],[-88.330225872,36.197666771],[-88.32860135,36.197656699],[-88.329883365,36.199166865],[-88.32880912,36.202983894],[-88.330790958,36.203504027],[-88.330324065,36.204695887],[-88.33211468,36.205669775],[-88.331223097,36.206573982],[-88.335671142,36.205524791],[-88.338599969,36.207791543],[-88.341973759,36.206248981],[-88.346059063,36.206822082],[-88.345221457,36.211773394],[-88.346576906,36.214516219],[-88.344777725,36.216067663],[-88.352919787,36.222479077],[-88.35156071,36.225885339],[-88.355105852,36.226771904],[-88.358271414,36.2350785],[-88.352229538,36.238318947],[-88.346815842,36.244391634],[-88.344286002,36.250947354],[-88.33798518,36.253494539],[-88.336014103,36.252309809],[-88.333105407,36.25452881],[-88.331755588,36.259854322],[-88.332394383,36.263674307],[-88.335121893,36.266383547],[-88.334834958,36.270763332],[-88.332639386,36.275727963],[-88.321963247,36.28095334],[-88.321300852,36.284135385],[-88.32380361,36.283374774],[-88.324361346,36.287288213],[-88.32935578,36.293065605],[-88.339858607,36.290855672],[-88.34063181,36.295595234],[-88.342223406,36.29389613],[-88.35008263,36.295938945],[-88.352794632,36.301890055],[-88.359212063,36.301431915],[-88.363592869,36.306857621],[-88.36609493,36.306054085],[-88.369323225,36.307524258],[-88.368933909,36.309437001],[-88.37095675,36.312165184],[-88.374671181,36.311629969],[-88.378051701,36.314576974],[-88.383284013,36.314791249],[-88.38623104,36.310866825],[-88.38879061,36.313729654],[-88.386485503,36.31506893],[-88.386236763,36.318575578],[-88.382175004,36.31885809],[-88.381561903,36.320242252],[-88.382549126,36.322815922],[-88.381059203,36.326230771],[-88.382816933,36.327642334],[-88.378816183,36.331470051],[-88.376882636,36.330567819],[-88.368564318,36.334997002],[-88.366193791,36.334832895],[-88.360527324,36.327496795],[-88.356126871,36.329494983],[-88.356008321,36.327069035],[-88.352102112,36.323340396],[-88.348459823,36.325004796],[-88.343990544,36.324661626],[-88.342428913,36.325800069],[-88.34393193,36.330126525],[-88.340014994,36.332900403],[-88.343625487,36.338730733],[-88.340912787,36.337796847],[-88.338018335,36.33922133],[-88.340164874,36.344733184],[-88.343442803,36.344349275],[-88.344145444,36.345525824],[-88.341236159,36.349355205],[-88.343184758,36.351644477],[-88.336870382,36.357151077],[-88.332411006,36.355160305],[-88.327865286,36.356950913],[-88.323582205,36.354685616],[-88.321894748,36.35940763],[-88.312274281,36.365540235],[-88.30854035,36.366078736],[-88.307892455,36.369752788],[-88.290939728,36.375961548],[-88.290902783,36.381228456],[-88.289365788,36.383190814],[-88.296628641,36.386539487],[-88.297626272,36.389845105],[-88.294263146,36.393104731],[-88.296018955,36.403941071],[-88.294351277,36.40547101],[-88.29637067,36.406346417],[-88.297648003,36.410877081],[-88.301086377,36.413869596],[-88.302289428,36.417268083],[-88.30397218,36.417376422],[-88.304572429,36.419140639],[-88.303184253,36.420472465],[-88.305171719,36.421664712],[-88.30459645,36.423044671],[-88.309402335,36.423905997],[-88.310725723,36.422301237],[-88.312768161,36.424122449],[-88.314997984,36.423256069],[-88.331982566,36.426811002],[-88.331936586,36.431000117],[-88.334039843,36.432621189],[-88.334512174,36.43756982],[-88.340651325,36.44058292],[-88.340846809,36.442770158],[-88.342579976,36.443636832],[-88.341226982,36.446367247],[-88.342017519,36.451134629],[-88.344124401,36.455379595],[-88.346550055,36.455039427],[-88.344745563,36.463034954],[-88.34183884,36.468172272],[-88.344730163,36.471948883],[-88.343917759,36.479378092],[-88.356665957,36.476773692],[-88.359335576,36.472242269],[-88.362487319,36.471641654],[-88.367256174,36.477048791],[-88.369341229,36.476938288],[-88.37179834,36.481668779],[-88.371510623,36.485651209],[-88.373686056,36.48488728],[-88.378566989,36.486906843],[-88.382167887,36.483525802],[-88.383526891,36.48480455],[-88.388182126,36.484399679],[-88.392953467,36.480387524],[-88.391484068,36.478367212],[-88.393921746,36.476316129],[-88.394366462,36.478071881],[-88.399865703,36.478639589],[-88.40639469,36.483302436],[-88.403797262,36.487406914],[-88.40599235,36.488411002],[-88.406650031,36.490841362],[-88.410520398,36.490786711],[-88.411272308,36.495433209],[-88.416224037,36.498341362],[-88.415194295,36.50024912],[-88.417622819,36.502961588],[-88.419803172,36.502726071],[-88.421027654,36.499963753],[-88.422698944,36.500913334],[-88.425407791,36.499166366],[-88.430747951,36.504037837],[-88.433848895,36.503579021],[-88.439204683,36.505749762],[-88.443112227,36.511310873],[-88.442904242,36.513220318],[-88.44578895,36.514940848],[-88.444413979,36.5161239],[-88.444628834,36.520969054],[-88.447368255,36.522793687],[-88.451863776,36.521068568],[-88.452688213,36.521962177],[-88.45083576,36.524626374],[-88.452093257,36.530466976],[-88.450266628,36.532555612],[-88.45905572,36.536931347],[-88.461234755,36.541574688],[-88.44445149,36.556636109],[-88.445521565,36.558806613],[-88.444570159,36.562543372],[-88.448861616,36.568986521],[-88.446804688,36.575277093],[-88.443531598,36.574967883],[-88.443195474,36.577647842],[-88.438740209,36.579648191],[-88.439516114,36.585714407],[-88.43775649,36.587357978],[-88.438591538,36.589310076],[-88.435986435,36.594919469],[-88.438945618,36.60011598],[-88.447749811,36.606707061],[-88.450981098,36.606232694],[-88.458128349,36.6097929],[-88.465626387,36.618214312],[-88.475582414,36.619370512],[-88.484621048,36.624944838],[-88.484787028,36.629803163],[-88.477594515,36.633278808],[-88.477187402,36.636332022],[-88.479433409,36.638917835],[-88.478078776,36.639642966],[-88.478757745,36.640997212],[-88.484005365,36.642104782],[-88.483265305,36.645966091],[-88.49004481,36.647471561],[-88.488143799,36.655822607],[-88.495750096,36.652817064],[-88.505964821,36.655682259],[-88.512627481,36.661426596],[-88.511816722,36.663749487],[-88.515951192,36.664777643],[-88.516654833,36.666452121],[-88.518125462,36.665735891],[-88.521839668,36.668796307],[-88.519718303,36.673106714],[-88.516287426,36.673430013],[-88.516425225,36.682953451],[-88.518367156,36.684807931],[-88.516848169,36.688238778],[-88.511245802,36.688227196],[-88.509312223,36.69070034],[-88.510426996,36.692832784],[-88.506876456,36.697689667],[-88.507379236,36.70134734],[-88.512171779,36.707824468],[-88.515968888,36.708850292],[-88.521011622,36.714935452],[-88.528522212,36.719673502],[-88.536274083,36.719866034],[-88.542358622,36.723836668],[-88.546299072,36.723646955],[-88.552783222,36.732264653],[-88.554849643,36.73238019],[-88.558428492,36.737197544],[-88.560814881,36.737945531],[-88.562455192,36.740640752],[-88.558639652,36.742935095],[-88.561077998,36.746051181],[-88.562745419,36.744488307],[-88.566068897,36.743670032],[-88.567660871,36.744847125],[-88.569332349,36.743536227],[-88.576800524,36.748249317],[-88.576440651,36.750029578],[-88.58850664,36.754192852],[-88.590683442,36.759698876],[-88.587450415,36.761667027],[-88.586223388,36.764904592],[-88.587311897,36.769697199],[-88.583642445,36.770322689],[-88.580889481,36.772939331],[-88.582153357,36.777140584],[-88.58026958,36.781124426],[-88.58257742,36.782788179],[-88.58267346,36.786380139],[-88.589931881,36.789851543],[-88.592917086,36.794536399],[-88.594869294,36.794990314],[-88.595357069,36.801885953],[-88.603179304,36.801261741],[-88.607056359,36.802639601],[-88.607195247,36.806106073],[-88.611527233,36.808913369],[-88.611814272,36.817938758],[-88.613558077,36.818920859],[-88.614349178,36.824137391],[-88.613366209,36.826359883],[-88.615895462,36.827688124],[-88.614086652,36.830837676],[-88.614890236,36.833396494],[-88.619185134,36.838081075],[-88.621266424,36.837967488],[-88.62118122,36.841420091],[-88.623215868,36.843884379],[-88.621884149,36.847025518],[-88.627204962,36.85141174],[-88.626743267,36.855716171],[-88.624712334,36.85701424],[-88.6277158,36.863316582],[-88.625545558,36.865107597],[-88.625112459,36.873005803],[-88.626935407,36.874846394],[-88.627972834,36.878552339],[-88.626647934,36.88040566],[-88.629008301,36.885329819],[-88.627420187,36.886665572],[-88.627964383,36.889867093],[-88.625327444,36.891549813],[-88.632225793,36.906086326],[-88.634461387,36.906074162],[-88.635787257,36.909915076],[-88.641423274,36.91072127],[-88.642561501,36.914930359],[-88.641061565,36.918963528],[-88.642894767,36.920823253],[-88.647021348,36.92111518],[-88.649357806,36.924440599],[-88.647332418,36.926154852],[-88.648558602,36.928718016],[-88.653765494,36.929893867],[-88.656005367,36.932879628],[-88.655554133,36.936655862],[-88.658288472,36.940414409],[-88.66261344,36.940650686],[-88.664834691,36.943914129],[-88.667480701,36.943966139],[-88.670626165,36.947046535],[-88.668773697,36.947785595],[-88.675504898,36.955414269],[-88.674973775,36.958763933],[-88.678913166,36.962345465],[-88.679718788,36.966034399],[-88.683006383,36.963817234],[-88.693479584,36.965512272],[-88.696052932,36.964380156],[-88.70027526,36.968624217],[-88.709484564,36.972135642],[-88.709168477,36.975754301],[-88.710896061,36.976979093],[-88.718669373,36.979404254],[-88.722672832,36.974512542],[-88.730010533,36.972406518],[-88.732004568,36.972512118],[-88.733916034,36.975109174],[-88.736592061,36.974041147],[-88.736816399,36.977132237]],[[-88.21609725,37.299616555],[-88.218326027,37.296261699],[-88.216190797,37.294837986],[-88.217543018,37.285200488],[-88.223260695,37.284168433],[-88.230128297,37.275158064],[-88.235052507,37.27381853],[-88.23717362,37.271350444],[-88.240033874,37.271980936],[-88.242652821,37.269716777],[-88.240869802,37.264024658],[-88.234898229,37.25886946],[-88.238278505,37.255770817],[-88.236920106,37.252451943],[-88.243060128,37.249601659],[-88.24946349,37.242474474],[-88.244836555,37.232237234],[-88.257808728,37.224393497],[-88.252283386,37.222165554],[-88.249464292,37.218436275],[-88.249006991,37.215328445],[-88.251345173,37.212861522],[-88.254213323,37.212881673],[-88.250381993,37.210218607],[-88.246331815,37.210940958],[-88.239352427,37.207689389],[-88.231308077,37.209262732],[-88.228594536,37.213780636],[-88.228891975,37.217002136],[-88.226390384,37.21700497],[-88.225608036,37.218654478],[-88.227782301,37.220504609],[-88.225968761,37.225160078],[-88.22365044,37.223688888],[-88.221473422,37.225139527],[-88.219913914,37.223985698],[-88.219169185,37.226986964],[-88.215369399,37.226173633],[-88.208252603,37.238277167],[-88.204310052,37.2391017],[-88.202109021,37.242840028],[-88.196077946,37.247113979],[-88.18827887,37.24731973],[-88.189237659,37.256892457],[-88.183512762,37.258134303],[-88.178379025,37.262532642],[-88.179310611,37.265356733],[-88.178236193,37.267171796],[-88.180699752,37.269939625],[-88.175593672,37.277397327],[-88.176513158,37.279167145],[-88.173563813,37.281137926],[-88.161613527,37.298781618],[-88.166552148,37.300713137],[-88.169657998,37.299375885],[-88.176258222,37.302952749],[-88.17633681,37.310090863],[-88.18271119,37.313000032],[-88.192644456,37.311949771],[-88.196761645,37.307206099],[-88.196913371,37.304078577],[-88.200443526,37.299154258],[-88.205545396,37.300125127],[-88.210919359,37.305935657],[-88.21609725,37.299616555]],[[-88.006535964,37.228606768],[-88.022154303,37.221841079],[-88.029654929,37.224460001],[-88.033416382,37.22339406],[-88.051879825,37.226322203],[-88.05288052,37.223844181],[-88.054834596,37.223311499],[-88.054188791,37.218286357],[-88.04939288,37.21043812],[-88.050111583,37.208344546],[-88.042855823,37.206322233],[-88.043313734,37.202941684],[-88.04875623,37.200076034],[-88.05217229,37.200951423],[-88.056244202,37.199393157],[-88.067395111,37.192578225],[-88.068854322,37.183531393],[-88.066601506,37.178925478],[-88.067974872,37.178535022],[-88.064418542,37.176525805],[-88.066647187,37.173580551],[-88.066639505,37.167281317],[-88.063138155,37.16809653],[-88.059696664,37.166019111],[-88.05792679,37.167546178],[-88.051920781,37.164046813],[-88.047436602,37.165451754],[-88.044476811,37.162599594],[-88.043472424,37.165117206],[-88.041381923,37.164813654],[-88.038927798,37.161885517],[-88.042042223,37.158938181],[-88.042383175,37.155999054],[-88.038038809,37.153175079],[-88.028382652,37.152151809],[-88.026494422,37.150387848],[-88.031376088,37.13744884],[-88.029409962,37.136290555],[-88.029630911,37.13152997],[-88.02616193,37.131754265],[-88.025167824,37.126787459],[-88.026218264,37.117950826],[-88.023550204,37.112648765],[-88.032573437,37.108200908],[-88.03164608,37.105830784],[-88.025004586,37.103782118],[-88.022696352,37.105203811],[-88.017179773,37.105000632],[-88.01523586,37.103919064],[-88.014354206,37.100181119],[-88.000741969,37.094044429],[-87.993910906,37.095640043],[-87.992288262,37.098011374],[-87.993204284,37.10181691],[-87.9892516,37.105456754],[-87.990584381,37.107398702],[-87.987732374,37.112377301],[-87.97787866,37.111279797],[-87.970105457,37.113464385],[-87.969428817,37.108637593],[-87.963266017,37.106520738],[-87.960663006,37.101674686],[-87.958003923,37.101186822],[-87.955060872,37.107088643],[-87.945085164,37.113946547],[-87.94355397,37.113724688],[-87.943057644,37.110828304],[-87.940428898,37.108551508],[-87.940031938,37.10505927],[-87.935694096,37.103690472],[-87.936026998,37.097629296],[-87.934677143,37.095933195],[-87.931986613,37.096527913],[-87.925142395,37.092877159],[-87.919152668,37.097978168],[-87.923673398,37.102065719],[-87.924023146,37.106503745],[-87.922173289,37.108458136],[-87.918490317,37.10824513],[-87.916257292,37.112472413],[-87.912374948,37.112247977],[-87.911503314,37.113138405],[-87.914059857,37.117673982],[-87.908190697,37.12090176],[-87.909972967,37.124077688],[-87.909070778,37.125961082],[-87.911445714,37.126044685],[-87.912785438,37.12790828],[-87.901118661,37.132898895],[-87.895437827,37.136417985],[-87.894526155,37.138506383],[-87.89821358,37.144587627],[-87.900354619,37.145253987],[-87.900469626,37.149921941],[-87.909541758,37.150406319],[-87.914817087,37.153159038],[-87.929749498,37.153920765],[-87.932314168,37.15593729],[-87.934805658,37.155175906],[-87.936775028,37.152051671],[-87.942592885,37.151505922],[-87.944836482,37.15421864],[-87.953671754,37.156552053],[-87.952574276,37.158987344],[-87.954269409,37.165072216],[-87.960632604,37.164807465],[-87.963765022,37.166653218],[-87.963988207,37.169266717],[-87.968489646,37.173073664],[-87.968179604,37.178894719],[-87.975165608,37.182213719],[-87.985249407,37.181212346],[-87.989293326,37.184167316],[-87.993106713,37.179474872],[-88.003738213,37.182527859],[-88.003997466,37.18454535],[-87.999995133,37.190004311],[-88.00517135,37.190372139],[-88.009089498,37.193513233],[-88.009853423,37.198853137],[-88.004073744,37.199937985],[-87.997375552,37.206624781],[-87.994823825,37.205674949],[-87.990120228,37.20721877],[-87.989624348,37.211276829],[-87.987040992,37.212333476],[-87.986128205,37.21668293],[-87.984463831,37.21839658],[-87.980665523,37.218681959],[-87.980128924,37.221796948],[-87.983624941,37.226079914],[-87.982513733,37.228344485],[-87.983599951,37.230929008],[-87.989717041,37.233718941],[-87.990135388,37.2356987],[-88.003945544,37.236495382],[-88.005623562,37.232513428],[-88.004307619,37.230938246],[-88.006535964,37.228606768]],[[-86.897635865,36.806326665],[-86.892876216,36.805118886],[-86.892018026,36.802040167],[-86.887351698,36.800135191],[-86.889272005,36.795678465],[-86.893058184,36.793174806],[-86.895787191,36.792898402],[-86.898472997,36.797286214],[-86.902413209,36.798679709],[-86.906610244,36.796408524],[-86.907783362,36.798062999],[-86.914202222,36.799313803],[-86.917189472,36.797526544],[-86.922703264,36.800681731],[-86.926470116,36.798724121],[-86.928740387,36.793009375],[-86.932021967,36.791908094],[-86.933361057,36.793625256],[-86.93582757,36.791623836],[-86.934812797,36.783607819],[-86.927743153,36.779631532],[-86.929127119,36.775839917],[-86.925462937,36.771805469],[-86.930089291,36.770826965],[-86.933749197,36.7725703],[-86.935325759,36.771205704],[-86.933474415,36.770378692],[-86.934693354,36.765660409],[-86.928225841,36.760399198],[-86.932228751,36.756652065],[-86.925855165,36.751721365],[-86.917327928,36.749277329],[-86.918358525,36.746335385],[-86.905735511,36.751732451],[-86.905029181,36.754673679],[-86.901766087,36.756485891],[-86.907215214,36.761764019],[-86.897548652,36.766882096],[-86.892997515,36.7667155],[-86.890200657,36.768802405],[-86.891062644,36.771015655],[-86.8846713,36.771133624],[-86.881828335,36.773202148],[-86.881169108,36.778324134],[-86.878837426,36.779538259],[-86.873261538,36.778597469],[-86.868966655,36.782322805],[-86.870048324,36.784630695],[-86.864090488,36.788752719],[-86.861126139,36.789189128],[-86.860249329,36.787407443],[-86.857507091,36.786877098],[-86.859463679,36.785054735],[-86.85938206,36.782759826],[-86.862083622,36.782597704],[-86.861122095,36.778415788],[-86.855886503,36.775064248],[-86.858078728,36.774230836],[-86.855995882,36.767746162],[-86.853150638,36.767127944],[-86.849973995,36.763321348],[-86.840991927,36.772617217],[-86.834139172,36.774300918],[-86.832131195,36.777907539],[-86.827074391,36.776993692],[-86.817755228,36.779389661],[-86.820584148,36.787886841],[-86.819331573,36.790842772],[-86.824822733,36.797382722],[-86.820887186,36.7988894],[-86.818032557,36.804194457],[-86.818445703,36.807662347],[-86.821343725,36.808772906],[-86.818215156,36.815112087],[-86.822675042,36.819626924],[-86.825666888,36.815919034],[-86.828820562,36.81631752],[-86.828038321,36.817350659],[-86.832624448,36.821450171],[-86.835247316,36.820986204],[-86.839273291,36.820074367],[-86.840050033,36.818193781],[-86.843863397,36.816536319],[-86.846983685,36.817555961],[-86.851153617,36.814485837],[-86.858046944,36.81689589],[-86.868204697,36.817473166],[-86.8736188,36.822663667],[-86.87324331,36.823992756],[-86.879401906,36.824378569],[-86.883116085,36.826301836],[-86.882869652,36.828212358],[-86.887903284,36.825523928],[-86.886563576,36.82219852],[-86.891330216,36.817783268],[-86.90212274,36.814919366],[-86.902166185,36.809135049],[-86.897635865,36.806326665]],[[-86.719210975,36.816092206],[-86.719195891,36.809240884],[-86.732880282,36.808338752],[-86.735315296,36.80266657],[-86.740214596,36.802344565],[-86.742638497,36.800519968],[-86.742593866,36.797460388],[-86.746269856,36.790555331],[-86.741381743,36.78247079],[-86.742577032,36.774689239],[-86.741159354,36.771405998],[-86.748037077,36.771326816],[-86.750330794,36.766196312],[-86.755491061,36.764819915],[-86.756610892,36.761059709],[-86.752169083,36.756477952],[-86.755899137,36.753656644],[-86.750509722,36.749960235],[-86.756275119,36.746284796],[-86.75843946,36.741091657],[-86.760621335,36.741400536],[-86.761763037,36.7394412],[-86.754270141,36.737092053],[-86.750365562,36.739651792],[-86.747360238,36.738705385],[-86.746737661,36.741263769],[-86.7443007,36.741424707],[-86.738811972,36.748410503],[-86.734337351,36.750791269],[-86.729702928,36.748165276],[-86.728606039,36.745352164],[-86.724872915,36.746732594],[-86.720808164,36.74273771],[-86.715221738,36.741483614],[-86.714338324,36.745512048],[-86.712366116,36.746601676],[-86.708418347,36.747456319],[-86.706478249,36.746250843],[-86.688443383,36.754019523],[-86.680609261,36.751483708],[-86.673783897,36.746797543],[-86.672461924,36.743735025],[-86.674658547,36.742964053],[-86.676247095,36.739595952],[-86.67540929,36.729766585],[-86.673472212,36.723484122],[-86.670100184,36.721626345],[-86.655218066,36.724751879],[-86.651788343,36.7277892],[-86.645974549,36.727495696],[-86.640416737,36.732496254],[-86.634310598,36.734832363],[-86.628345239,36.734107873],[-86.624770839,36.731596004],[-86.625501134,36.724812477],[-86.622815018,36.721545853],[-86.618351669,36.723624864],[-86.61318463,36.718963505],[-86.607206965,36.717923646],[-86.605822521,36.719114404],[-86.603600867,36.730912756],[-86.601439425,36.732734251],[-86.602642582,36.736591562],[-86.596993013,36.740279777],[-86.596240953,36.749035603],[-86.580090692,36.751561127],[-86.579149611,36.753747195],[-86.575461402,36.754847153],[-86.575722358,36.758058932],[-86.569146818,36.759604633],[-86.567424509,36.761752354],[-86.567629179,36.765851116],[-86.571079392,36.767974387],[-86.574992868,36.768790569],[-86.578491622,36.766494226],[-86.586109259,36.772539006],[-86.579603771,36.776247768],[-86.580374381,36.778080458],[-86.57503628,36.780869444],[-86.5742157,36.783828066],[-86.567520927,36.785202599],[-86.567438756,36.787458193],[-86.562418031,36.785909388],[-86.562188415,36.78969017],[-86.558998196,36.790437887],[-86.555982684,36.79511585],[-86.552604549,36.794080599],[-86.545802423,36.795491823],[-86.546938151,36.79982583],[-86.545871176,36.805121621],[-86.540281857,36.806352705],[-86.536232158,36.804788982],[-86.535095214,36.807117035],[-86.541928077,36.811073846],[-86.54222022,36.812724044],[-86.538412955,36.815493476],[-86.532082025,36.816848708],[-86.531987913,36.818706049],[-86.530333068,36.819250406],[-86.527693555,36.828065416],[-86.522450397,36.832119219],[-86.526813009,36.83339052],[-86.526282382,36.837448187],[-86.523231544,36.841805293],[-86.527234896,36.846039766],[-86.531848945,36.847669102],[-86.535347969,36.845558732],[-86.541094064,36.846629387],[-86.542870695,36.849233122],[-86.546824698,36.850687949],[-86.548476342,36.846928728],[-86.555970154,36.843858077],[-86.55822684,36.844987784],[-86.561639451,36.839882651],[-86.564219544,36.841174306],[-86.56929273,36.839148845],[-86.570660411,36.835114845],[-86.567388708,36.832482439],[-86.568748366,36.831214354],[-86.574984288,36.831523069],[-86.578889335,36.825838144],[-86.582930513,36.824883252],[-86.583033375,36.821550913],[-86.588009792,36.820934082],[-86.589412038,36.81885769],[-86.5856527,36.814808491],[-86.587359192,36.811797367],[-86.594802519,36.806650028],[-86.594971504,36.804418117],[-86.601394542,36.802627596],[-86.606031101,36.803579071],[-86.606374061,36.801274591],[-86.613576521,36.796561469],[-86.62091763,36.793559452],[-86.625878889,36.793703111],[-86.626763718,36.787709617],[-86.633470032,36.783894283],[-86.636063948,36.785004786],[-86.641014074,36.783189922],[-86.641224631,36.779912313],[-86.646768402,36.777521305],[-86.652452391,36.782292333],[-86.652845175,36.785648434],[-86.649422205,36.787139198],[-86.649501603,36.789421953],[-86.644658393,36.790402565],[-86.648995273,36.793767482],[-86.652945866,36.793215383],[-86.658737241,36.799356453],[-86.6679044,36.80337165],[-86.664933769,36.806506101],[-86.66940507,36.811476003],[-86.668368161,36.816600052],[-86.669741431,36.818705776],[-86.667677631,36.820315323],[-86.674910556,36.82249149],[-86.677095238,36.820937456],[-86.682976908,36.823693462],[-86.689095806,36.819715994],[-86.688877794,36.815883998],[-86.691157031,36.816048082],[-86.698017393,36.818242312],[-86.699731644,36.821019335],[-86.706970063,36.824635852],[-86.710360706,36.822422077],[-86.714566537,36.824325851],[-86.719402546,36.824054336],[-86.719210975,36.816092206]],[[-86.613956429,36.672054854],[-86.609515961,36.669667758],[-86.611413384,36.666690281],[-86.614370288,36.667777541],[-86.617024598,36.663681979],[-86.605835255,36.661121343],[-86.605779544,36.657410558],[-86.600703981,36.655791048],[-86.601266477,36.65205094],[-86.595745364,36.65103955],[-86.592822677,36.648247307],[-86.579734538,36.649960421],[-86.576896818,36.648505247],[-86.569242683,36.651027172],[-86.569013758,36.649360849],[-86.564096741,36.649995465],[-86.563552589,36.647940571],[-86.557205919,36.645804778],[-86.555216816,36.642895849],[-86.552295214,36.642722232],[-86.550961514,36.643725043],[-86.55106406,36.648476306],[-86.546826937,36.649748333],[-86.546242365,36.651724788],[-86.542888172,36.651941534],[-86.540877847,36.655119472],[-86.543710518,36.662340106],[-86.548885423,36.666076573],[-86.553238109,36.666741466],[-86.55160989,36.67133939],[-86.554674595,36.673845298],[-86.575708026,36.681343655],[-86.587973483,36.676189592],[-86.591117752,36.676718188],[-86.595394623,36.673673301],[-86.602586191,36.678660705],[-86.604117084,36.676594315],[-86.609828455,36.67803421],[-86.611748376,36.677106131],[-86.613956429,36.672054854]],[[-83.695551248,36.569705529],[-83.697169702,36.565975447],[-83.703279778,36.562013949],[-83.694180374,36.545811495],[-83.692241579,36.54567488],[-83.689421279,36.542360553],[-83.684439935,36.543937544],[-83.683387978,36.538429739],[-83.675607076,36.540325057],[-83.671235864,36.538035808],[-83.667025257,36.538702139],[-83.658933239,36.531025033],[-83.65591379,36.530657855],[-83.654427809,36.532510735],[-83.65772822,36.536021346],[-83.6565126,36.540354018],[-83.652824946,36.541046535],[-83.651123897,36.542683022],[-83.651387334,36.545155765],[-83.645789555,36.548328045],[-83.647013651,36.549452775],[-83.645298129,36.552659659],[-83.641533655,36.554683803],[-83.639250766,36.55228887],[-83.634792205,36.551158181],[-83.629040412,36.554077507],[-83.632101039,36.556635538],[-83.63042655,36.557848324],[-83.629885699,36.562263448],[-83.637681969,36.565605187],[-83.635018344,36.56946285],[-83.640134743,36.573410833],[-83.638348623,36.576152483],[-83.641465244,36.579072501],[-83.644692901,36.579336895],[-83.646731459,36.582797159],[-83.644825617,36.584214106],[-83.645791635,36.58964803],[-83.644000551,36.59209596],[-83.652896431,36.595792667],[-83.649932499,36.599868551],[-83.654270323,36.604203468],[-83.654827194,36.60721068],[-83.659090872,36.610657844],[-83.66577414,36.605828643],[-83.674727383,36.603368578],[-83.675831004,36.598420905],[-83.679961802,36.593888911],[-83.682968602,36.593053391],[-83.697318504,36.57544282],[-83.695551248,36.569705529]],[[-87.411697266,34.758576716],[-87.413893058,34.757480097],[-87.411868686,34.753697781],[-87.411863687,34.749516962],[-87.41737119,34.747001799],[-87.419187186,34.740360733],[-87.41306629,34.733074918],[-87.393108389,34.727398914],[-87.391404664,34.733736703],[-87.388983524,34.734349191],[-87.388320622,34.736267506],[-87.387287656,34.745150008],[-87.381796283,34.750103512],[-87.385427447,34.752113606],[-87.387527322,34.754955281],[-87.387967332,34.759730012],[-87.390001263,34.761102404],[-87.3954599,34.759085319],[-87.403393606,34.760568121],[-87.408129918,34.765130834],[-87.411697266,34.758576716]],[[-86.001942624,35.105709128],[-86.008004081,35.109943434],[-86.010400806,35.107264366],[-86.02062381,35.103248911],[-86.024011584,35.103240344],[-86.02887694,35.106476584],[-86.030420348,35.105676961],[-86.033199407,35.095854395],[-86.038718581,35.088783655],[-86.039524,35.083658345],[-86.036457861,35.074739181],[-86.047344218,35.070706564],[-86.050011601,35.066425944],[-86.049799087,35.055954918],[-86.054049364,35.054805768],[-86.053984811,35.050811165],[-86.058272409,35.048729908],[-86.056429595,35.046250332],[-86.060169474,35.038894935],[-86.06355493,35.039182247],[-86.065103542,35.037405428],[-86.067212684,35.030865581],[-86.072160947,35.02496243],[-86.074064749,35.015418429],[-86.067957853,35.013173351],[-86.060815188,35.013594964],[-86.056677349,35.010707616],[-86.048059034,35.014149874],[-86.045900646,35.020177786],[-86.039796407,35.024762134],[-86.034500746,35.02256748],[-86.031883683,35.024505747],[-86.028107435,35.024584367],[-86.024207258,35.020096333],[-86.02630776,35.013406566],[-86.024476373,35.002036292],[-86.014161068,34.998816429],[-86.01040562,35.001499663],[-86.007371591,35.000307518],[-86.006529236,35.00275275],[-86.002149043,35.004413455],[-85.992391963,35.005473259],[-85.982873916,35.004145055],[-85.984670666,35.011970491],[-85.980819918,35.015786423],[-85.979982253,35.021153535],[-85.970265751,35.02498514],[-85.962351356,35.023089294],[-85.952310259,35.016085368],[-85.944442441,35.022689871],[-85.941034355,35.029361199],[-85.944014994,35.039391338],[-85.943182346,35.043964597],[-85.946622052,35.044177801],[-85.944932321,35.049425251],[-85.952170309,35.055738042],[-85.954707197,35.064263318],[-85.953126068,35.065766491],[-85.954155727,35.067769512],[-85.959155774,35.07182959],[-85.978867956,35.075520554],[-85.982790131,35.082709877],[-85.991916199,35.088782785],[-85.99475949,35.098295163],[-85.992780731,35.101782636],[-85.99613807,35.105376018],[-86.001942624,35.105709128]],[[-86.534424708,34.442217231],[-86.54034958,34.434341368],[-86.540062278,34.428820028],[-86.542653957,34.425900838],[-86.550691305,34.422780221],[-86.552462924,34.420204878],[-86.547153986,34.413864096],[-86.541471626,34.413576222],[-86.537172028,34.417095627],[-86.53635362,34.41568075],[-86.527167573,34.414752688],[-86.524355254,34.417868454],[-86.518938999,34.418692417],[-86.514714711,34.421313508],[-86.500602075,34.416231112],[-86.481159079,34.419798101],[-86.483034828,34.424049259],[-86.479426148,34.432329581],[-86.483680179,34.435374671],[-86.483403216,34.438419194],[-86.49268147,34.444055696],[-86.497670092,34.443764494],[-86.502427254,34.450963961],[-86.514216711,34.453197364],[-86.522080881,34.448490808],[-86.525994502,34.448685744],[-86.53534176,34.445527492],[-86.534424708,34.442217231]],[[-86.585029094,34.379732308],[-86.586287262,34.378281855],[-86.584506815,34.377450708],[-86.585722718,34.374185215],[-86.584024587,34.373251186],[-86.581912627,34.367345792],[-86.570625189,34.362384527],[-86.567796155,34.362664399],[-86.564674585,34.366335219],[-86.558046042,34.36731494],[-86.552889878,34.370204792],[-86.546933634,34.369734512],[-86.54383855,34.365328056],[-86.537460495,34.366156393],[-86.535332595,34.368527701],[-86.53595658,34.373044688],[-86.533749035,34.376401699],[-86.53550164,34.380703126],[-86.540241332,34.381418155],[-86.542271853,34.383536453],[-86.545967103,34.381796198],[-86.560143305,34.387234748],[-86.559679401,34.38980704],[-86.567754848,34.387373199],[-86.571716233,34.383235488],[-86.576164713,34.38549472],[-86.584266029,34.385530729],[-86.586229203,34.3819804],[-86.585029094,34.379732308]],[[-86.332091598,34.826097377],[-86.335143295,34.822771831],[-86.334383562,34.821091507],[-86.336341845,34.818467294],[-86.343304351,34.81744694],[-86.344341295,34.806532836],[-86.346001244,34.803921713],[-86.341337899,34.800644347],[-86.342136756,34.7969532],[-86.339837368,34.79434725],[-86.336094905,34.794713522],[-86.334879999,34.791948709],[-86.332736805,34.794273281],[-86.329128922,34.794951654],[-86.320140238,34.806093538],[-86.312771242,34.807891703],[-86.312220852,34.811247416],[-86.318416426,34.816723307],[-86.32495656,34.825902387],[-86.324392326,34.827742663],[-86.326822527,34.829561431],[-86.332091598,34.826097377]],[[-86.099290374,34.809949679],[-86.102033865,34.811734903],[-86.107379294,34.810277347],[-86.111322938,34.807986689],[-86.111954161,34.803365643],[-86.118813297,34.801943155],[-86.120509475,34.797456471],[-86.120468519,34.793635862],[-86.118475863,34.790678018],[-86.119404784,34.788824912],[-86.121052445,34.788064884],[-86.123676562,34.789483546],[-86.125503182,34.785593454],[-86.129216268,34.786598554],[-86.132928454,34.780980342],[-86.142434895,34.780856926],[-86.147383794,34.776231777],[-86.151186618,34.776818257],[-86.154013321,34.773475669],[-86.157628234,34.765942147],[-86.157631821,34.760543292],[-86.164369898,34.754937229],[-86.164966546,34.751328403],[-86.16173707,34.743655552],[-86.157530881,34.741084487],[-86.158287408,34.730735224],[-86.15506534,34.729439396],[-86.154138216,34.726955303],[-86.141327471,34.725872827],[-86.134295526,34.720004908],[-86.120914004,34.716489013],[-86.113569214,34.707140023],[-86.10216848,34.708911376],[-86.10074762,34.71501428],[-86.095049061,34.721680794],[-86.08766427,34.720791909],[-86.079111057,34.717218001],[-86.074998987,34.711394311],[-86.066418356,34.706839356],[-86.057129508,34.709997855],[-86.042747031,34.711260558],[-86.034021812,34.717923018],[-86.032386354,34.723476208],[-86.026725441,34.728398548],[-86.015066651,34.732328888],[-86.011608828,34.737755278],[-86.013384828,34.740463147],[-86.013385865,34.752201055],[-86.019975232,34.750542291],[-86.023902714,34.751874878],[-86.026588341,34.755418724],[-86.030467856,34.755723003],[-86.032355136,34.762183867],[-86.042524609,34.765749167],[-86.046958333,34.772380583],[-86.052547377,34.774886111],[-86.057377273,34.78245874],[-86.060466551,34.784226163],[-86.060249241,34.788113569],[-86.056922543,34.793134949],[-86.060317004,34.802862239],[-86.066417966,34.803537538],[-86.066253332,34.805794544],[-86.068177235,34.806480724],[-86.08350583,34.804236392],[-86.088492686,34.808576208],[-86.090588214,34.812986333],[-86.094015362,34.81120219],[-86.097422255,34.811910465],[-86.099290374,34.809949679]],[[-86.207803206,34.614590033],[-86.211188471,34.613020739],[-86.212774233,34.610080245],[-86.216551509,34.611090884],[-86.216582401,34.608196637],[-86.222486487,34.603183423],[-86.221023938,34.599240928],[-86.223971903,34.59529391],[-86.221619807,34.590526627],[-86.224757992,34.587056961],[-86.218262047,34.578753704],[-86.212029702,34.577823],[-86.211181429,34.576165159],[-86.203911481,34.574112207],[-86.202191727,34.571002975],[-86.196439297,34.572227135],[-86.189815969,34.564387236],[-86.172671022,34.569107372],[-86.164950839,34.580087724],[-86.169545414,34.586204811],[-86.168191858,34.588452361],[-86.170297534,34.592466986],[-86.168899691,34.598490635],[-86.174029553,34.602939595],[-86.179836285,34.602083327],[-86.181272814,34.603999585],[-86.184592142,34.604250034],[-86.192012126,34.617430176],[-86.194618643,34.619092904],[-86.197818758,34.617944483],[-86.200111189,34.618921201],[-86.205031904,34.616870324],[-86.205093638,34.614612808],[-86.207803206,34.614590033]],[[-84.993826848,35.278654486],[-84.988483644,35.272555757],[-84.983039919,35.272481418],[-84.979253826,35.269336632],[-84.974750535,35.27269199],[-84.97329505,35.27940966],[-84.977517676,35.282287747],[-84.981332813,35.282755504],[-84.982956871,35.287504114],[-84.988686075,35.287493387],[-84.990645916,35.285518243],[-84.999396757,35.284982822],[-85.000689645,35.283221234],[-84.99948733,35.281417723],[-84.995725133,35.281507899],[-84.993826848,35.278654486]],[[-84.106492138,35.936162958],[-84.10379082,35.929432068],[-84.104791312,35.926703672],[-84.098056881,35.922923544],[-84.098353529,35.920103305],[-84.102184367,35.917248102],[-84.098777262,35.913125147],[-84.105479734,35.90749546],[-84.106855863,35.901842909],[-84.105988216,35.899538504],[-84.099283528,35.90341064],[-84.097039849,35.901963504],[-84.088262023,35.904776349],[-84.087795943,35.901938358],[-84.082856972,35.900687911],[-84.084779785,35.899195916],[-84.085457371,35.895084882],[-84.081750146,35.89034868],[-84.081830256,35.88800022],[-84.085162224,35.883966652],[-84.076025425,35.879311874],[-84.071107683,35.882233846],[-84.072357516,35.885621512],[-84.063503681,35.884675776],[-84.05863775,35.886596174],[-84.053776761,35.891021195],[-84.050528319,35.896716559],[-84.045139196,35.900549977],[-84.043875664,35.903610192],[-84.041180376,35.903719703],[-84.039551987,35.905913868],[-84.038838187,35.907352328],[-84.041229715,35.909878921],[-84.042524495,35.916096435],[-84.040064723,35.918818444],[-84.041836514,35.919723227],[-84.044459476,35.927363874],[-84.035787308,35.932359118],[-84.035551375,35.934497771],[-84.038405981,35.938225121],[-84.038909988,35.941814069],[-84.043762317,35.94457635],[-84.0431522,35.947126563],[-84.035723403,35.948798107],[-84.029025238,35.953557911],[-84.03142426,35.95582787],[-84.030386876,35.956952989],[-84.032342167,35.962821545],[-84.035425934,35.963392625],[-84.034718779,35.967285321],[-84.037953559,35.969622614],[-84.04723048,35.966141536],[-84.052090756,35.967629811],[-84.054183895,35.96332418],[-84.067158256,35.966800819],[-84.072915685,35.964688896],[-84.075913887,35.961136562],[-84.08115776,35.96049782],[-84.082159571,35.958438426],[-84.089144403,35.957801559],[-84.093302845,35.949819455],[-84.098490042,35.947539434],[-84.099777672,35.94967925],[-84.10163843,35.948687],[-84.101146269,35.944886766],[-84.109692809,35.940414521],[-84.106492138,35.936162958]],[[-82.162604408,36.855416527],[-82.159809116,36.858679079],[-82.156043058,36.859446559],[-82.150467116,36.85702764],[-82.142671036,36.865895427],[-82.136356647,36.867451962],[-82.133912184,36.871600431],[-82.131577949,36.871761358],[-82.131311168,36.873724253],[-82.126911742,36.87540707],[-82.125193961,36.874146603],[-82.12380406,36.876951925],[-82.121685224,36.876086819],[-82.119234841,36.878378015],[-82.115705479,36.877854586],[-82.114477657,36.880665955],[-82.109333598,36.882595926],[-82.108176317,36.886736931],[-82.110366268,36.889822133],[-82.103436263,36.893809262],[-82.106422194,36.898063107],[-82.0981998,36.90443525],[-82.102830495,36.913688123],[-82.100519044,36.919589658],[-82.107588634,36.923887851],[-82.108969521,36.927932015],[-82.112149763,36.929057645],[-82.116368195,36.928161697],[-82.126501623,36.922988509],[-82.12733597,36.920345023],[-82.137040982,36.917918683],[-82.133015396,36.912981066],[-82.127975261,36.911253633],[-82.130405781,36.907577161],[-82.12962684,36.902863006],[-82.132738138,36.901605871],[-82.134030521,36.898288089],[-82.139653607,36.897877656],[-82.141281227,36.893363905],[-82.142486046,36.892600544],[-82.144764899,36.894655005],[-82.151974889,36.896051353],[-82.151863595,36.88927295],[-82.165293648,36.888081105],[-82.171487077,36.883024811],[-82.178440393,36.881337178],[-82.178270439,36.877560702],[-82.174008342,36.874658438],[-82.175742196,36.873382965],[-82.17545827,36.87052353],[-82.178199251,36.868518664],[-82.172771251,36.868572601],[-82.168886649,36.863240045],[-82.168290679,36.859190129],[-82.17180377,36.856435307],[-82.168130536,36.854469614],[-82.165340569,36.856248695],[-82.162604408,36.855416527]],[[-83.552203709,36.042567687],[-83.553960839,36.03829387],[-83.553632572,36.034223204],[-83.555858493,36.033103853],[-83.555948421,36.030651898],[-83.560886831,36.025046519],[-83.557208177,36.019448211],[-83.550318463,36.018215634],[-83.549504251,36.016014825],[-83.552947477,36.012714048],[-83.546894634,36.009255432],[-83.536156605,36.014720997],[-83.516810167,36.021362622],[-83.503156599,36.028483813],[-83.506802154,36.036704753],[-83.506388717,36.039038276],[-83.496960152,36.044799435],[-83.499115092,36.047817676],[-83.496136802,36.053492738],[-83.498649551,36.058600688],[-83.502892465,36.061439979],[-83.505882169,36.05844075],[-83.509836561,36.059252283],[-83.509629761,36.057528967],[-83.515680705,36.057674574],[-83.531346679,36.052080674],[-83.535573154,36.053855161],[-83.547772345,36.050556614],[-83.550057566,36.049578657],[-83.549280955,36.046267287],[-83.551820588,36.045687568],[-83.552203709,36.042567687]],[[-83.485571777,36.071464442],[-83.480958612,36.079392337],[-83.47210663,36.080243336],[-83.469367236,36.089190132],[-83.471828013,36.090499385],[-83.47270825,36.093982857],[-83.47373071,36.091850961],[-83.478377025,36.090614788],[-83.486310567,36.092585929],[-83.493148108,36.091842186],[-83.494848999,36.098350525],[-83.502849832,36.099858872],[-83.504459345,36.097904769],[-83.51299515,36.106954375],[-83.513940569,36.112149816],[-83.516039159,36.114644216],[-83.515139411,36.115562789],[-83.517075796,36.118061188],[-83.520731793,36.119300773],[-83.522136892,36.122095695],[-83.519054737,36.124682477],[-83.522194286,36.128670964],[-83.530013844,36.12660745],[-83.547001378,36.135720537],[-83.549202233,36.131263301],[-83.557037561,36.125140595],[-83.557404207,36.119893511],[-83.562723214,36.11586864],[-83.57353808,36.112482745],[-83.583670708,36.119137266],[-83.587949774,36.119078441],[-83.58879601,36.122383752],[-83.592747125,36.125118811],[-83.597436872,36.122360734],[-83.605344655,36.123457274],[-83.606419428,36.121292108],[-83.609362895,36.121715633],[-83.610391894,36.120069113],[-83.612137432,36.11402064],[-83.61592726,36.110313155],[-83.614811991,36.107155217],[-83.618527608,36.104073139],[-83.621802217,36.103832356],[-83.619049453,36.098838224],[-83.615640183,36.096854943],[-83.615147821,36.094903894],[-83.616743782,36.093270108],[-83.60995745,36.091398315],[-83.607273791,36.09213951],[-83.60463709,36.090390656],[-83.603607853,36.08869368],[-83.605401759,36.083798498],[-83.599315054,36.076751702],[-83.594015764,36.073516633],[-83.576409252,36.074104725],[-83.572028495,36.078164964],[-83.561506832,36.08018998],[-83.559104169,36.084182912],[-83.552793981,36.08737309],[-83.547926637,36.084286755],[-83.541249735,36.083942149],[-83.538511029,36.079841979],[-83.524367546,36.079942103],[-83.52276545,36.076134146],[-83.515416039,36.072020809],[-83.51085857,36.075448326],[-83.502671974,36.072297241],[-83.49840629,36.072527257],[-83.497280628,36.069320022],[-83.492164518,36.068531217],[-83.485571777,36.071464442]],[[-83.812494029,35.642183487],[-83.80884153,35.641632697],[-83.801983056,35.643694778],[-83.800750567,35.641587203],[-83.791131033,35.636730328],[-83.785219302,35.640006208],[-83.782224272,35.649192991],[-83.785220786,35.651969089],[-83.784767928,35.65837106],[-83.787095812,35.662732724],[-83.784934434,35.667938095],[-83.785690969,35.670481998],[-83.789365309,35.671117948],[-83.790141159,35.668118495],[-83.803902191,35.6599065],[-83.805344111,35.658195971],[-83.803052003,35.656878108],[-83.805804215,35.655288344],[-83.807546103,35.64821132],[-83.811510821,35.648296232],[-83.812494029,35.642183487]],[[-83.312435418,36.101231911],[-83.31244976,36.099983382],[-83.318207217,36.098280768],[-83.327480394,36.091121576],[-83.325272464,36.089219534],[-83.326862844,36.086462909],[-83.319916942,36.084797442],[-83.321264728,36.080665614],[-83.319217898,36.07615801],[-83.311940702,36.075867075],[-83.314466473,36.069667375],[-83.312563455,36.065914014],[-83.307431832,36.063178995],[-83.304748747,36.06344276],[-83.300992219,36.067903501],[-83.295616948,36.067838474],[-83.286435887,36.07074588],[-83.284144491,36.072970784],[-83.284805249,36.074659243],[-83.282763327,36.077806262],[-83.275087478,36.080498541],[-83.27278003,36.079585621],[-83.275111043,36.085548107],[-83.281357736,36.092321275],[-83.283081842,36.09690909],[-83.289567709,36.095558338],[-83.292480023,36.09235881],[-83.295076441,36.091908545],[-83.299875757,36.093512344],[-83.302135096,36.097479251],[-83.305997735,36.099877757],[-83.304278968,36.103640353],[-83.305339136,36.105652189],[-83.308999425,36.106172777],[-83.308755724,36.104332834],[-83.312435418,36.101231911]],[[-82.066394541,36.679520401],[-82.06579367,36.678583228],[-82.069570242,36.675555796],[-82.078034357,36.671165458],[-82.08309062,36.670278976],[-82.084519246,36.667368645],[-82.075101942,36.653197153],[-82.076767188,36.651483948],[-82.075125623,36.649344741],[-82.07689783,36.648333427],[-82.07624384,36.646965015],[-82.07846286,36.646196145],[-82.077606814,36.641481905],[-82.079843323,36.639213602],[-82.083223271,36.638871934],[-82.084148148,36.636207392],[-82.089256427,36.634627012],[-82.088281814,36.629943466],[-82.090835673,36.628134971],[-82.090983356,36.625233876],[-82.08446379,36.618340818],[-82.081723365,36.619774235],[-82.072888297,36.616385062],[-82.062492044,36.631695934],[-82.061982928,36.641922856],[-82.057164606,36.643333055],[-82.058888621,36.645099443],[-82.054141749,36.649459603],[-82.056146422,36.653016216],[-82.055761809,36.655631699],[-82.052533816,36.659962064],[-82.050160414,36.660651155],[-82.052616568,36.663482309],[-82.054995174,36.663237878],[-82.053714636,36.666423296],[-82.055425365,36.668048531],[-82.054359721,36.671157549],[-82.056828221,36.674869732],[-82.055255631,36.677798999],[-82.057048505,36.681963024],[-82.059318181,36.683105691],[-82.066394541,36.679520401]],[[-83.70545383,36.425189198],[-83.707333693,36.429413208],[-83.711323757,36.427811836],[-83.715126836,36.431326702],[-83.711628342,36.435268203],[-83.713657809,36.438583295],[-83.719308073,36.439030611],[-83.724706075,36.436940873],[-83.726577367,36.43393075],[-83.731126478,36.431740684],[-83.736548166,36.433581545],[-83.740639953,36.438121004],[-83.745117988,36.437324065],[-83.746000595,36.435359815],[-83.740867892,36.427700563],[-83.742104104,36.424078473],[-83.738440518,36.420340475],[-83.737747544,36.410006568],[-83.735339779,36.408758616],[-83.728832501,36.409791236],[-83.724961836,36.413287448],[-83.714295086,36.414749464],[-83.710468656,36.41756411],[-83.710694183,36.418963081],[-83.700050102,36.417733898],[-83.699614281,36.420389721],[-83.70404652,36.421815692],[-83.70545383,36.425189198]],[[-82.401121642,36.805715768],[-82.396493625,36.803948974],[-82.393079128,36.799031336],[-82.386498763,36.799565587],[-82.381289312,36.797085192],[-82.377009294,36.801738102],[-82.372254519,36.803360872],[-82.370260422,36.807405305],[-82.366641086,36.808252626],[-82.363504747,36.806842588],[-82.36119872,36.811299466],[-82.359193819,36.809870344],[-82.357762938,36.812108294],[-82.354767315,36.810836668],[-82.354991257,36.812743362],[-82.345542939,36.816968642],[-82.339663697,36.823993509],[-82.341208442,36.827653199],[-82.337528685,36.830018975],[-82.344418086,36.835123546],[-82.343574158,36.840307182],[-82.348365861,36.840283138],[-82.358371372,36.844336499],[-82.360153545,36.846137483],[-82.359746358,36.851795691],[-82.362793826,36.853144739],[-82.362898809,36.856141079],[-82.365042044,36.857729435],[-82.365777028,36.863638138],[-82.37117174,36.86735503],[-82.376486452,36.865508162],[-82.379800747,36.861727929],[-82.390043996,36.85963798],[-82.392556581,36.860441381],[-82.398105919,36.858125784],[-82.406644361,36.850715729],[-82.413383266,36.851303213],[-82.426987313,36.844629533],[-82.429097698,36.841081621],[-82.438503381,36.83875145],[-82.438062606,36.834698801],[-82.434448457,36.831958171],[-82.434992464,36.824164392],[-82.42979909,36.821785541],[-82.429244719,36.819829061],[-82.420098982,36.813429699],[-82.419552911,36.810797769],[-82.416677938,36.810564404],[-82.411128513,36.806430103],[-82.401121642,36.805715768]],[[-86.426408338,36.139136997],[-86.42946051,36.131947066],[-86.42863372,36.126931186],[-86.422214309,36.121595382],[-86.421583551,36.114437014],[-86.417098146,36.107815672],[-86.418775565,36.096644647],[-86.420712902,36.092385555],[-86.424747323,36.090030768],[-86.421704811,36.086401112],[-86.413254146,36.086758945],[-86.411734931,36.083049894],[-86.413507694,36.07965056],[-86.411555738,36.078247803],[-86.402790182,36.081814682],[-86.400657954,36.08513017],[-86.401343068,36.089249546],[-86.391098946,36.088552259],[-86.392241903,36.091850476],[-86.388899221,36.094506299],[-86.381703628,36.092836735],[-86.376965602,36.095229988],[-86.368520475,36.094869969],[-86.363841264,36.097852312],[-86.352802183,36.100120802],[-86.351299189,36.098452645],[-86.345768297,36.099354127],[-86.343495738,36.101534048],[-86.343121802,36.104909482],[-86.337977028,36.100997275],[-86.326793064,36.097813636],[-86.323062231,36.093344635],[-86.318210758,36.092798093],[-86.315396568,36.09442011],[-86.31189393,36.093526694],[-86.310789631,36.091537004],[-86.306881808,36.092257629],[-86.300198132,36.097009644],[-86.295541056,36.108541004],[-86.291753095,36.113411181],[-86.294344285,36.119546872],[-86.300437964,36.120161927],[-86.302069816,36.117412937],[-86.304848798,36.117389225],[-86.307285028,36.125068624],[-86.306375986,36.12994242],[-86.314715929,36.134671503],[-86.325457535,36.130572752],[-86.329326597,36.132351572],[-86.332773158,36.130317786],[-86.335452668,36.130619715],[-86.341413547,36.134362472],[-86.345984824,36.141349421],[-86.347751023,36.140760713],[-86.350623981,36.144178633],[-86.357934574,36.141822267],[-86.362265751,36.137659059],[-86.365865753,36.136816902],[-86.369501012,36.141821128],[-86.36880409,36.145023073],[-86.375345558,36.149784802],[-86.375962526,36.155528902],[-86.386821102,36.149944915],[-86.390407369,36.150352458],[-86.392845202,36.147373115],[-86.398266953,36.145337185],[-86.401790703,36.145341801],[-86.403875116,36.147459867],[-86.405173308,36.146580169],[-86.408914725,36.151728197],[-86.412880688,36.150272578],[-86.415506659,36.145410717],[-86.420592173,36.145536394],[-86.423481512,36.147561134],[-86.428811895,36.144176662],[-86.426408338,36.139136997]],[[-85.489520543,36.179801363],[-85.487257358,36.177173623],[-85.473758976,36.177228242],[-85.469079454,36.173872422],[-85.468369379,36.171571271],[-85.470736626,36.168849888],[-85.470535588,36.164553471],[-85.474639647,36.156479626],[-85.465125863,36.146336314],[-85.468228714,36.139936322],[-85.468598204,36.134151106],[-85.466967281,36.130987042],[-85.461738854,36.12800514],[-85.459580612,36.129011884],[-85.459814443,36.13106462],[-85.455516974,36.131144563],[-85.451376683,36.133501947],[-85.44572829,36.142396213],[-85.446392195,36.144548237],[-85.440811655,36.14702171],[-85.435318571,36.153320405],[-85.431963619,36.154590983],[-85.429014018,36.162793787],[-85.432194642,36.166144556],[-85.430779145,36.170783971],[-85.424899446,36.169471566],[-85.417937151,36.171572784],[-85.411572598,36.184042903],[-85.419817996,36.185456847],[-85.426062277,36.194226474],[-85.434958894,36.190574037],[-85.438505354,36.193628457],[-85.444624851,36.194207442],[-85.450257893,36.190948618],[-85.451267714,36.188349286],[-85.459873353,36.18685497],[-85.467114021,36.187757487],[-85.475510318,36.192831876],[-85.493725032,36.185129293],[-85.493607239,36.181516314],[-85.489520543,36.179801363]],[[-85.403525702,36.065533646],[-85.404513113,36.058522656],[-85.399905094,36.059673935],[-85.394691925,36.05458577],[-85.386318193,36.050787928],[-85.38840278,36.045582942],[-85.397013246,36.042241513],[-85.398960089,36.036487065],[-85.387712917,36.033660214],[-85.37810358,36.024980788],[-85.374286724,36.024068328],[-85.364760198,36.026213954],[-85.366051375,36.037348659],[-85.364400074,36.039563704],[-85.362508612,36.052849836],[-85.366557877,36.055609293],[-85.36714579,36.059779249],[-85.364716278,36.0639127],[-85.360033676,36.066127811],[-85.364315953,36.073217062],[-85.364642529,36.077422539],[-85.377960019,36.083736227],[-85.383669195,36.082022826],[-85.401769418,36.07489359],[-85.403846795,36.072840382],[-85.403525702,36.065533646]],[[-85.6472449,35.743345275],[-85.648759378,35.742848238],[-85.648816585,35.739136422],[-85.65413197,35.738287672],[-85.653387335,35.735804992],[-85.655387174,35.730420575],[-85.657421578,35.730697572],[-85.657974052,35.723853462],[-85.664249867,35.725478514],[-85.665075617,35.722276139],[-85.66309145,35.720571671],[-85.664015096,35.718367604],[-85.667989454,35.716503981],[-85.664023863,35.710241864],[-85.665029104,35.708190226],[-85.663194714,35.702284947],[-85.667978405,35.698449476],[-85.671193807,35.690338696],[-85.676308798,35.686763565],[-85.676755627,35.684793606],[-85.672767108,35.684265988],[-85.66869439,35.680999512],[-85.664400597,35.681074556],[-85.659379997,35.685247126],[-85.657064106,35.681184213],[-85.65114805,35.677700871],[-85.646156874,35.679535795],[-85.640172507,35.679289065],[-85.632140099,35.676914231],[-85.628837017,35.673587377],[-85.62259989,35.675709965],[-85.619006528,35.674833986],[-85.60827729,35.684844046],[-85.607881455,35.690514485],[-85.602744521,35.695371818],[-85.610508476,35.700022571],[-85.619928516,35.702952311],[-85.625083154,35.710756958],[-85.624894325,35.717881666],[-85.621426856,35.723101114],[-85.622108416,35.726305133],[-85.615537138,35.728107693],[-85.613695374,35.73080154],[-85.614083272,35.736146821],[-85.616014015,35.738908846],[-85.613895474,35.745866055],[-85.614898382,35.746935516],[-85.622092981,35.744511595],[-85.629271927,35.746676744],[-85.634702704,35.74379833],[-85.642169152,35.745920492],[-85.644063103,35.743359321],[-85.6472449,35.743345275]],[[-85.559264241,35.702503779],[-85.558728928,35.700739972],[-85.553091942,35.698453538],[-85.544917444,35.707290304],[-85.540198179,35.708241633],[-85.539243233,35.712247273],[-85.532700817,35.715659112],[-85.539371858,35.726369885],[-85.536945832,35.7271029],[-85.531513447,35.734635761],[-85.532690985,35.737688642],[-85.530144776,35.742791676],[-85.537153757,35.748669091],[-85.54037056,35.748425103],[-85.542181921,35.750720926],[-85.545563011,35.748943351],[-85.549535578,35.742475075],[-85.559376082,35.740794137],[-85.558315935,35.737587724],[-85.560021299,35.732348905],[-85.564156107,35.727876389],[-85.562317851,35.720886126],[-85.564325827,35.71365421],[-85.564036475,35.709395383],[-85.559264241,35.702503779]],[[-85.434637989,35.74678006],[-85.430843253,35.744372374],[-85.425572044,35.745194265],[-85.425013288,35.746747242],[-85.420968842,35.748146306],[-85.413547076,35.747239641],[-85.414534975,35.750300255],[-85.412129704,35.753579388],[-85.412957684,35.758763671],[-85.415917781,35.762645368],[-85.425095186,35.764445995],[-85.42992405,35.754771485],[-85.433633213,35.758060368],[-85.435138968,35.75758409],[-85.433403596,35.749839806],[-85.438931285,35.747349062],[-85.434637989,35.74678006]],[[-85.309158172,36.394377228],[-85.310474927,36.38950894],[-85.306712554,36.388144062],[-85.308706053,36.384785187],[-85.303669966,36.379789406],[-85.305868064,36.378403045],[-85.300804222,36.371781042],[-85.293642561,36.372810155],[-85.293418276,36.371238059],[-85.289928303,36.370724564],[-85.286384776,36.367666561],[-85.27991665,36.367554738],[-85.268770036,36.361285212],[-85.260868947,36.361921453],[-85.2570471,36.374119667],[-85.256618415,36.38130835],[-85.261041745,36.387285162],[-85.26403674,36.387274754],[-85.268194788,36.390416056],[-85.273645569,36.389712443],[-85.275393686,36.392133389],[-85.282231287,36.390229548],[-85.285262367,36.395025098],[-85.28799153,36.395893551],[-85.288848433,36.398667978],[-85.293183978,36.399998507],[-85.296099591,36.398499797],[-85.300944006,36.40177295],[-85.304893096,36.400918427],[-85.309158172,36.394377228]],[[-85.302206816,36.270656948],[-85.306367603,36.271936245],[-85.309577808,36.277350193],[-85.319425294,36.277008273],[-85.32510196,36.274276442],[-85.331315298,36.277844614],[-85.333052013,36.274828859],[-85.331332362,36.269972512],[-85.324357341,36.261602034],[-85.318097869,36.263388596],[-85.311340656,36.262634706],[-85.300771935,36.255803541],[-85.295384367,36.257399837],[-85.29174558,36.264426472],[-85.29642815,36.269743792],[-85.302206816,36.270656948]],[[-85.290396936,36.195296541],[-85.285638649,36.194191953],[-85.27953396,36.197822361],[-85.267479221,36.191952297],[-85.265113743,36.193691154],[-85.251730308,36.19558261],[-85.260917985,36.203602746],[-85.258994341,36.209273451],[-85.260112046,36.216303355],[-85.257165271,36.22051271],[-85.262498416,36.224873492],[-85.269118696,36.225727674],[-85.282364461,36.216932711],[-85.285939103,36.212672003],[-85.286140257,36.207743092],[-85.292051128,36.202723867],[-85.290396936,36.195296541]],[[-85.196775984,36.757316317],[-85.20336835,36.753427623],[-85.203051972,36.751723111],[-85.199657348,36.752735329],[-85.196700664,36.750312761],[-85.200194396,36.749149541],[-85.201872809,36.74392109],[-85.197731599,36.741928689],[-85.197304717,36.738868714],[-85.194636379,36.7397483],[-85.191356723,36.737645927],[-85.191195831,36.736066961],[-85.193968345,36.734853643],[-85.189179094,36.732313929],[-85.176660314,36.737951219],[-85.173489426,36.736923581],[-85.171970688,36.740393303],[-85.16824813,36.743225859],[-85.163270494,36.741784063],[-85.160678075,36.742852998],[-85.15594099,36.748867763],[-85.158048538,36.751509436],[-85.157710448,36.753489753],[-85.160875085,36.755538427],[-85.160206654,36.759556611],[-85.162481563,36.760330847],[-85.166469529,36.758029844],[-85.177920082,36.758470477],[-85.179457736,36.760818069],[-85.186284581,36.759796014],[-85.18849205,36.762382861],[-85.192584774,36.763297274],[-85.196975374,36.761267457],[-85.195408092,36.759250146],[-85.196775984,36.757316317]],[[-85.118226219,36.338120149],[-85.11563279,36.337693718],[-85.113259196,36.340802684],[-85.101599535,36.343151175],[-85.105639192,36.347179176],[-85.105172619,36.351127924],[-85.109202428,36.352867425],[-85.109598524,36.354929844],[-85.102491993,36.364594699],[-85.098575541,36.366330222],[-85.100505394,36.370677105],[-85.099962949,36.375035915],[-85.104689465,36.380834674],[-85.107915922,36.381719217],[-85.108315945,36.385822884],[-85.116544321,36.384301627],[-85.115099153,36.382516331],[-85.12221532,36.375349668],[-85.134129037,36.370191275],[-85.132647851,36.366856964],[-85.137470784,36.36350753],[-85.138889789,36.358318729],[-85.141965773,36.358367298],[-85.142279498,36.357096367],[-85.138085722,36.352558748],[-85.139231281,36.350599077],[-85.134300068,36.343277035],[-85.12789295,36.34447453],[-85.123912164,36.340454849],[-85.118226219,36.338120149]],[[-84.846864979,36.790844323],[-84.847322432,36.788550865],[-84.845515083,36.786640694],[-84.839020634,36.786640745],[-84.836896252,36.783639249],[-84.836446217,36.781276026],[-84.839313441,36.774951946],[-84.838202318,36.769851953],[-84.833128438,36.769124405],[-84.832010668,36.765285457],[-84.828411862,36.765367105],[-84.817410652,36.761347652],[-84.822207287,36.755473525],[-84.818487828,36.752746105],[-84.828302403,36.745675837],[-84.825653363,36.739326184],[-84.827038721,36.736413577],[-84.826222302,36.734898665],[-84.829364954,36.731739177],[-84.821168961,36.727454499],[-84.82275952,36.72541634],[-84.818824867,36.724297041],[-84.819388121,36.722493742],[-84.816910408,36.720640351],[-84.813329356,36.720314333],[-84.814943745,36.717315783],[-84.811812746,36.714501722],[-84.816116283,36.711762802],[-84.812181558,36.70940241],[-84.812642826,36.707105077],[-84.810767345,36.705347774],[-84.81466052,36.704171602],[-84.815872763,36.699492336],[-84.814773018,36.695420758],[-84.820001284,36.69513599],[-84.822527167,36.689441793],[-84.820045921,36.688135726],[-84.820094941,36.685169996],[-84.815516588,36.682576701],[-84.810006906,36.675059292],[-84.806124608,36.678201719],[-84.805009586,36.685647654],[-84.801321497,36.688698595],[-84.798507068,36.697801441],[-84.794618973,36.699992969],[-84.792836324,36.703114605],[-84.796263679,36.707128311],[-84.791807224,36.71669675],[-84.789411715,36.71860234],[-84.788786397,36.72106335],[-84.790691306,36.725290619],[-84.787953548,36.731642881],[-84.786000081,36.734367168],[-84.775214226,36.739270302],[-84.773041733,36.741973907],[-84.769716709,36.741127145],[-84.763133678,36.752644312],[-84.757398589,36.757718505],[-84.758760181,36.765053208],[-84.766545038,36.774561656],[-84.762387206,36.779238362],[-84.762265028,36.781805446],[-84.758478947,36.784026849],[-84.75947532,36.788738071],[-84.762555627,36.788723525],[-84.763206245,36.791211363],[-84.758303141,36.796751378],[-84.757109203,36.80260332],[-84.760730539,36.803113492],[-84.759792531,36.807763367],[-84.76246283,36.808685677],[-84.762722759,36.810311067],[-84.768949913,36.809815918],[-84.772628556,36.817171147],[-84.777934844,36.817669937],[-84.77744612,36.819587524],[-84.785358323,36.818901563],[-84.791540836,36.821301713],[-84.791621723,36.825989976],[-84.788479589,36.829978865],[-84.790165374,36.830136432],[-84.793572187,36.834768925],[-84.79533361,36.832414093],[-84.802677993,36.832225744],[-84.807568322,36.828934746],[-84.809563858,36.829502217],[-84.809212639,36.83714964],[-84.811660669,36.837266353],[-84.817515935,36.83241983],[-84.828366851,36.830734717],[-84.824696266,36.817937408],[-84.826455563,36.80925637],[-84.834050104,36.800543826],[-84.840995449,36.796590011],[-84.84386546,36.792123979],[-84.846864979,36.790844323]],[[-84.679737987,36.930447045],[-84.678042559,36.929088499],[-84.67505851,36.933391372],[-84.66917585,36.935132863],[-84.661372441,36.934973663],[-84.654739053,36.938215267],[-84.654832255,36.940764836],[-84.659977274,36.942731748],[-84.665475019,36.941925521],[-84.668946054,36.943870981],[-84.672198551,36.940042257],[-84.676149815,36.938653623],[-84.679574038,36.933884492],[-84.679737987,36.930447045]],[[-84.484341602,37.059012928],[-84.484527872,37.064022509],[-84.486131209,37.066061835],[-84.481034974,37.068349047],[-84.480314014,37.070631556],[-84.478223674,37.070696883],[-84.476970151,37.068701487],[-84.474643951,37.069544867],[-84.473463875,37.072643081],[-84.478936929,37.076178371],[-84.478489211,37.082387303],[-84.480453957,37.087078289],[-84.483132592,37.086489734],[-84.487798115,37.088375296],[-84.491994824,37.085428564],[-84.499358442,37.083913815],[-84.497869769,37.079188676],[-84.499016068,37.077446143],[-84.5053579,37.073968705],[-84.513918507,37.07429109],[-84.51642071,37.070726769],[-84.517311476,37.066886413],[-84.514141235,37.065511309],[-84.509848542,37.067115722],[-84.502444463,37.065455952],[-84.496558939,37.059111488],[-84.500028708,37.058425533],[-84.496572341,37.055473836],[-84.489312485,37.055712768],[-84.48711479,37.056941595],[-84.487531135,37.059255013],[-84.484341602,37.059012928]],[[-84.570043824,36.944629974],[-84.573445336,36.941295899],[-84.565901885,36.94204867],[-84.560401121,36.938229477],[-84.562202009,36.937444415],[-84.561977621,36.934584886],[-84.556606422,36.929317595],[-84.556946949,36.926926946],[-84.560270262,36.927654471],[-84.561163918,36.925685246],[-84.560248624,36.918284511],[-84.556907292,36.917032675],[-84.553467387,36.912088184],[-84.553740973,36.909941881],[-84.557130851,36.908071592],[-84.556273586,36.905834345],[-84.550219911,36.904658679],[-84.550070014,36.90076102],[-84.55168074,36.899172095],[-84.550817258,36.896019704],[-84.541950654,36.889143016],[-84.538555631,36.889693294],[-84.539264729,36.890976824],[-84.537768276,36.892587048],[-84.53505467,36.890132219],[-84.532535065,36.891665713],[-84.530474267,36.889070849],[-84.528881967,36.890920463],[-84.522992214,36.892266468],[-84.522143069,36.890175019],[-84.516207464,36.889301657],[-84.509102208,36.896586791],[-84.504225334,36.89642322],[-84.502192656,36.898590707],[-84.493470104,36.896450424],[-84.490374823,36.897426417],[-84.48830164,36.89623507],[-84.486836895,36.897839384],[-84.477139429,36.89667906],[-84.470697134,36.904453761],[-84.462503021,36.905740019],[-84.460255526,36.90916332],[-84.458289487,36.909387338],[-84.453004861,36.920977324],[-84.455125034,36.923368622],[-84.453657406,36.926881591],[-84.451251876,36.930437106],[-84.447335768,36.93070523],[-84.448455921,36.93692215],[-84.447248707,36.940167204],[-84.448589838,36.941406775],[-84.454326403,36.939636174],[-84.462216666,36.940647375],[-84.46808955,36.943782333],[-84.468805874,36.941973539],[-84.482652732,36.943681569],[-84.485647314,36.941102888],[-84.481447775,36.939568586],[-84.47829779,36.93320597],[-84.481852206,36.933355203],[-84.483191545,36.928795057],[-84.485978404,36.926240736],[-84.496664347,36.921562862],[-84.497536874,36.922721133],[-84.500399907,36.921903852],[-84.501301805,36.918193054],[-84.505141777,36.918948493],[-84.505387907,36.914770314],[-84.512456187,36.912665389],[-84.516477914,36.915363826],[-84.518831952,36.921073898],[-84.517522256,36.922177123],[-84.519993733,36.923186778],[-84.522984264,36.927703803],[-84.520792477,36.930815141],[-84.522313667,36.931499977],[-84.523529654,36.936266627],[-84.52915825,36.935335735],[-84.529483632,36.936940825],[-84.543304229,36.942050692],[-84.545637976,36.941021694],[-84.550975443,36.943376395],[-84.553498843,36.947710882],[-84.557245277,36.94556892],[-84.563525508,36.946754922],[-84.570043824,36.944629974]],[[-84.379862496,37.21381911],[-84.390656787,37.213278793],[-84.399719898,37.20326336],[-84.396316879,37.200843287],[-84.397780887,37.195225178],[-84.396013835,37.191327332],[-84.392125364,37.189319696],[-84.39205168,37.187335994],[-84.383275859,37.18389196],[-84.381473699,37.181562437],[-84.378390646,37.183692694],[-84.371688716,37.179853482],[-84.36052458,37.179270649],[-84.358760269,37.180573222],[-84.358591871,37.183444019],[-84.362339227,37.186242118],[-84.360898641,37.187500134],[-84.36169122,37.189363713],[-84.364073085,37.189501027],[-84.366518652,37.195209873],[-84.363314849,37.198942383],[-84.36400439,37.200916089],[-84.368323557,37.201872511],[-84.369361096,37.205687819],[-84.367270484,37.208537431],[-84.371157966,37.20937196],[-84.373185472,37.212785386],[-84.377370076,37.210919427],[-84.379862496,37.21381911]],[[-84.383880378,37.069349529],[-84.387944827,37.07360473],[-84.390970727,37.072942125],[-84.394798311,37.076571476],[-84.398807507,37.071670839],[-84.396629482,37.07054409],[-84.400941818,37.067992827],[-84.399215451,37.063714937],[-84.402201072,37.061984009],[-84.402265073,37.059511953],[-84.41471479,37.056889054],[-84.414334226,37.052829546],[-84.417209846,37.04963157],[-84.415921792,37.048936431],[-84.427729856,37.042206715],[-84.425107371,37.04154551],[-84.420751334,37.035771483],[-84.416467574,37.034423241],[-84.417639365,37.030650221],[-84.419578651,37.030516705],[-84.419521847,37.02873055],[-84.416428468,37.027104949],[-84.418387301,37.026191526],[-84.417133184,37.021582099],[-84.420142524,37.018428631],[-84.417467594,37.018213084],[-84.418365882,37.014508537],[-84.424970702,37.012278743],[-84.429189132,37.008666234],[-84.428079189,37.007398253],[-84.429518503,37.00604905],[-84.425793864,37.002253399],[-84.423266863,37.001004825],[-84.415781081,37.001295069],[-84.411816145,37.004843075],[-84.408187357,37.001348955],[-84.409768821,36.99960484],[-84.401816891,36.998331931],[-84.401317736,36.995881325],[-84.395778732,36.998922884],[-84.396538521,37.000439818],[-84.394020496,37.001815175],[-84.394584276,37.002940181],[-84.399786727,37.005031394],[-84.389259145,37.01133393],[-84.388705511,37.012323623],[-84.39183478,37.01424435],[-84.390880885,37.020356436],[-84.387745705,37.02176696],[-84.385031359,37.021013713],[-84.38223311,37.023027772],[-84.383360608,37.026118725],[-84.387224743,37.029410788],[-84.38517329,37.031737304],[-84.386755475,37.040189078],[-84.384562412,37.04199615],[-84.385368547,37.043492293],[-84.381306512,37.046282081],[-84.381833283,37.048691158],[-84.379588294,37.048718715],[-84.376205645,37.051942812],[-84.378128666,37.053546942],[-84.373518741,37.058034856],[-84.375092151,37.059166884],[-84.373008209,37.06448688],[-84.374950096,37.064223582],[-84.376649138,37.067536229],[-84.383166232,37.067297521],[-84.383880378,37.069349529]],[[-84.305465672,37.323035725],[-84.301473097,37.321860688],[-84.299391892,37.316318807],[-84.297097414,37.315704378],[-84.294502169,37.317418935],[-84.291336441,37.31499813],[-84.291132289,37.313073208],[-84.292548666,37.312706933],[-84.288316661,37.307963443],[-84.285628969,37.309106148],[-84.284129094,37.312789793],[-84.276558902,37.312383454],[-84.268143585,37.319572078],[-84.264628621,37.319563364],[-84.264075242,37.321663424],[-84.270708306,37.328927751],[-84.270631049,37.331640993],[-84.280623497,37.335644055],[-84.285047261,37.333348485],[-84.289285408,37.334828131],[-84.293260777,37.333460311],[-84.294992688,37.335168753],[-84.297952194,37.334286041],[-84.301242442,37.336044259],[-84.300411494,37.330284321],[-84.30754605,37.32574082],[-84.305465672,37.323035725]],[[-87.114265876,36.668455342],[-87.113933193,36.670407949],[-87.110910103,36.67056836],[-87.110323899,36.673737695],[-87.101678648,36.674136463],[-87.094035714,36.676590579],[-87.099835796,36.678748519],[-87.107106091,36.688634289],[-87.104024651,36.695814679],[-87.109218506,36.698120355],[-87.108137341,36.700796997],[-87.111337176,36.702406278],[-87.108052774,36.704755719],[-87.107271237,36.707282267],[-87.112679227,36.714266139],[-87.115893599,36.713539797],[-87.119415269,36.717509142],[-87.125682282,36.715558675],[-87.131012758,36.717984704],[-87.132989668,36.715443474],[-87.135748055,36.715376284],[-87.13680607,36.720795551],[-87.14013916,36.719560454],[-87.146340213,36.726348904],[-87.150767423,36.726570465],[-87.153852811,36.729163819],[-87.15332248,36.731061923],[-87.158310727,36.731356064],[-87.159850863,36.735299799],[-87.164017331,36.735480609],[-87.162517494,36.725696829],[-87.16781686,36.722607687],[-87.170993094,36.723171336],[-87.170365408,36.716315586],[-87.172674043,36.715369818],[-87.172588264,36.713052332],[-87.169539387,36.708932537],[-87.172559991,36.704969521],[-87.169918616,36.702155045],[-87.170228928,36.695983877],[-87.165490606,36.693140917],[-87.166987054,36.689427134],[-87.158573011,36.684976719],[-87.159245263,36.679395252],[-87.149459276,36.670684685],[-87.151672976,36.665515337],[-87.150767276,36.66233665],[-87.144221569,36.66131535],[-87.143660517,36.659113878],[-87.140891584,36.658860937],[-87.137712358,36.662952295],[-87.129465076,36.665817688],[-87.118724059,36.661975606],[-87.118966794,36.664210394],[-87.117118965,36.665401463],[-87.112050996,36.665479683],[-87.114265876,36.668455342]],[[-87.184197733,36.744606279],[-87.183542736,36.745648587],[-87.185717516,36.7461613],[-87.18598031,36.748290008],[-87.179562751,36.749163186],[-87.175005878,36.752263379],[-87.170439934,36.751175404],[-87.17006399,36.756480159],[-87.174197157,36.761013483],[-87.172458967,36.764308224],[-87.16875518,36.76495185],[-87.168754466,36.772465032],[-87.166039952,36.778927641],[-87.166691878,36.785331148],[-87.165432906,36.786950846],[-87.169598262,36.7895326],[-87.175729739,36.785970439],[-87.180492753,36.787414966],[-87.182813107,36.789841799],[-87.185516114,36.790040231],[-87.184974673,36.792555253],[-87.188260135,36.794386786],[-87.190498852,36.798210867],[-87.197713159,36.802229449],[-87.206645093,36.797379325],[-87.207625291,36.789383593],[-87.212445697,36.789711214],[-87.213954848,36.781602896],[-87.215433443,36.779780342],[-87.21915081,36.779113144],[-87.221488378,36.772851111],[-87.227200672,36.771692965],[-87.232749753,36.774150864],[-87.234175805,36.769864151],[-87.232340654,36.766786806],[-87.237256614,36.765786456],[-87.239417077,36.761656242],[-87.246832845,36.762873671],[-87.252273702,36.75728913],[-87.259545871,36.756862976],[-87.262658149,36.754686193],[-87.269176303,36.755154166],[-87.270934249,36.749803067],[-87.275894805,36.749682634],[-87.276471597,36.742932605],[-87.269447367,36.742478557],[-87.265705278,36.740643249],[-87.265727008,36.737516665],[-87.258558786,36.735019919],[-87.259625898,36.733103924],[-87.256991442,36.731197695],[-87.258901708,36.728303201],[-87.253846953,36.722844411],[-87.254295913,36.718660645],[-87.248803063,36.716024743],[-87.240463217,36.717197686],[-87.232720777,36.716174123],[-87.222023318,36.718803838],[-87.217000822,36.716927754],[-87.211657282,36.719011389],[-87.204968002,36.718464461],[-87.202278109,36.716569624],[-87.196673109,36.717864477],[-87.192411677,36.724512374],[-87.189690329,36.726094237],[-87.19032766,36.729561489],[-87.193281009,36.732791135],[-87.189436513,36.734351499],[-87.184085464,36.739755196],[-87.185557973,36.741733262],[-87.184197733,36.744606279]],[[-86.883180056,36.545974653],[-86.873173167,36.551179061],[-86.871255392,36.550706986],[-86.867302055,36.545257781],[-86.863835623,36.548282646],[-86.865086395,36.555669631],[-86.863772346,36.55950407],[-86.866508964,36.566640761],[-86.87054,36.566967211],[-86.87487678,36.5695385],[-86.879466676,36.570205701],[-86.880306269,36.569088433],[-86.88083765,36.571182421],[-86.888607217,36.577678098],[-86.892000676,36.576458755],[-86.892482553,36.572382164],[-86.897519195,36.571077513],[-86.902224057,36.575920424],[-86.906510288,36.575811024],[-86.907577507,36.574259003],[-86.906290467,36.573682031],[-86.906490656,36.570914471],[-86.910369752,36.570349465],[-86.911080128,36.565277155],[-86.905745263,36.563791604],[-86.90153056,36.557933011],[-86.890065883,36.554130901],[-86.889661604,36.550552205],[-86.891439666,36.54782484],[-86.889656796,36.543859534],[-86.883180056,36.545974653]],[[-87.03392767,36.74827829],[-87.034757468,36.74965991],[-87.030955331,36.750405459],[-87.029057705,36.753667769],[-87.031378459,36.76081758],[-87.029112978,36.765302685],[-87.025662168,36.765708752],[-87.025751095,36.770647184],[-87.022818051,36.772703603],[-87.024131852,36.778948171],[-87.027655849,36.778824946],[-87.026381928,36.783472365],[-87.033816764,36.789995436],[-87.037121319,36.795283075],[-87.035809381,36.79645221],[-87.037920987,36.799986535],[-87.034984296,36.802599842],[-87.038495104,36.805416984],[-87.039178054,36.813717414],[-87.042801509,36.818045144],[-87.052327052,36.815489774],[-87.055974643,36.817952975],[-87.066804262,36.819458506],[-87.064271568,36.82232735],[-87.064885236,36.82392366],[-87.076744015,36.824403752],[-87.086853097,36.8179326],[-87.094457016,36.818366281],[-87.098597233,36.80795956],[-87.108736914,36.808046628],[-87.103052144,36.799933497],[-87.100378562,36.799216429],[-87.10085704,36.79640486],[-87.095117977,36.792115441],[-87.094170569,36.788712763],[-87.099725141,36.784863486],[-87.098659995,36.78392516],[-87.100987861,36.781792759],[-87.104170689,36.782028617],[-87.103736547,36.778628326],[-87.100415394,36.777251775],[-87.092677942,36.777415484],[-87.085728955,36.770963889],[-87.078032661,36.767015511],[-87.076061535,36.760065262],[-87.073488582,36.760191226],[-87.073057025,36.758499163],[-87.070082413,36.759046941],[-87.070480616,36.760839497],[-87.067658351,36.761759968],[-87.064116835,36.760233522],[-87.055333023,36.7628152],[-87.049215182,36.75924086],[-87.049619798,36.75717186],[-87.045920363,36.750787484],[-87.039010055,36.748596963],[-87.040834291,36.745209276],[-87.036602964,36.744319637],[-87.03392767,36.74827829]],[[-86.825624048,36.668987594],[-86.827487929,36.665494054],[-86.832849817,36.662377403],[-86.832546524,36.660836674],[-86.829906812,36.65729278],[-86.825691039,36.657176096],[-86.827005412,36.654888999],[-86.823664729,36.654357888],[-86.820458774,36.645872974],[-86.815363371,36.644414734],[-86.808894525,36.647218681],[-86.806403883,36.646457986],[-86.806318911,36.648254908],[-86.801515183,36.647041258],[-86.802241449,36.649959827],[-86.799580629,36.650930528],[-86.799013547,36.652776616],[-86.792630978,36.649049375],[-86.785835912,36.653218595],[-86.783766736,36.651646954],[-86.779591822,36.654180242],[-86.774369573,36.654680043],[-86.773235466,36.651368288],[-86.774659936,36.648718069],[-86.768405015,36.646878428],[-86.767860017,36.648366689],[-86.759877857,36.651219708],[-86.752489591,36.648848296],[-86.74921649,36.650163753],[-86.743959398,36.649137657],[-86.73815727,36.645038017],[-86.734144606,36.644658387],[-86.729093109,36.645863088],[-86.725831077,36.648589289],[-86.727193676,36.654076075],[-86.735055061,36.65872643],[-86.734964978,36.663022366],[-86.741745526,36.663004058],[-86.742107539,36.667690127],[-86.744595012,36.671447277],[-86.753075194,36.668826903],[-86.757313475,36.670017742],[-86.764245669,36.676988367],[-86.766898803,36.677558504],[-86.772555846,36.675076605],[-86.779319907,36.675868277],[-86.784669877,36.678642267],[-86.794468658,36.678506057],[-86.798703061,36.675213799],[-86.804051125,36.675063007],[-86.810664349,36.669695434],[-86.818128927,36.673836455],[-86.824811997,36.673965662],[-86.825624048,36.668987594]],[[-86.682537505,36.590461241],[-86.682175483,36.58441852],[-86.678017458,36.583781551],[-86.672615011,36.574550043],[-86.675219059,36.572535038],[-86.674923488,36.571088762],[-86.671419771,36.569020357],[-86.660185141,36.574602449],[-86.660410801,36.580872332],[-86.656501105,36.584639391],[-86.653808224,36.584738209],[-86.654732487,36.586828591],[-86.65199291,36.58849416],[-86.656122912,36.594749296],[-86.653851788,36.595063959],[-86.651630056,36.598390839],[-86.647174957,36.599064622],[-86.647279472,36.600760944],[-86.651865613,36.607707705],[-86.655567185,36.607454234],[-86.657282206,36.604739463],[-86.659695226,36.605505845],[-86.660445871,36.607990425],[-86.673366588,36.608522379],[-86.674048643,36.605518833],[-86.682645344,36.605687741],[-86.682868562,36.603037379],[-86.686116594,36.600485704],[-86.683857062,36.598035298],[-86.682537505,36.590461241]],[[-88.216733475,37.499541173],[-88.209612635,37.496698374],[-88.210451199,37.493447268],[-88.202078007,37.493964924],[-88.203867431,37.486043076],[-88.191394672,37.485035295],[-88.189522057,37.481047363],[-88.187735109,37.480705672],[-88.184674211,37.485494389],[-88.177846806,37.489738101],[-88.178670417,37.490787955],[-88.176695072,37.495764002],[-88.1726499,37.498900499],[-88.1674358,37.496858003],[-88.16649404,37.498729884],[-88.168018506,37.50468296],[-88.173460943,37.508204824],[-88.177104921,37.50864332],[-88.17626223,37.513977758],[-88.17969729,37.513370267],[-88.186217767,37.522903608],[-88.181419739,37.530795232],[-88.185490349,37.531325926],[-88.18864231,37.529715768],[-88.190961862,37.531845879],[-88.195653071,37.532785458],[-88.203351304,37.53047878],[-88.204928579,37.526826094],[-88.210386334,37.523055262],[-88.2097846,37.519862811],[-88.213586702,37.515941535],[-88.212551481,37.512656235],[-88.210684814,37.511915333],[-88.211363681,37.510133324],[-88.219599211,37.509178028],[-88.220243089,37.507215381],[-88.222584273,37.506863935],[-88.222869852,37.502838721],[-88.216733475,37.499541173]],[[-86.338435144,38.465614791],[-86.336560535,38.463096396],[-86.329415277,38.462385776],[-86.325834182,38.463576109],[-86.321687193,38.460973006],[-86.323520102,38.459091211],[-86.321556574,38.449165771],[-86.311195188,38.447482614],[-86.310691386,38.44499411],[-86.312364564,38.443042081],[-86.309761207,38.442084143],[-86.309402092,38.43764279],[-86.298866748,38.433979385],[-86.299046759,38.430489648],[-86.294897263,38.427823214],[-86.290863168,38.427755377],[-86.290743952,38.42442903],[-86.288450314,38.422725741],[-86.282768899,38.419826202],[-86.272895622,38.419340485],[-86.269499981,38.423216509],[-86.268922254,38.42896599],[-86.266594488,38.430732114],[-86.264615252,38.440923473],[-86.262967677,38.442244268],[-86.265407287,38.446349614],[-86.262071196,38.449827743],[-86.261420151,38.455119495],[-86.262816783,38.457625526],[-86.257268052,38.461542959],[-86.25804052,38.464211833],[-86.253369757,38.473268958],[-86.247193704,38.474358399],[-86.243817141,38.477143506],[-86.244920344,38.48059971],[-86.248031259,38.483376574],[-86.246828927,38.484743108],[-86.24797938,38.487520893],[-86.242589857,38.489591252],[-86.241798318,38.496226675],[-86.240147583,38.496762966],[-86.239940781,38.500063635],[-86.238198341,38.501407184],[-86.234725404,38.503188115],[-86.228209308,38.502741534],[-86.227462466,38.50888969],[-86.228887007,38.514344449],[-86.219090951,38.520003991],[-86.221143633,38.525613966],[-86.232123822,38.529597159],[-86.232554234,38.536735434],[-86.236030898,38.538629198],[-86.236225181,38.541316397],[-86.248897941,38.54884917],[-86.254058917,38.547866819],[-86.258327618,38.551480115],[-86.274095284,38.545186351],[-86.279851411,38.545671001],[-86.281540191,38.548193425],[-86.28516715,38.549298785],[-86.28513886,38.550781605],[-86.289555943,38.552533597],[-86.288036439,38.554619616],[-86.28887298,38.55680238],[-86.286192622,38.568238825],[-86.289593729,38.578899597],[-86.291359714,38.578574464],[-86.300732604,38.5837627],[-86.300355232,38.586353031],[-86.297290221,38.587739289],[-86.298561813,38.590248422],[-86.305526399,38.591897814],[-86.305884176,38.593971197],[-86.310326037,38.596114065],[-86.31446821,38.595170658],[-86.325034215,38.59672505],[-86.335575344,38.599375831],[-86.341161732,38.602575295],[-86.344928241,38.601044387],[-86.354235299,38.601080735],[-86.363494422,38.592514109],[-86.367118483,38.59409893],[-86.371551623,38.590675319],[-86.381982506,38.590128211],[-86.38846981,38.580413303],[-86.392098692,38.577630338],[-86.392323228,38.574807364],[-86.397400207,38.575326766],[-86.402032116,38.571658217],[-86.405594765,38.564537072],[-86.401818938,38.55936225],[-86.404900513,38.552512574],[-86.401375923,38.553168565],[-86.396918192,38.548247145],[-86.391663101,38.545821035],[-86.392045979,38.543866906],[-86.389693066,38.542362066],[-86.388712044,38.538749179],[-86.383864765,38.536195862],[-86.384454747,38.532899154],[-86.375063595,38.526784716],[-86.37445106,38.524438449],[-86.377127919,38.522094379],[-86.371762508,38.519344369],[-86.36895496,38.51594018],[-86.369030629,38.51317594],[-86.376307988,38.508351792],[-86.375579725,38.502065075],[-86.36946061,38.50239379],[-86.364645599,38.49891616],[-86.349537498,38.5020792],[-86.347394533,38.498383982],[-86.340431266,38.498744762],[-86.330126102,38.494729857],[-86.334605724,38.48925594],[-86.334246158,38.486164167],[-86.33855343,38.481842095],[-86.337281371,38.480226595],[-86.338444133,38.478609236],[-86.337711198,38.474341545],[-86.341110148,38.473438134],[-86.343074217,38.470727737],[-86.338435144,38.465614791]],[[-86.356587004,37.058780267],[-86.347101154,37.059315682],[-86.334903162,37.055133383],[-86.329919403,37.05174779],[-86.327348424,37.052167921],[-86.317832364,37.046542223],[-86.31196124,37.044951531],[-86.306044061,37.03792368],[-86.289128896,37.039529811],[-86.278314222,37.035629415],[-86.275207944,37.038675611],[-86.271335705,37.037021335],[-86.268540088,37.037626018],[-86.26336551,37.03579052],[-86.261840787,37.034609562],[-86.262333742,37.032925199],[-86.253799855,37.031204439],[-86.245934231,37.026629065],[-86.244798318,37.029178106],[-86.24268487,37.029473674],[-86.240584749,37.02685164],[-86.240870602,37.023670184],[-86.236440344,37.025855366],[-86.231826713,37.022831629],[-86.22520497,37.023175275],[-86.223977895,37.020913952],[-86.219101861,37.023314668],[-86.217563761,37.022079411],[-86.219608895,37.020165874],[-86.219278631,37.018446267],[-86.216046463,37.01777568],[-86.211448413,37.021315297],[-86.209793212,37.019283938],[-86.200122796,37.016282802],[-86.194638692,37.0125347],[-86.197959417,37.006719397],[-86.199498366,37.007435622],[-86.201664471,37.005944385],[-86.204415802,36.99886293],[-86.203137614,36.99502627],[-86.200778493,36.993435778],[-86.201630707,36.984963204],[-86.197327679,36.984055464],[-86.198312916,36.974146885],[-86.191484973,36.977630157],[-86.189358657,36.975961609],[-86.184476997,36.975780054],[-86.183481428,36.972952373],[-86.174187496,36.970612239],[-86.170325695,36.971735206],[-86.167127106,36.967080665],[-86.160115641,36.96846526],[-86.159307975,36.962967105],[-86.155528772,36.958954442],[-86.156660116,36.956233176],[-86.152048509,36.954299432],[-86.152254226,36.952924061],[-86.146635611,36.952205208],[-86.14326029,36.952035889],[-86.140469978,36.955037494],[-86.142696634,36.957430321],[-86.140371261,36.957965285],[-86.136883579,36.962095794],[-86.133260804,36.961390686],[-86.130944563,36.968635061],[-86.132231244,36.970782697],[-86.126138843,36.972985272],[-86.123292008,36.975897809],[-86.123053702,36.979127516],[-86.118601617,36.980560094],[-86.118668653,36.982614013],[-86.117075157,36.983345404],[-86.110872349,36.977104768],[-86.105225207,36.981458719],[-86.099344591,36.978352336],[-86.092463609,36.977548226],[-86.088225635,36.97891323],[-86.085034065,36.977453543],[-86.086024349,36.971877607],[-86.081753299,36.969115291],[-86.082194247,36.961283597],[-86.079058154,36.960196304],[-86.074678278,36.955388753],[-86.068391543,36.953689856],[-86.069450979,36.957769275],[-86.068058441,36.959578749],[-86.071850814,36.965265575],[-86.073977764,36.9653044],[-86.073177622,36.968483628],[-86.074701524,36.970222535],[-86.067001588,36.979579378],[-86.065988577,36.983750543],[-86.067055267,36.985071092],[-86.06384889,36.988192524],[-86.065491583,36.990725823],[-86.056423616,36.995727031],[-86.055394216,37.00085586],[-86.049203215,37.003257088],[-86.047214144,37.005799475],[-86.048290269,37.007749824],[-86.043513442,37.009285527],[-86.04513821,37.013411867],[-86.043507648,37.014709303],[-86.03931281,37.013468358],[-86.037804777,37.014988293],[-86.036008311,37.020642465],[-86.034111014,37.021652708],[-86.036118986,37.028269581],[-86.033288116,37.029919761],[-86.032838451,37.034558049],[-86.026346761,37.034743977],[-86.022079623,37.036590433],[-86.015899241,37.034652061],[-86.013512145,37.03232976],[-86.004734998,37.032526834],[-86.001739017,37.034463409],[-86.007826425,37.036434783],[-86.007087846,37.038470476],[-86.003630374,37.038782912],[-85.997076527,37.044523323],[-85.994224997,37.045041497],[-85.993878501,37.04359927],[-85.990073828,37.042353363],[-85.988621988,37.044815557],[-85.984532115,37.046465207],[-85.976724179,37.041276455],[-85.968000343,37.040173395],[-85.963095247,37.042530567],[-85.958699387,37.04019736],[-85.955188807,37.042565355],[-85.950229272,37.04165509],[-85.947469982,37.044716622],[-85.94075999,37.043773402],[-85.939437862,37.046628806],[-85.930352048,37.048475515],[-85.925976588,37.045105756],[-85.917744043,37.05054628],[-85.914738535,37.050376629],[-85.914139004,37.04789055],[-85.912004688,37.046958696],[-85.907996122,37.048032145],[-85.906200334,37.051628],[-85.904470812,37.05068998],[-85.900547813,37.052727489],[-85.889455926,37.053096684],[-85.8837167,37.050302827],[-85.881335147,37.053809232],[-85.874662527,37.056128164],[-85.857553237,37.05169694],[-85.850761139,37.055043742],[-85.848502659,37.053652175],[-85.840917975,37.054253672],[-85.836427009,37.053262519],[-85.833062868,37.05007541],[-85.828828103,37.052067599],[-85.82471894,37.050986221],[-85.824213156,37.05313976],[-85.817554127,37.053289989],[-85.814244821,37.054947637],[-85.813731747,37.05292882],[-85.805982483,37.04974638],[-85.802264453,37.049894362],[-85.800422016,37.052288076],[-85.797988294,37.050268432],[-85.79299539,37.050815117],[-85.78946963,37.0484292],[-85.776338962,37.05132062],[-85.774742725,37.049558802],[-85.771971397,37.051052768],[-85.763934795,37.048979139],[-85.76039526,37.045532866],[-85.761292929,37.037917431],[-85.754427609,37.03599523],[-85.752958523,37.032032659],[-85.750023058,37.032407587],[-85.750740799,37.023909973],[-85.749242579,37.022124484],[-85.737572635,37.022276596],[-85.731347225,37.019296565],[-85.723389603,37.017998728],[-85.721014254,37.015597184],[-85.71855878,37.015404251],[-85.713786969,37.01852279],[-85.707965359,37.0160157],[-85.698252047,37.023255697],[-85.697135501,37.027477622],[-85.7017464,37.028568675],[-85.703464139,37.032338774],[-85.702388843,37.037153373],[-85.695251858,37.040700186],[-85.696511662,37.044086107],[-85.695711916,37.048181535],[-85.692344308,37.046567706],[-85.685905171,37.046864141],[-85.683434356,37.048647079],[-85.683419471,37.050993932],[-85.679202311,37.050470474],[-85.676171423,37.053915882],[-85.67277,37.055014967],[-85.672090289,37.057752985],[-85.674226515,37.062455749],[-85.673073825,37.067328813],[-85.670362718,37.069890493],[-85.67371628,37.070954503],[-85.676331687,37.074618869],[-85.680840003,37.075272456],[-85.681134024,37.077997132],[-85.68848006,37.07884511],[-85.691439247,37.080846858],[-85.690611188,37.083132477],[-85.686922815,37.085366795],[-85.687709269,37.089755773],[-85.693036626,37.09418617],[-85.68559535,37.101969519],[-85.684896725,37.103454047],[-85.688168794,37.105697173],[-85.68424084,37.109592084],[-85.697969798,37.114709513],[-85.698637593,37.117177744],[-85.696561656,37.119556583],[-85.698247345,37.122894506],[-85.700853846,37.122757508],[-85.702496393,37.124629417],[-85.702015497,37.126612322],[-85.705751614,37.126946224],[-85.708666381,37.13098853],[-85.706571528,37.130794916],[-85.703857707,37.134026197],[-85.69823675,37.136716563],[-85.702422404,37.141042235],[-85.703716259,37.14601493],[-85.699032097,37.151219651],[-85.701574796,37.152671879],[-85.700502621,37.156464136],[-85.689170732,37.163970295],[-85.683245136,37.164471253],[-85.684232472,37.176047504],[-85.6812457,37.175762536],[-85.679930246,37.178768039],[-85.675773444,37.179224406],[-85.674408664,37.181464012],[-85.676377538,37.183982676],[-85.680364773,37.185308532],[-85.681780448,37.191754093],[-85.685143556,37.190337533],[-85.691364568,37.192243192],[-85.694744006,37.196138035],[-85.696962501,37.195704773],[-85.704051856,37.200538833],[-85.701978805,37.20322949],[-85.704961756,37.2070901],[-85.703767353,37.208877459],[-85.70491392,37.212503481],[-85.699785873,37.2162189],[-85.700690932,37.218839732],[-85.704252291,37.217062911],[-85.705604274,37.220601234],[-85.711664766,37.220627871],[-85.714609902,37.216831135],[-85.722242326,37.21619389],[-85.721493308,37.218233916],[-85.723985005,37.221837468],[-85.72839129,37.22436056],[-85.734316765,37.224685906],[-85.740445712,37.231924408],[-85.745646207,37.230239442],[-85.747844215,37.230968929],[-85.74794871,37.233864146],[-85.751338062,37.237118241],[-85.754140062,37.23393965],[-85.758768308,37.234126257],[-85.7644756,37.239619272],[-85.771145747,37.237780137],[-85.784781674,37.239002137],[-85.790507347,37.24546926],[-85.797452112,37.244381871],[-85.801808133,37.246514844],[-85.807758332,37.237136721],[-85.811861067,37.238162513],[-85.813799602,37.234766835],[-85.819149291,37.234425097],[-85.817952531,37.231494842],[-85.819517449,37.22880594],[-85.827058411,37.227990275],[-85.822985477,37.223599656],[-85.823228873,37.2196907],[-85.824998499,37.219301392],[-85.829264211,37.222107397],[-85.832820776,37.221182788],[-85.834711487,37.216930903],[-85.83785598,37.215233116],[-85.833825849,37.208219092],[-85.839986263,37.196878113],[-85.837735756,37.195300226],[-85.838274983,37.19380794],[-85.841841798,37.188700068],[-85.849774075,37.183692376],[-85.857260483,37.185535806],[-85.858739315,37.187799416],[-85.860780668,37.187434606],[-85.862937332,37.184397476],[-85.874588308,37.187900146],[-85.883740643,37.187574161],[-85.885864353,37.184929388],[-85.890943652,37.186070302],[-85.893973843,37.188995547],[-85.897135269,37.18809924],[-85.900492455,37.192860613],[-85.90301948,37.191879488],[-85.904310562,37.193464122],[-85.902158826,37.197126983],[-85.906327864,37.198010082],[-85.909419997,37.195040006],[-85.913948892,37.194831837],[-85.913553202,37.192672237],[-85.91724248,37.188260623],[-85.913987936,37.184198272],[-85.917092168,37.181942117],[-85.91789805,37.178669297],[-85.922796235,37.176876353],[-85.928166985,37.178574309],[-85.939198672,37.172112161],[-85.940700277,37.169610329],[-85.948140776,37.16913901],[-85.949750254,37.166629257],[-85.953319215,37.17239731],[-85.952835588,37.17518177],[-85.957857981,37.178468885],[-85.962731935,37.172501575],[-85.965534283,37.171235095],[-85.973635077,37.170892855],[-85.979561127,37.168674214],[-85.981440429,37.165883676],[-85.984876862,37.164658944],[-85.987506398,37.16552506],[-85.987957926,37.162153199],[-85.990333742,37.161799355],[-85.990956764,37.159440759],[-85.992851449,37.158958607],[-85.99175656,37.152067999],[-85.995620936,37.148373593],[-86.000244194,37.148214445],[-86.000715303,37.151463021],[-86.006243914,37.148316432],[-86.007136775,37.144045205],[-86.010007454,37.143591124],[-86.016595848,37.13563571],[-86.01419143,37.133278706],[-86.020032953,37.134450145],[-86.026353236,37.131094908],[-86.0311599,37.131595515],[-86.040752315,37.136152919],[-86.043946196,37.133840367],[-86.044485248,37.130974149],[-86.049631879,37.130214977],[-86.056898284,37.126318053],[-86.062706757,37.128897976],[-86.066868054,37.128917034],[-86.067013851,37.131053157],[-86.070411014,37.132584324],[-86.072227721,37.140418519],[-86.079608704,37.13859068],[-86.085412284,37.140456028],[-86.09438843,37.149929621],[-86.098020803,37.149805224],[-86.104453191,37.153294192],[-86.111306829,37.152331699],[-86.116490087,37.149446549],[-86.125599003,37.156221802],[-86.125701204,37.158799938],[-86.128526691,37.158238422],[-86.131542318,37.164537351],[-86.143649383,37.159857889],[-86.150731746,37.159027506],[-86.163220269,37.166163767],[-86.170587379,37.16745612],[-86.169985561,37.16949517],[-86.171252965,37.170201943],[-86.174909869,37.169835347],[-86.185047321,37.163662513],[-86.191259671,37.163494943],[-86.192065967,37.160591402],[-86.19902568,37.159811341],[-86.199941818,37.153735234],[-86.191327384,37.139514104],[-86.190864688,37.135693553],[-86.187557899,37.132953715],[-86.181306154,37.135243626],[-86.172562058,37.134081269],[-86.168311063,37.13281788],[-86.165606048,37.123569731],[-86.16223394,37.122993897],[-86.161590837,37.124941242],[-86.159349855,37.125387102],[-86.154749653,37.123308191],[-86.153529541,37.121604042],[-86.156484456,37.118190547],[-86.157646786,37.114990237],[-86.156553915,37.113498374],[-86.163012142,37.106421588],[-86.166055327,37.107698222],[-86.174525625,37.103350561],[-86.183313864,37.101351911],[-86.187768877,37.106799319],[-86.192359364,37.103711703],[-86.196663814,37.10297474],[-86.200646175,37.105413999],[-86.205665471,37.105691597],[-86.208359575,37.107855553],[-86.209247885,37.111254291],[-86.212144055,37.112006771],[-86.219082252,37.104207309],[-86.223654407,37.102204251],[-86.229606017,37.102941284],[-86.230641368,37.100314792],[-86.233136492,37.098534144],[-86.235518229,37.099431541],[-86.237044633,37.097425145],[-86.241963871,37.097440841],[-86.244690013,37.099038799],[-86.247919751,37.097550734],[-86.250640201,37.094229905],[-86.25036179,37.08890019],[-86.256046304,37.086254296],[-86.261407645,37.085297828],[-86.267689041,37.086797754],[-86.268299247,37.083215747],[-86.275031838,37.080586399],[-86.2910012,37.081056258],[-86.292660498,37.07922611],[-86.297364555,37.078562097],[-86.303859259,37.079450743],[-86.308342777,37.083869395],[-86.312513601,37.083397381],[-86.316779032,37.085035377],[-86.320570857,37.082766497],[-86.324454539,37.086930222],[-86.326431723,37.085694976],[-86.33001598,37.087698291],[-86.333657218,37.086709984],[-86.339323589,37.087906534],[-86.341825291,37.091410054],[-86.344572819,37.091226527],[-86.344157867,37.099580056],[-86.34734322,37.100623612],[-86.34937319,37.103664422],[-86.356084407,37.102509073],[-86.357487097,37.100274966],[-86.360963321,37.099156987],[-86.370884225,37.099535762],[-86.374285111,37.094116184],[-86.379069664,37.093034929],[-86.378264985,37.08882896],[-86.380148687,37.087833524],[-86.378781097,37.08131832],[-86.382194737,37.078004116],[-86.381022469,37.076373685],[-86.382197575,37.075332184],[-86.37827596,37.071484939],[-86.379212698,37.067403256],[-86.367393033,37.063624743],[-86.366902237,37.060038661],[-86.361650927,37.057715901],[-86.356587004,37.058780267]],[[-86.35131537,36.870608225],[-86.347029299,36.867610376],[-86.347350629,36.864671404],[-86.342406192,36.862663382],[-86.343560442,36.8595138],[-86.334523435,36.858341279],[-86.335837884,36.856861577],[-86.332806821,36.851411332],[-86.33751945,36.848567031],[-86.335073446,36.84583014],[-86.333339238,36.846062766],[-86.333779323,36.842189191],[-86.328722509,36.840053638],[-86.322644178,36.839753265],[-86.322765377,36.843880247],[-86.325678472,36.84502542],[-86.325663903,36.849048919],[-86.322100116,36.849075141],[-86.319828978,36.85219347],[-86.320527954,36.855380805],[-86.311381879,36.859349492],[-86.309070772,36.858269397],[-86.305673319,36.86348144],[-86.299763162,36.863288259],[-86.296953188,36.867811566],[-86.287058488,36.875583121],[-86.290710304,36.883013065],[-86.285836488,36.887514507],[-86.281436423,36.896528873],[-86.274302867,36.896221001],[-86.27627087,36.898035151],[-86.272602256,36.901691603],[-86.276572441,36.908132003],[-86.274571913,36.909677649],[-86.270404778,36.908289035],[-86.269500566,36.917186456],[-86.266316877,36.917300935],[-86.26416983,36.920026875],[-86.263627827,36.927063172],[-86.267872607,36.928048171],[-86.270323318,36.926187861],[-86.274229927,36.930503422],[-86.2767396,36.929398453],[-86.281625711,36.931385251],[-86.284601127,36.930639488],[-86.286957812,36.935464347],[-86.290593103,36.934696026],[-86.290977497,36.936665792],[-86.295783576,36.937631964],[-86.298326892,36.935959431],[-86.302691565,36.936418705],[-86.302869431,36.93010176],[-86.306885697,36.930034469],[-86.306502588,36.934461336],[-86.309751979,36.935879702],[-86.316711515,36.934245083],[-86.319435618,36.935391684],[-86.322861857,36.930160535],[-86.333547486,36.936127316],[-86.333146626,36.933658124],[-86.340368171,36.930117243],[-86.339897644,36.927215649],[-86.342805454,36.925294012],[-86.341159141,36.917226398],[-86.344072866,36.916596255],[-86.347264483,36.913137179],[-86.344233262,36.912077937],[-86.345739262,36.910258143],[-86.342170856,36.906401217],[-86.336617306,36.904356885],[-86.338375835,36.897351259],[-86.343745858,36.895097687],[-86.345554569,36.896071432],[-86.349459187,36.89241519],[-86.346450515,36.889145737],[-86.34829608,36.885727849],[-86.351972414,36.883956132],[-86.352418938,36.87691022],[-86.350454896,36.875778982],[-86.353130177,36.872604293],[-86.350968289,36.87209638],[-86.35131537,36.870608225]],[[-86.011172221,37.283161561],[-86.002437889,37.285669435],[-86.000178824,37.284550794],[-85.994867994,37.285726284],[-85.992365817,37.283903837],[-85.993338005,37.272953451],[-85.995232164,37.272834843],[-85.998390581,37.263056078],[-85.991790864,37.25680983],[-85.983004722,37.259002667],[-85.978179305,37.256375057],[-85.97886623,37.253969236],[-85.97420834,37.248257318],[-85.967135518,37.248750901],[-85.965433559,37.25231324],[-85.963305598,37.252418222],[-85.962351591,37.260009367],[-85.956640393,37.263139474],[-85.95656805,37.266132659],[-85.952171583,37.268722026],[-85.942687827,37.269962329],[-85.935751178,37.274478643],[-85.931619919,37.279573422],[-85.934866516,37.285709983],[-85.934950681,37.290312617],[-85.940889826,37.300212944],[-85.939734281,37.302419787],[-85.942958873,37.303760856],[-85.94568487,37.307632583],[-85.951975918,37.311249644],[-85.954773315,37.310396947],[-85.95450748,37.308871065],[-85.957851804,37.308835639],[-85.959427496,37.306476391],[-85.962717279,37.307557304],[-85.962051773,37.309003698],[-85.963752273,37.310066123],[-85.964807363,37.314808058],[-85.968772394,37.318005926],[-85.973532448,37.318701644],[-85.982219013,37.323443095],[-85.982780255,37.320381194],[-85.984232622,37.319845378],[-85.983095595,37.316137986],[-85.984132353,37.312953549],[-85.993500875,37.31640052],[-85.995551123,37.313779435],[-86.000756277,37.313402605],[-86.003751318,37.308369524],[-86.002655935,37.304407131],[-86.007615541,37.304632259],[-86.017371339,37.301270283],[-86.019461738,37.299119079],[-86.018635366,37.295446183],[-86.015637723,37.294287896],[-86.016913362,37.287819116],[-86.011172221,37.283161561]],[[-85.892501636,37.454359512],[-85.88967616,37.452003548],[-85.886371788,37.452701393],[-85.881325589,37.448607479],[-85.873817916,37.451029563],[-85.864828616,37.447608312],[-85.856461909,37.448501944],[-85.851716639,37.442519906],[-85.846096075,37.442258951],[-85.84512719,37.434380511],[-85.838913682,37.438131051],[-85.831033255,37.436055829],[-85.829443347,37.437077022],[-85.828657396,37.433420472],[-85.826840397,37.433667423],[-85.825535286,37.436452024],[-85.81817224,37.436817318],[-85.820088036,37.441544978],[-85.813375609,37.448026836],[-85.81537719,37.450469038],[-85.816253623,37.45577187],[-85.822087607,37.454762679],[-85.823550987,37.455487255],[-85.822395899,37.456883587],[-85.82351122,37.459259521],[-85.829282139,37.461294583],[-85.830786185,37.460373417],[-85.832626196,37.462627101],[-85.829567286,37.471280153],[-85.824676017,37.473565836],[-85.825607183,37.4754046],[-85.832753773,37.475075059],[-85.841029618,37.482748415],[-85.840343843,37.488487715],[-85.842740555,37.49033982],[-85.845587341,37.487187912],[-85.847519494,37.490288209],[-85.848309272,37.493810153],[-85.841801078,37.500455907],[-85.84381232,37.505138255],[-85.853331097,37.510161277],[-85.855188312,37.508318649],[-85.862849759,37.511520578],[-85.867788125,37.511139615],[-85.871495655,37.517348133],[-85.879788407,37.522479791],[-85.879874184,37.524371445],[-85.882504416,37.523665621],[-85.884560433,37.525149642],[-85.887861569,37.523179932],[-85.892849209,37.525613983],[-85.90128479,37.537760479],[-85.902840793,37.545455165],[-85.90686071,37.549092887],[-85.907612071,37.548107014],[-85.914613468,37.550149186],[-85.913556558,37.546623697],[-85.915113565,37.542712054],[-85.924644034,37.543070173],[-85.927605499,37.541732614],[-85.928193502,37.537673054],[-85.931917225,37.536687915],[-85.932442806,37.533084797],[-85.928418548,37.531157402],[-85.931210898,37.528170582],[-85.924943381,37.525141817],[-85.922200179,37.518599119],[-85.912951384,37.518527933],[-85.913985937,37.513369828],[-85.912259214,37.509469863],[-85.915025248,37.505924934],[-85.912475323,37.503226744],[-85.912900557,37.501470251],[-85.910868203,37.500642747],[-85.912986638,37.49805557],[-85.907615072,37.493986571],[-85.906150105,37.490402683],[-85.909276786,37.49123522],[-85.911069129,37.488866996],[-85.915641412,37.491058514],[-85.917758865,37.490351426],[-85.91779214,37.493365916],[-85.922813401,37.493884627],[-85.92719642,37.496838069],[-85.93783013,37.496085434],[-85.943479043,37.504224414],[-85.945619431,37.502814204],[-85.946732472,37.504507001],[-85.954151655,37.505271627],[-85.956451789,37.50962214],[-85.961108897,37.512138409],[-85.968840906,37.513361198],[-85.969723456,37.516182893],[-85.974724788,37.518091944],[-85.9750974,37.520208947],[-85.985772679,37.521373244],[-85.985829607,37.519560973],[-85.98296873,37.51820367],[-85.980738058,37.514301192],[-85.981511715,37.509364228],[-85.985274238,37.50553023],[-85.985259413,37.501802504],[-85.983823114,37.501696405],[-85.982975826,37.498810449],[-85.986737706,37.496149861],[-85.990497583,37.496744432],[-85.993926307,37.492146623],[-85.987295416,37.49109409],[-85.987405403,37.489227308],[-85.989280523,37.487540043],[-85.989226716,37.48284592],[-85.997961115,37.475397321],[-85.995907211,37.46989243],[-85.991307396,37.467461988],[-85.989638434,37.463591222],[-85.984855688,37.466055908],[-85.982623698,37.465215174],[-85.981304721,37.466552953],[-85.982632981,37.469062367],[-85.980308577,37.471467333],[-85.977219241,37.46851354],[-85.97302316,37.470176733],[-85.971255089,37.468850539],[-85.965614202,37.471664096],[-85.963857781,37.469062192],[-85.960699537,37.470628014],[-85.959030834,37.469284624],[-85.947974556,37.473160465],[-85.946980679,37.469801345],[-85.941924446,37.470897898],[-85.94170905,37.468642296],[-85.93740413,37.467319364],[-85.934941644,37.464536298],[-85.928228933,37.463868853],[-85.929001913,37.461628085],[-85.927453863,37.458988168],[-85.921784021,37.45603889],[-85.916932212,37.457039905],[-85.916608379,37.454895034],[-85.912870454,37.455124226],[-85.911070494,37.45200876],[-85.908221734,37.453628489],[-85.902659008,37.449980462],[-85.898098101,37.453758103],[-85.892501636,37.454359512]],[[-86.328598724,38.015778114],[-86.327007163,38.001896722],[-86.319404514,38.001460988],[-86.317961927,37.998245058],[-86.310030753,37.991367305],[-86.316725344,37.984235928],[-86.316181469,37.982176944],[-86.313878972,37.981319422],[-86.317194937,37.974318129],[-86.321410715,37.977897096],[-86.33549652,37.980244453],[-86.339362544,37.983072978],[-86.344401105,37.983862788],[-86.345336688,37.986759722],[-86.342700977,37.986353554],[-86.340815749,37.990643628],[-86.342771639,37.992102693],[-86.34569976,37.991376967],[-86.352906225,37.99480237],[-86.356751016,37.991981781],[-86.368812847,37.992542389],[-86.372642433,37.989976584],[-86.370136555,37.986593454],[-86.372660286,37.985704888],[-86.372030064,37.982411969],[-86.377756747,37.977883371],[-86.377491973,37.972086564],[-86.379991871,37.969161411],[-86.377344729,37.960075385],[-86.366985004,37.948256318],[-86.367947685,37.945906769],[-86.364695181,37.941707704],[-86.366202644,37.937698673],[-86.363188598,37.934822604],[-86.366753786,37.931960933],[-86.366145815,37.928317586],[-86.359083036,37.925183379],[-86.356362023,37.927240354],[-86.354463164,37.925894138],[-86.350372697,37.92729193],[-86.343037251,37.924838257],[-86.340874981,37.929045348],[-86.333758576,37.928549641],[-86.329015264,37.931656466],[-86.32560659,37.930887861],[-86.322505143,37.934716452],[-86.316535879,37.935678186],[-86.318292186,37.940839364],[-86.316160377,37.945026503],[-86.320646885,37.950237281],[-86.316637521,37.951763502],[-86.316789662,37.955850326],[-86.305738441,37.958201111],[-86.301319667,37.956113516],[-86.299765192,37.952752735],[-86.30113285,37.951557193],[-86.293894251,37.950801559],[-86.291586134,37.945730524],[-86.286861861,37.943074599],[-86.288447964,37.939630555],[-86.292222581,37.937894232],[-86.290497685,37.93542043],[-86.285846335,37.933734019],[-86.285828876,37.930402923],[-86.280462249,37.929668284],[-86.276929652,37.92711737],[-86.279753896,37.922700096],[-86.27874858,37.919803106],[-86.27001894,37.917722348],[-86.263477176,37.910029564],[-86.261316831,37.897488946],[-86.257441451,37.899321274],[-86.246441444,37.893614707],[-86.232811417,37.894898417],[-86.22681531,37.893751229],[-86.221003635,37.897935119],[-86.217606099,37.897221992],[-86.213912431,37.89898037],[-86.216491499,37.901149919],[-86.215844522,37.903065688],[-86.209551343,37.904025538],[-86.208587633,37.907832058],[-86.220435815,37.914238709],[-86.220896717,37.92131609],[-86.226506816,37.925100164],[-86.228809413,37.929116047],[-86.23348583,37.928218946],[-86.23553906,37.933464443],[-86.241099,37.937556915],[-86.241948246,37.943110535],[-86.245366719,37.942886897],[-86.249841902,37.945941906],[-86.236329055,37.954936465],[-86.236304454,37.958852979],[-86.230742339,37.964873931],[-86.233324516,37.96793761],[-86.243118192,37.973119152],[-86.238864581,37.974380709],[-86.23922906,37.976306038],[-86.236716227,37.977365207],[-86.237138615,37.982810025],[-86.228294593,37.990768274],[-86.233139807,37.998882805],[-86.231670382,38.001623106],[-86.238808493,38.007780807],[-86.237691013,38.008932753],[-86.239257631,38.011170736],[-86.24557633,38.01206271],[-86.246584619,38.015222938],[-86.25225843,38.020080176],[-86.26899446,38.016544974],[-86.275702422,38.02041663],[-86.281457835,38.018692001],[-86.285306058,38.024832595],[-86.285442308,38.02910956],[-86.294651134,38.033080186],[-86.302958674,38.027790552],[-86.315212381,38.028072763],[-86.319071266,38.023957314],[-86.331987131,38.020560488],[-86.332563471,38.01813634],[-86.328598724,38.015778114]],[[-86.176837219,38.054400749],[-86.175575497,38.050579227],[-86.177874497,38.043767738],[-86.172815679,38.039377842],[-86.170722742,38.039340752],[-86.169924869,38.033171383],[-86.166459916,38.034476424],[-86.163127667,38.039889515],[-86.1578335,38.039590026],[-86.154601912,38.042809905],[-86.156682112,38.044035113],[-86.155465567,38.046720536],[-86.157502924,38.047740441],[-86.157274139,38.049912639],[-86.154945778,38.050557457],[-86.155971395,38.052411372],[-86.152153701,38.055549294],[-86.153114012,38.056737827],[-86.157484892,38.055459835],[-86.164597437,38.059315686],[-86.173172854,38.061383043],[-86.179929031,38.059540399],[-86.182234152,38.057143082],[-86.176837219,38.054400749]],[[-86.06953889,38.041339602],[-86.075832722,38.038355935],[-86.079795826,38.04321214],[-86.085513774,38.043387528],[-86.089028489,38.044602208],[-86.08919006,38.046438192],[-86.093912665,38.047522638],[-86.095156073,38.051951482],[-86.094003084,38.052941778],[-86.097447549,38.056108927],[-86.095633232,38.058082132],[-86.099951959,38.06208749],[-86.101423788,38.071363041],[-86.103329405,38.072877761],[-86.108885211,38.073025063],[-86.110671361,38.074461649],[-86.115642762,38.073431258],[-86.118522552,38.07026991],[-86.122630308,38.073901927],[-86.126792924,38.074164897],[-86.129364212,38.069482534],[-86.125611289,38.067788427],[-86.131404047,38.066229927],[-86.132730617,38.05841739],[-86.140687669,38.055776163],[-86.137720174,38.054051195],[-86.138003514,38.05270858],[-86.143758125,38.050958367],[-86.143198973,38.048236908],[-86.146728402,38.046964975],[-86.144058689,38.045103341],[-86.143509879,38.042668637],[-86.151853437,38.036582853],[-86.152436112,38.030498328],[-86.158505476,38.030367605],[-86.157395828,38.028070673],[-86.16324421,38.027240757],[-86.161389552,38.025447255],[-86.16212073,38.02241575],[-86.166201493,38.020130343],[-86.166971483,38.018102662],[-86.155462065,38.015766277],[-86.152325894,38.019918767],[-86.149573541,38.019063852],[-86.144672479,38.020490964],[-86.143213224,38.017976408],[-86.136725295,38.022624161],[-86.130219216,38.023749676],[-86.126734968,38.021948884],[-86.125863853,38.018066721],[-86.110415651,38.021081792],[-86.103369049,38.019477244],[-86.101809408,38.01685302],[-86.094088313,38.016697519],[-86.092664421,38.016967746],[-86.092922118,38.019357131],[-86.090801538,38.021798388],[-86.086649624,38.023867551],[-86.08261527,38.0214909],[-86.072913977,38.02451307],[-86.071525528,38.028810226],[-86.068917838,38.029413877],[-86.063109336,38.028973738],[-86.062310391,38.02772705],[-86.056644704,38.028174994],[-86.052803362,38.033143706],[-86.049427218,38.031913956],[-86.045432977,38.034565571],[-86.046701512,38.038426362],[-86.053111537,38.041536062],[-86.059693551,38.040274476],[-86.061947229,38.042591013],[-86.060189599,38.044200413],[-86.065666186,38.043896614],[-86.06953889,38.041339602]],[[-85.756090633,38.378645495],[-85.74853908,38.379712742],[-85.743186954,38.389371303],[-85.740999635,38.391424106],[-85.738023958,38.391289773],[-85.738556966,38.393722631],[-85.744438269,38.393792877],[-85.747676654,38.397901003],[-85.755397668,38.396318846],[-85.763782653,38.400069644],[-85.769364023,38.399579413],[-85.770424654,38.401346222],[-85.779180221,38.402573517],[-85.780189492,38.399741573],[-85.782475146,38.402025691],[-85.794164614,38.395887117],[-85.796955971,38.392580847],[-85.803562594,38.390222734],[-85.797792724,38.384089688],[-85.789708293,38.385151927],[-85.782131793,38.381858266],[-85.770922554,38.381517873],[-85.770778613,38.378517233],[-85.76862403,38.3781261],[-85.756090633,38.378645495]],[[-84.591138058,39.090274021],[-84.579197525,39.088449648],[-84.568723946,39.093972855],[-84.567371483,39.095278079],[-84.568411443,39.096419993],[-84.566681541,39.100843555],[-84.567470565,39.102318255],[-84.565187828,39.105828176],[-84.566672331,39.109648348],[-84.572402639,39.110302017],[-84.580086458,39.115702253],[-84.588965511,39.112525727],[-84.592710983,39.115770404],[-84.598246007,39.116774466],[-84.600620265,39.111696985],[-84.600096163,39.108659896],[-84.607298301,39.105971164],[-84.605234386,39.100919855],[-84.605677311,39.096116264],[-84.603122894,39.089949732],[-84.594271983,39.088551534],[-84.591138058,39.090274021]],[[-84.403941391,39.20535866],[-84.413889805,39.2075642],[-84.418075121,39.204081169],[-84.422691129,39.203708945],[-84.425439984,39.206392851],[-84.432914521,39.208005369],[-84.435227791,39.207037351],[-84.440105727,39.200031608],[-84.451559458,39.200037174],[-84.45257623,39.202565218],[-84.456634768,39.203225794],[-84.464516195,39.200599842],[-84.46391094,39.198896052],[-84.45786096,39.198887552],[-84.448406296,39.195323252],[-84.444696601,39.193003204],[-84.441167576,39.186367385],[-84.438729601,39.186154557],[-84.436096679,39.188227206],[-84.432860302,39.18538527],[-84.429184821,39.185336854],[-84.428243609,39.186699419],[-84.424847023,39.186115484],[-84.420925201,39.190751424],[-84.416448745,39.18869372],[-84.413046677,39.189054908],[-84.411675227,39.192029926],[-84.407839919,39.193833657],[-84.40696583,39.195479442],[-84.408302388,39.197466978],[-84.406116701,39.201591947],[-84.403106284,39.203032473],[-84.403941391,39.20535866]],[[-84.561483401,39.177169364],[-84.554832757,39.173274131],[-84.549106727,39.174249814],[-84.547531358,39.176879366],[-84.548870448,39.180924338],[-84.546114186,39.190215887],[-84.5548747,39.198735242],[-84.556814439,39.195409349],[-84.565778256,39.196366653],[-84.56676281,39.193581241],[-84.571397904,39.190284893],[-84.56892919,39.189725325],[-84.567344055,39.180204516],[-84.561483401,39.177169364]],[[-80.541746912,37.956186239],[-80.53174957,37.955507272],[-80.519956119,37.951555145],[-80.519171011,37.953008289],[-80.50228042,37.953566044],[-80.496406431,37.950918648],[-80.494832371,37.948469967],[-80.492709076,37.948985807],[-80.488255796,37.944531694],[-80.490073765,37.938698848],[-80.487950343,37.935394552],[-80.483768843,37.935903322],[-80.482038695,37.934592603],[-80.482075913,37.931188463],[-80.476951599,37.927744572],[-80.480625034,37.926002255],[-80.479119265,37.921191509],[-80.480215698,37.919186063],[-80.477824224,37.915774018],[-80.485191687,37.909059036],[-80.484152747,37.907372603],[-80.485612791,37.90621055],[-80.479769743,37.895707275],[-80.462571838,37.893001322],[-80.454430486,37.889116145],[-80.449064289,37.889332618],[-80.447176503,37.887847285],[-80.449015949,37.88289814],[-80.44362108,37.878785867],[-80.437191949,37.879606008],[-80.432118047,37.884066424],[-80.423980829,37.880453892],[-80.420711278,37.872305635],[-80.420836576,37.867449952],[-80.417348677,37.866032692],[-80.420207977,37.85675859],[-80.415140263,37.852366616],[-80.412142611,37.852504378],[-80.413010089,37.854383762],[-80.411026,37.856303109],[-80.404032652,37.856207194],[-80.398211862,37.861777237],[-80.392234803,37.863804096],[-80.387711421,37.861581585],[-80.382367691,37.862529091],[-80.38264758,37.860207014],[-80.378355054,37.859102331],[-80.370765756,37.863558253],[-80.371245309,37.86631856],[-80.365677782,37.868693866],[-80.369344076,37.873117151],[-80.367563045,37.876018203],[-80.367882193,37.878980397],[-80.373476988,37.884554212],[-80.370164292,37.887628717],[-80.372373283,37.888727622],[-80.369545428,37.892123275],[-80.368932078,37.895659367],[-80.366972614,37.896124127],[-80.367806128,37.899398545],[-80.36660862,37.901007693],[-80.369032884,37.902530771],[-80.371832373,37.901556388],[-80.376085208,37.902858301],[-80.38123925,37.906839953],[-80.383859675,37.90701122],[-80.3848101,37.912247385],[-80.383887267,37.913823173],[-80.380084043,37.912482069],[-80.373365954,37.916014526],[-80.376091957,37.920305392],[-80.372709617,37.919010914],[-80.371790554,37.919992559],[-80.374454049,37.922685614],[-80.370928793,37.928727037],[-80.371311066,37.93357959],[-80.366439047,37.935358413],[-80.379735502,37.942038546],[-80.381704448,37.941508949],[-80.384773532,37.944288836],[-80.388311926,37.944576981],[-80.394892519,37.941812163],[-80.40596066,37.942892651],[-80.408974448,37.9448476],[-80.410044579,37.943617001],[-80.4269135,37.951844138],[-80.427009333,37.955867598],[-80.430223798,37.960653846],[-80.430256336,37.963398518],[-80.426785092,37.96407306],[-80.427121372,37.966890653],[-80.421646831,37.968446057],[-80.420416587,37.97032492],[-80.421568532,37.973836525],[-80.423754366,37.974700056],[-80.418766708,37.98271782],[-80.407375618,37.988910275],[-80.401061039,37.998678547],[-80.396404816,38.001976821],[-80.399917791,38.004085959],[-80.400611347,38.01011417],[-80.404549992,38.013085368],[-80.403783752,38.014934795],[-80.40750522,38.016621048],[-80.406388985,38.019124982],[-80.413727618,38.024308643],[-80.414529855,38.026823656],[-80.421415294,38.029435841],[-80.424522041,38.032446708],[-80.429046235,38.032731338],[-80.432488734,38.036784323],[-80.459364209,38.052559423],[-80.461785022,38.056827026],[-80.464546329,38.056450135],[-80.475031174,38.062077008],[-80.473390342,38.069087721],[-80.475036497,38.071322024],[-80.479353311,38.070663497],[-80.490199536,38.064062353],[-80.497218313,38.065620539],[-80.501741381,38.064527749],[-80.502319042,38.063016292],[-80.500053153,38.059874751],[-80.505427464,38.053389102],[-80.512856134,38.038755448],[-80.517399592,38.038085565],[-80.51875894,38.03334671],[-80.523259037,38.032531268],[-80.537629519,38.023464674],[-80.538984299,38.008618302],[-80.532376229,38.004226983],[-80.532900474,38.000691325],[-80.538713395,37.996860023],[-80.536419706,37.992962186],[-80.549951071,37.987420383],[-80.551742195,37.984240997],[-80.551701218,37.976876378],[-80.55578794,37.971511028],[-80.55895371,37.961365517],[-80.549491775,37.956302016],[-80.541746912,37.956186239]],[[-80.333515386,38.135511202],[-80.327856589,38.133470735],[-80.321357061,38.126888951],[-80.323610561,38.118604866],[-80.321977164,38.106075781],[-80.311666045,38.10495915],[-80.308623347,38.100675225],[-80.305524231,38.099428075],[-80.301578948,38.092730368],[-80.29781663,38.090639391],[-80.299075173,38.085005086],[-80.293281029,38.079166071],[-80.289419978,38.077576038],[-80.287483456,38.079356497],[-80.283645231,38.079693114],[-80.28137003,38.082511943],[-80.275500013,38.083455674],[-80.278258611,38.087294843],[-80.276098297,38.101233143],[-80.273223818,38.110928066],[-80.270016368,38.114828264],[-80.26692606,38.112118441],[-80.264465361,38.112059548],[-80.258491026,38.119155531],[-80.244121243,38.114066584],[-80.239496596,38.113916366],[-80.233548349,38.117801731],[-80.227698742,38.117810197],[-80.226450284,38.115041379],[-80.222682907,38.115177779],[-80.214931186,38.111090402],[-80.211071962,38.112068954],[-80.21136039,38.11411219],[-80.20895817,38.116980445],[-80.197571021,38.121366038],[-80.193692209,38.120271104],[-80.191262383,38.116329284],[-80.186534261,38.115391807],[-80.186016577,38.118486937],[-80.182286769,38.120681647],[-80.185543778,38.125464966],[-80.191905991,38.129107393],[-80.192810603,38.133306661],[-80.199506227,38.132963354],[-80.207408807,38.135830753],[-80.215083917,38.143191543],[-80.221944349,38.145378634],[-80.222007402,38.148098561],[-80.227058898,38.151006719],[-80.228582394,38.163063575],[-80.231858629,38.166601905],[-80.240686427,38.167021115],[-80.243914353,38.16551536],[-80.247986944,38.167234444],[-80.257929742,38.167003899],[-80.262772849,38.170647534],[-80.274540473,38.173090763],[-80.281090486,38.177751293],[-80.280342499,38.181613694],[-80.282853642,38.187723581],[-80.289421021,38.195488206],[-80.292487725,38.195391281],[-80.301190769,38.199162303],[-80.307379294,38.198763935],[-80.314664418,38.203629251],[-80.318571068,38.197834735],[-80.32381655,38.195311855],[-80.332655377,38.185422144],[-80.343617493,38.184618247],[-80.350641159,38.179772202],[-80.34829416,38.176508989],[-80.345847619,38.167066568],[-80.348985863,38.161323223],[-80.354093429,38.157153822],[-80.345020416,38.144702764],[-80.338892086,38.141122882],[-80.333515386,38.135511202]],[[-88.2363106,38.080270989],[-88.230013021,38.083671781],[-88.229386858,38.086317544],[-88.231528958,38.09086584],[-88.235362149,38.092068004],[-88.241412476,38.088526395],[-88.249656247,38.089691993],[-88.253556024,38.088723182],[-88.254970102,38.090227835],[-88.263608982,38.091011516],[-88.264344819,38.089446773],[-88.262367155,38.087457617],[-88.248421809,38.082815077],[-88.245255144,38.077119578],[-88.243033048,38.07627478],[-88.239117456,38.076193192],[-88.2363106,38.080270989]],[[-86.63315697,39.145722007],[-86.635996626,39.142247596],[-86.635738827,39.140754032],[-86.630889405,39.138507983],[-86.632746228,39.135104373],[-86.631545862,39.133075168],[-86.624714574,39.130254558],[-86.620810667,39.132433596],[-86.615328929,39.13893227],[-86.615927799,39.140761681],[-86.610798733,39.143028452],[-86.608780507,39.151311681],[-86.602390254,39.15444931],[-86.600310205,39.158412546],[-86.590475556,39.166428664],[-86.58723642,39.170791361],[-86.587666853,39.174250464],[-86.591420377,39.174142285],[-86.59117185,39.175185718],[-86.598723724,39.177842994],[-86.598338322,39.180384896],[-86.60056503,39.18135535],[-86.614364961,39.18061724],[-86.615781018,39.179586468],[-86.614957497,39.177110697],[-86.624944023,39.167783484],[-86.626432341,39.16659523],[-86.630730278,39.167653378],[-86.633316056,39.162577435],[-86.638693942,39.159582481],[-86.641001293,39.155014968],[-86.640463892,39.15000369],[-86.63315697,39.145722007]],[[-86.582225259,38.690876339],[-86.575141372,38.68799483],[-86.574651138,38.684433361],[-86.565047329,38.680672291],[-86.56274067,38.684236067],[-86.558710655,38.683043669],[-86.555058458,38.68599883],[-86.546782214,38.687722922],[-86.544261151,38.691834221],[-86.539064479,38.694065245],[-86.532003937,38.704614352],[-86.523968125,38.708901522],[-86.515077455,38.709500544],[-86.5148793,38.717610696],[-86.512855285,38.724117704],[-86.507435313,38.729313555],[-86.50862083,38.73901397],[-86.510040464,38.740356834],[-86.505120307,38.743829046],[-86.502273928,38.743524707],[-86.505849702,38.751363448],[-86.508954806,38.752748855],[-86.51131921,38.75740176],[-86.515101833,38.757853512],[-86.518648351,38.760830843],[-86.516718963,38.763121278],[-86.528726187,38.766271509],[-86.531434796,38.768482169],[-86.532108607,38.770663723],[-86.529020226,38.772903198],[-86.5305053,38.775874156],[-86.528573305,38.777007722],[-86.530588876,38.779415234],[-86.53258945,38.789297499],[-86.525898166,38.793341953],[-86.526493668,38.797406751],[-86.532536565,38.800005646],[-86.531148981,38.802335826],[-86.53216153,38.804462448],[-86.538566338,38.801635489],[-86.539878118,38.80312617],[-86.544013722,38.802671916],[-86.54704805,38.799000986],[-86.558947631,38.799111372],[-86.558493402,38.795989652],[-86.560703265,38.795498886],[-86.563227253,38.798999543],[-86.567317659,38.800388202],[-86.567174552,38.804972998],[-86.572623148,38.807144003],[-86.573315492,38.80450713],[-86.578570736,38.79988935],[-86.579520716,38.794775721],[-86.574321673,38.79243806],[-86.57366758,38.789671018],[-86.57678169,38.788599748],[-86.575542939,38.786605495],[-86.572842985,38.786762757],[-86.575249378,38.784203273],[-86.573420855,38.782304725],[-86.57522324,38.781701701],[-86.574600685,38.779642079],[-86.570722528,38.778946451],[-86.570751761,38.777728837],[-86.577644145,38.776535511],[-86.573814292,38.775088217],[-86.564395829,38.776746916],[-86.564309065,38.770074675],[-86.569089708,38.772121389],[-86.577242972,38.772302147],[-86.577508998,38.774431183],[-86.580351108,38.776680254],[-86.578899539,38.777491899],[-86.579810758,38.778739296],[-86.578282974,38.782674042],[-86.583116232,38.7838794],[-86.585108276,38.781197773],[-86.582884058,38.779817631],[-86.588453998,38.778374601],[-86.586861995,38.776338813],[-86.592038854,38.774462197],[-86.595755426,38.776999256],[-86.599109835,38.774675567],[-86.598350626,38.772313616],[-86.602130088,38.773030284],[-86.607997769,38.777453872],[-86.612113426,38.784494404],[-86.615547285,38.785752703],[-86.617088907,38.78264975],[-86.624976454,38.777658978],[-86.625575546,38.774284712],[-86.630000089,38.770888006],[-86.628181283,38.768078099],[-86.63291695,38.763493605],[-86.630675489,38.760609605],[-86.624219998,38.756226465],[-86.619466511,38.757128908],[-86.617428876,38.753857726],[-86.612404765,38.753168597],[-86.602677447,38.746913929],[-86.609389917,38.744118918],[-86.612760735,38.740571219],[-86.60921141,38.738126119],[-86.612727869,38.735228324],[-86.613789464,38.730602296],[-86.611253152,38.726794971],[-86.606871924,38.728258872],[-86.602380376,38.727525721],[-86.601599287,38.725103266],[-86.607124617,38.715027418],[-86.605294082,38.708829893],[-86.596956429,38.70361321],[-86.593408127,38.703801559],[-86.592794489,38.701399146],[-86.586273081,38.700499797],[-86.585403505,38.698958232],[-86.587323166,38.697262015],[-86.589420107,38.689688261],[-86.586470079,38.689059459],[-86.582225259,38.690876339]],[[-86.465429117,38.713132079],[-86.466113452,38.704149211],[-86.471619771,38.702962135],[-86.472615945,38.699215335],[-86.475744297,38.697810598],[-86.483301249,38.686765532],[-86.484777583,38.673082888],[-86.48232194,38.669956245],[-86.48797166,38.666560517],[-86.488227516,38.659557979],[-86.492582519,38.655312921],[-86.497627824,38.654778713],[-86.500452599,38.656165089],[-86.508664771,38.654623236],[-86.51071335,38.648628997],[-86.507718939,38.648210121],[-86.50471402,38.651561504],[-86.501604607,38.651751462],[-86.493411506,38.649107011],[-86.488622766,38.645816072],[-86.49255385,38.642531308],[-86.489675228,38.639134626],[-86.484261738,38.638583947],[-86.480777187,38.640184963],[-86.480267769,38.637497615],[-86.482139054,38.634694868],[-86.483232788,38.627345193],[-86.490210611,38.630009092],[-86.491793888,38.629346468],[-86.490442498,38.625824992],[-86.4843274,38.625153838],[-86.485754126,38.624141896],[-86.482467814,38.618416462],[-86.476910537,38.618121118],[-86.473341531,38.622735281],[-86.470850683,38.621941425],[-86.469121226,38.617915401],[-86.466346441,38.617414689],[-86.465185446,38.615037178],[-86.461912021,38.616114902],[-86.461625649,38.618094478],[-86.455329726,38.619226748],[-86.454449786,38.622275199],[-86.456674138,38.625541242],[-86.457489145,38.631707488],[-86.462122037,38.635796851],[-86.462188528,38.637939325],[-86.454793069,38.638297185],[-86.449553171,38.642738217],[-86.447596994,38.641238269],[-86.442127138,38.641949698],[-86.427833541,38.650015147],[-86.425029633,38.649457722],[-86.419543192,38.654941971],[-86.419958025,38.658602816],[-86.406381189,38.65607676],[-86.403531689,38.658021611],[-86.40167478,38.655979026],[-86.39630353,38.658229456],[-86.395082597,38.655344162],[-86.390623634,38.653453589],[-86.386842526,38.658417075],[-86.381905378,38.659257945],[-86.380407041,38.662657189],[-86.381577009,38.664083202],[-86.379112127,38.666936152],[-86.373947151,38.664325674],[-86.369380083,38.668109168],[-86.363184556,38.668248778],[-86.35459767,38.661967812],[-86.342595776,38.657730398],[-86.338920676,38.658178822],[-86.338881039,38.663299031],[-86.348246284,38.668525049],[-86.3524716,38.673665132],[-86.351351971,38.677494221],[-86.356585505,38.680579712],[-86.357134134,38.687418949],[-86.361376311,38.693394345],[-86.365890764,38.695127295],[-86.37465887,38.690912273],[-86.384644526,38.694196302],[-86.388498941,38.693414647],[-86.387179197,38.696286737],[-86.391960217,38.698035267],[-86.393213655,38.702253499],[-86.40116615,38.703802231],[-86.401943729,38.701223018],[-86.419824181,38.702173152],[-86.42221869,38.707811089],[-86.430070522,38.709425704],[-86.424843158,38.714115191],[-86.425305633,38.715422643],[-86.430484771,38.716071846],[-86.432410232,38.719441097],[-86.43558281,38.719149309],[-86.436660369,38.721355604],[-86.441761254,38.719813555],[-86.442156437,38.716012893],[-86.443938642,38.717873392],[-86.451272955,38.715792731],[-86.452914974,38.718994618],[-86.460582788,38.719897264],[-86.464073653,38.717174716],[-86.466136906,38.717332233],[-86.465429117,38.713132079]],[[-86.829742441,39.024435494],[-86.829511163,39.020490769],[-86.824148312,39.01601344],[-86.817739892,39.015831296],[-86.812816076,39.011081339],[-86.806710961,39.012320321],[-86.807544143,39.013867555],[-86.802803202,39.016662569],[-86.793734668,39.017993782],[-86.79024575,39.016674311],[-86.788716425,39.018967168],[-86.782274712,39.019691504],[-86.775257816,39.018246447],[-86.764659954,39.025261469],[-86.755464823,39.024059329],[-86.749654239,39.029253978],[-86.741211303,39.026222346],[-86.741679346,39.027738605],[-86.737449344,39.030545434],[-86.73694631,39.032870462],[-86.738129666,39.037556158],[-86.74186132,39.038912053],[-86.743889947,39.04341189],[-86.747298659,39.044955659],[-86.753676315,39.045939463],[-86.757651344,39.043561595],[-86.760370893,39.044675355],[-86.761842587,39.047952469],[-86.766338104,39.047178426],[-86.771894965,39.048528661],[-86.780697408,39.043689165],[-86.786046668,39.042675465],[-86.789588387,39.048105252],[-86.799479998,39.048389911],[-86.814157562,39.042764985],[-86.826505533,39.043161454],[-86.825641011,39.041313746],[-86.828397008,39.037848711],[-86.826944971,39.036065687],[-86.829830295,39.034701652],[-86.832683535,39.030442278],[-86.828585627,39.026961194],[-86.829742441,39.024435494]],[[-87.333716662,39.819290834],[-87.333129454,39.820936738],[-87.3262067,39.823514286],[-87.325407993,39.825829178],[-87.32087002,39.82536132],[-87.317525656,39.828534094],[-87.315323401,39.827771184],[-87.31288241,39.832187986],[-87.314282717,39.837718809],[-87.323890001,39.837578366],[-87.329683928,39.841872709],[-87.348436353,39.839147676],[-87.351461448,39.843194965],[-87.355462996,39.843794723],[-87.35574356,39.833821945],[-87.358213747,39.831812373],[-87.356927432,39.825792383],[-87.358910417,39.823425745],[-87.354177964,39.823398282],[-87.347598704,39.826169773],[-87.343880599,39.825597697],[-87.343711376,39.822493297],[-87.341416406,39.821854661],[-87.342685934,39.818851869],[-87.340650599,39.816131913],[-87.337546388,39.81567244],[-87.336377718,39.818160239],[-87.333716662,39.819290834]]]]}}]}
