{"type":"FeatureCollection","name":"usgs_09380000_nldi","provenance":{"source":"NLDI basin upstream of an indexed USGS gauge","site":"USGS-09380000","index":{"comid":20733845,"reachcode":"14070006009387","measure":21.0042,"request":"https://api.water.usgs.gov/nldi/linked-data/nwissite/USGS-09380000"},"splitCatchment":false,"simplified":true,"requests":["https://api.water.usgs.gov/nldi/linked-data/nwissite/USGS-09380000","https://api.water.usgs.gov/nldi/linked-data/nwissite/USGS-09380000/basin?splitCatchment=false&simplified=true"],"date":"2026-09-06T18:09:43Z","geometry_sha256":"883736418a56ae536d4ee9391a5d3169ab2ac499d9c47edb96123e138ff9947b","geometry_type":"MultiPolygon","area_km2":276443.7,"area_projection":"ESRI:102008","comparison":{"site":"USGS-09380000","name":"COLORADO RIVER AT LEES FERRY, AZ","request":"https://api.waterdata.usgs.gov/ogcapi/v0/collections/monitoring-locations/items?id=USGS-09380000&f=json","drainage_area_mi2":111800.0,"drainage_area_km2":289560.7,"contributing_drainage_area_mi2":null,"contributing_drainage_area_km2":null,"polygon_vs_total_pct":-4.53}},"features":[{"type":"Feature","properties":{"name":"usgs_09380000_nldi","area_km2":276443.7},"geometry":{"type":"MultiPolygon","coordinates":[[[[-111.619129109,36.710633774],[-111.614584048,36.713708104],[-111.614568774,36.721091797],[-111.607646494,36.733319617],[-111.60797449,36.735528685],[-111.603772264,36.740879393],[-111.604201116,36.742820797],[-111.607428748,36.744188194],[-111.607160558,36.745955743],[-111.603752445,36.752572269],[-111.59381081,36.763963472],[-111.59272178,36.76929238],[-111.594108519,36.774916887],[-111.592400268,36.776295746],[-111.593295388,36.790103548],[-111.588681934,36.804728297],[-111.589554154,36.810986123],[-111.586393577,36.817874358],[-111.588337506,36.819836353],[-111.59006886,36.82860487],[-111.586924456,36.836803345],[-111.591424187,36.846927978],[-111.595674312,36.846146243],[-111.600611993,36.850019941],[-111.59890133,36.856137956],[-111.594389631,36.858359663],[-111.597009278,36.861637107],[-111.589928664,36.866229433],[-111.593239616,36.874564895],[-111.587233038,36.881062771],[-111.587305036,36.882891671],[-111.594734656,36.890452387],[-111.592546237,36.892222124],[-111.59635172,36.897327457],[-111.603107197,36.904460626],[-111.611167502,36.909211655],[-111.617280038,36.918207251],[-111.621719142,36.919569581],[-111.629498892,36.927331296],[-111.642951186,36.930926271],[-111.645676483,36.938037953],[-111.649214454,36.939670043],[-111.632494554,36.945032024],[-111.630143181,36.948070389],[-111.631760449,36.950957979],[-111.629390431,36.95434329],[-111.619077017,36.956690127],[-111.61671779,36.958844947],[-111.601258413,36.961174792],[-111.592478181,36.960521528],[-111.59259127,36.965041957],[-111.590801086,36.96832519],[-111.585167714,36.969472561],[-111.594515203,36.970071633],[-111.60191521,36.979487657],[-111.601838506,36.988664526],[-111.610965086,36.992902266],[-111.611530314,36.998060298],[-111.61990853,36.994910527],[-111.630050242,36.994286218],[-111.642413628,36.987023304],[-111.648826781,36.985161739],[-111.658838092,36.978454489],[-111.663363065,36.978129402],[-111.663562199,36.983119316],[-111.668477475,36.987627525],[-111.669725273,36.991585308],[-111.675453066,36.991751242],[-111.678402224,36.996710728],[-111.68599666,36.999924863],[-111.693932204,37.006011772],[-111.691302571,37.008256547],[-111.69160694,37.010094395],[-111.686389661,37.011048577],[-111.685737003,37.01690299],[-111.698713457,37.024523992],[-111.712598386,37.029753535],[-111.71711415,37.034318188],[-111.720936171,37.032989385],[-111.722574986,37.037691969],[-111.729779564,37.037287586],[-111.73392285,37.039184131],[-111.738098892,37.037268545],[-111.748399436,37.037162269],[-111.75244094,37.034356134],[-111.761079381,37.033631797],[-111.765433248,37.031484941],[-111.767559956,37.033924819],[-111.769852292,37.032222109],[-111.774804886,37.032570705],[-111.776202389,37.031029224],[-111.780105706,37.032268762],[-111.782414641,37.031024869],[-111.802525791,37.041330905],[-111.813312572,37.053703702],[-111.820209248,37.052542537],[-111.821727613,37.055405719],[-111.821320829,37.064161876],[-111.824807825,37.069567881],[-111.826390108,37.077244688],[-111.831080496,37.081723826],[-111.83396523,37.081646949],[-111.836268814,37.083822997],[-111.835595768,37.090375763],[-111.841979922,37.093045298],[-111.84751288,37.092910685],[-111.848609617,37.094981066],[-111.845088706,37.096230453],[-111.845154548,37.098825328],[-111.848114924,37.102657902],[-111.844520862,37.105804614],[-111.847373456,37.108074482],[-111.848221015,37.113699824],[-111.851065143,37.117162802],[-111.8503358,37.119019724],[-111.852140575,37.1202276],[-111.861660629,37.118119694],[-111.867682855,37.120350441],[-111.867499852,37.13489573],[-111.863474524,37.13693017],[-111.867377954,37.140966522],[-111.867537399,37.142407911],[-111.865195731,37.14362986],[-111.866476495,37.145494497],[-111.870170781,37.150560717],[-111.876173396,37.151560559],[-111.879007165,37.156810544],[-111.892196027,37.157276803],[-111.894426966,37.159195629],[-111.891876317,37.168877391],[-111.89330422,37.173764119],[-111.890831392,37.179380841],[-111.884812246,37.182389341],[-111.882535238,37.185576608],[-111.885382369,37.187404533],[-111.886633433,37.190689932],[-111.883634152,37.1987347],[-111.884222028,37.203819639],[-111.887095916,37.209275404],[-111.889467503,37.211722038],[-111.895935524,37.212560247],[-111.897790428,37.214815362],[-111.901859303,37.213946446],[-111.906049846,37.215287427],[-111.914935382,37.225207534],[-111.914358947,37.232132239],[-111.907837194,37.238234914],[-111.904420298,37.23884673],[-111.904009306,37.243549666],[-111.896757413,37.25073556],[-111.898400546,37.253692253],[-111.896199681,37.253842582],[-111.894199086,37.257134217],[-111.880950191,37.264374238],[-111.879876223,37.266563048],[-111.881315717,37.268116198],[-111.880675882,37.285814883],[-111.882407663,37.291075153],[-111.87455893,37.3009199],[-111.871027243,37.326829517],[-111.866098259,37.334087993],[-111.861655324,37.337573588],[-111.858530682,37.338067464],[-111.856682026,37.340754575],[-111.851443088,37.361534235],[-111.840700575,37.38738137],[-111.833115548,37.414293392],[-111.832110525,37.428838156],[-111.826620155,37.442047938],[-111.829549231,37.446337981],[-111.825616949,37.448331958],[-111.822113108,37.455159774],[-111.818353657,37.456900624],[-111.819623193,37.479115323],[-111.816759302,37.482270496],[-111.818891549,37.484950944],[-111.819037528,37.488059731],[-111.816319566,37.492835987],[-111.816125879,37.496669007],[-111.816547136,37.501746695],[-111.819290813,37.504895122],[-111.818247239,37.509357144],[-111.814722029,37.511840759],[-111.814522305,37.516650011],[-111.810626328,37.524943741],[-111.812756758,37.531935806],[-111.80832377,37.536908927],[-111.811398797,37.54103842],[-111.811604957,37.544888872],[-111.808284325,37.550675549],[-111.809918342,37.552420724],[-111.81125071,37.559979764],[-111.813313997,37.561225442],[-111.813357615,37.565916804],[-111.819495195,37.565715208],[-111.818960898,37.568016159],[-111.821840598,37.570150279],[-111.817191867,37.585111067],[-111.811467015,37.593728802],[-111.808008969,37.595798843],[-111.807589969,37.604315737],[-111.801261275,37.609442887],[-111.804424848,37.612828583],[-111.803391469,37.615371749],[-111.805392879,37.618944615],[-111.804511542,37.628504781],[-111.8133787,37.630666352],[-111.815203875,37.63482419],[-111.81892534,37.636285379],[-111.826008065,37.634329636],[-111.827036838,37.635539212],[-111.833029659,37.635244275],[-111.838624308,37.641145808],[-111.842823141,37.639427451],[-111.847880221,37.641843947],[-111.84955436,37.647243938],[-111.854663983,37.649755142],[-111.855567243,37.653861995],[-111.86372665,37.662509488],[-111.873252064,37.668979395],[-111.882305739,37.668942757],[-111.889227811,37.671166753],[-111.888384211,37.673635009],[-111.892959314,37.676959724],[-111.894458975,37.682225604],[-111.90125483,37.687249334],[-111.897286605,37.694586907],[-111.892234968,37.69724087],[-111.887781224,37.704378812],[-111.890632439,37.705749266],[-111.888227553,37.709204279],[-111.888605103,37.714114078],[-111.889166263,37.715573617],[-111.892697887,37.716174899],[-111.892149914,37.719933958],[-111.888920286,37.721135887],[-111.879877235,37.730348284],[-111.8749873,37.728436222],[-111.868717723,37.735987427],[-111.868170078,37.7415975],[-111.86427341,37.744334568],[-111.864028436,37.747915657],[-111.864331357,37.749101656],[-111.871185754,37.749560344],[-111.875427372,37.753748543],[-111.876041511,37.755100444],[-111.870888213,37.762634233],[-111.872815811,37.765095713],[-111.879356381,37.765877391],[-111.882165594,37.774454758],[-111.88115787,37.777812706],[-111.882491236,37.784863983],[-111.887128755,37.790111376],[-111.887832752,37.796663186],[-111.892381305,37.799943535],[-111.891185265,37.805460829],[-111.887746079,37.810162431],[-111.881632274,37.813913879],[-111.883299451,37.81764276],[-111.880733591,37.83246175],[-111.881807386,37.833949554],[-111.879248914,37.836943507],[-111.878720896,37.842071664],[-111.879083728,37.845316431],[-111.881805701,37.847682332],[-111.874687559,37.860670821],[-111.87641376,37.863392222],[-111.87334941,37.868989555],[-111.877032752,37.872332373],[-111.873053922,37.879658034],[-111.875815334,37.881528093],[-111.877507575,37.896935525],[-111.885450142,37.902989036],[-111.888239303,37.907902759],[-111.89343502,37.912277091],[-111.891979781,37.914592908],[-111.877397634,37.91882445],[-111.874494757,37.920956398],[-111.875049185,37.922391543],[-111.878907032,37.923099132],[-111.881088541,37.926470352],[-111.877461978,37.929796721],[-111.868439741,37.928955242],[-111.869881088,37.931169177],[-111.868589585,37.938830381],[-111.865146333,37.937708671],[-111.861678544,37.939192041],[-111.863159741,37.944805435],[-111.845455301,37.944155255],[-111.841163453,37.947521575],[-111.834842281,37.94897078],[-111.831866494,37.947592001],[-111.825909301,37.950073556],[-111.815665365,37.949218834],[-111.809937413,37.954492908],[-111.80770274,37.959767139],[-111.802475301,37.963389409],[-111.802426119,37.965486482],[-111.792474496,37.969607082],[-111.783862845,37.962375305],[-111.783557444,37.958418327],[-111.785380837,37.957163238],[-111.784137932,37.955554595],[-111.778111298,37.95401513],[-111.775533441,37.949584214],[-111.767376194,37.950011321],[-111.764127974,37.946196435],[-111.760139865,37.946711721],[-111.75424508,37.94084166],[-111.746612283,37.938723009],[-111.742757306,37.94103425],[-111.74109799,37.942583261],[-111.738902625,37.952353679],[-111.733815147,37.954371832],[-111.72737894,37.965022685],[-111.730095284,37.972279362],[-111.72753598,37.975120343],[-111.728591265,37.977562573],[-111.726204236,37.980970533],[-111.731857802,37.983039152],[-111.727314557,37.987089249],[-111.728096913,37.990432926],[-111.7382378,37.999699243],[-111.736451234,38.003543595],[-111.731758241,38.005634046],[-111.727357647,38.005333125],[-111.724542928,38.012331514],[-111.718480002,38.015913237],[-111.715890073,38.021535939],[-111.719440207,38.027271967],[-111.714039492,38.030197238],[-111.713683778,38.036750612],[-111.716060921,38.040672307],[-111.723325642,38.045335966],[-111.723723541,38.047780771],[-111.717774309,38.050869275],[-111.712137679,38.056352837],[-111.720530738,38.060536926],[-111.714240708,38.069377285],[-111.720902758,38.070004449],[-111.727216516,38.068379306],[-111.73641863,38.073400194],[-111.738996893,38.071907498],[-111.748070921,38.075307541],[-111.755051045,38.074817864],[-111.761412764,38.078291105],[-111.769732445,38.077512292],[-111.777670467,38.084685594],[-111.798149443,38.090010982],[-111.802684515,38.093981899],[-111.800579562,38.098070119],[-111.804716568,38.105518178],[-111.803622689,38.112462419],[-111.809031924,38.11271188],[-111.816102203,38.108221136],[-111.828736075,38.107925563],[-111.830028661,38.110496735],[-111.827509477,38.112248757],[-111.828929348,38.116964056],[-111.832016832,38.119160409],[-111.831651238,38.122028188],[-111.834885742,38.124030419],[-111.83416217,38.128438693],[-111.838600372,38.129005422],[-111.841845078,38.125765511],[-111.848623053,38.124012393],[-111.851812056,38.127930741],[-111.860485498,38.132017721],[-111.860525394,38.136625703],[-111.864483308,38.139831764],[-111.866111259,38.136788358],[-111.869645381,38.134781091],[-111.884715798,38.128898794],[-111.891392515,38.131204747],[-111.892769104,38.137886069],[-111.890379425,38.141148309],[-111.892502748,38.145206346],[-111.888730238,38.151447454],[-111.883250291,38.151758516],[-111.883986247,38.158392089],[-111.880207415,38.163912572],[-111.883783658,38.175341995],[-111.877379231,38.180313449],[-111.873024215,38.186975341],[-111.866044522,38.191312783],[-111.86605568,38.193622701],[-111.86403931,38.196058158],[-111.862042971,38.195546624],[-111.860788988,38.199030845],[-111.856988444,38.198865765],[-111.852288236,38.202637842],[-111.850006618,38.207799465],[-111.853637978,38.213336826],[-111.857976109,38.235475601],[-111.863140973,38.241505472],[-111.863543396,38.245076975],[-111.870291931,38.249397909],[-111.87397409,38.25424568],[-111.87282109,38.256748757],[-111.87534792,38.259150555],[-111.880242742,38.271627903],[-111.883223193,38.273773264],[-111.881877968,38.276916461],[-111.884107427,38.28302877],[-111.893576719,38.29177084],[-111.893645218,38.305889429],[-111.888776092,38.311588553],[-111.895442631,38.313161907],[-111.893046017,38.319464221],[-111.894874766,38.322872071],[-111.889132905,38.325372535],[-111.887399359,38.328575866],[-111.890367246,38.331738779],[-111.889306858,38.337194427],[-111.883304737,38.341707926],[-111.88124013,38.346239285],[-111.882403915,38.348123394],[-111.881103303,38.353784042],[-111.882238788,38.360484474],[-111.860002182,38.379393017],[-111.861752695,38.385029547],[-111.859396239,38.387057824],[-111.863583407,38.392498363],[-111.861038499,38.399882045],[-111.86350734,38.402884877],[-111.859854574,38.406378324],[-111.854926299,38.416374372],[-111.849171339,38.418468531],[-111.848907862,38.424522669],[-111.84475879,38.4278212],[-111.837756957,38.428966526],[-111.833547894,38.44074327],[-111.830116594,38.44155304],[-111.826688664,38.446377151],[-111.822816615,38.461668459],[-111.819780013,38.464534249],[-111.816659489,38.4648007],[-111.813855694,38.471514171],[-111.809941237,38.475725184],[-111.810226719,38.477364312],[-111.814336888,38.476513018],[-111.815050179,38.479307442],[-111.81993782,38.481215598],[-111.817975611,38.484352332],[-111.813166528,38.486586511],[-111.813754412,38.489562569],[-111.808898992,38.49269728],[-111.805352718,38.498302097],[-111.799876278,38.500420507],[-111.795898941,38.514722737],[-111.793390458,38.515478467],[-111.784476082,38.512399518],[-111.762567685,38.525536771],[-111.766947799,38.534732799],[-111.768469968,38.550559329],[-111.771435977,38.55846436],[-111.758985503,38.564650241],[-111.746874428,38.567057478],[-111.744227691,38.572720656],[-111.747808931,38.577102803],[-111.746537323,38.581751508],[-111.738702544,38.58620076],[-111.741652036,38.60069006],[-111.741305924,38.606312406],[-111.739537111,38.607655106],[-111.740661399,38.610561193],[-111.723519958,38.627680212],[-111.718188102,38.634771598],[-111.708778139,38.653090551],[-111.703215664,38.657899778],[-111.701487864,38.671645213],[-111.703130824,38.681617483],[-111.696509914,38.687749969],[-111.697603316,38.696117988],[-111.695428161,38.699110133],[-111.695257143,38.703955814],[-111.689508831,38.710893707],[-111.669149041,38.719735358],[-111.658789296,38.717662649],[-111.655795755,38.718475433],[-111.64788418,38.711750065],[-111.64973955,38.714692677],[-111.647001654,38.716566365],[-111.642516581,38.71618298],[-111.641542767,38.718013621],[-111.64344867,38.721165015],[-111.636967632,38.728511139],[-111.630210496,38.732375489],[-111.628557077,38.738272228],[-111.625601694,38.740307587],[-111.623640152,38.744499022],[-111.618600406,38.745380705],[-111.60260742,38.737119339],[-111.593827047,38.734691712],[-111.591173972,38.732000429],[-111.583959032,38.731290157],[-111.575214148,38.736011013],[-111.569800619,38.744576567],[-111.566724129,38.74530633],[-111.564574726,38.751487034],[-111.550442291,38.759067024],[-111.543394627,38.76152564],[-111.537505577,38.76160115],[-111.535715491,38.761142345],[-111.535740219,38.756670685],[-111.534470673,38.756264609],[-111.520864985,38.765189639],[-111.515128828,38.765122841],[-111.514288519,38.766981732],[-111.512135503,38.767114192],[-111.501115748,38.764849743],[-111.49608176,38.76789853],[-111.49102865,38.768263478],[-111.487017839,38.776731493],[-111.48893965,38.779803154],[-111.48405364,38.785032211],[-111.48327997,38.790429737],[-111.475475527,38.793584317],[-111.47639863,38.799735068],[-111.480048588,38.803514972],[-111.485607117,38.805034474],[-111.485465329,38.812467158],[-111.488771932,38.814420137],[-111.488104339,38.820099946],[-111.489718874,38.825095502],[-111.482732892,38.836186748],[-111.484190008,38.838198382],[-111.482199841,38.846442665],[-111.475861139,38.853902062],[-111.470697425,38.855106855],[-111.469172249,38.858447926],[-111.469093745,38.860281274],[-111.474345082,38.864249904],[-111.471360644,38.866841393],[-111.470445146,38.870030433],[-111.474841895,38.876978148],[-111.480878239,38.877729528],[-111.481180061,38.881290811],[-111.494901685,38.883014995],[-111.500078928,38.889340337],[-111.499572094,38.892748361],[-111.492366515,38.900694918],[-111.499012329,38.908337797],[-111.494279146,38.916692978],[-111.488551036,38.919797985],[-111.488797188,38.924998105],[-111.483277468,38.928337155],[-111.48293029,38.930708759],[-111.478497105,38.929999819],[-111.473743092,38.93325676],[-111.4749828,38.938219418],[-111.47385998,38.942502545],[-111.467621787,38.945066485],[-111.462987224,38.950726728],[-111.453576746,38.950676487],[-111.447795995,38.956952558],[-111.441265528,38.956020317],[-111.440447719,38.960032542],[-111.440898001,38.962576012],[-111.445497045,38.964673755],[-111.44545529,38.974642597],[-111.448298234,38.979228204],[-111.445846583,38.982175305],[-111.447112271,38.986049941],[-111.446151854,38.990268717],[-111.450330324,38.996963608],[-111.461460854,38.998404975],[-111.469741837,39.002231688],[-111.472639269,39.002104721],[-111.478378624,38.997852381],[-111.48699757,38.9990459],[-111.493646671,38.998143088],[-111.499562218,39.000286506],[-111.503259229,39.003009114],[-111.505885929,39.010028729],[-111.506712559,39.018287133],[-111.511592364,39.028154094],[-111.511629148,39.039424012],[-111.50854433,39.044009888],[-111.508529353,39.048194154],[-111.511417098,39.053591633],[-111.516176814,39.05620371],[-111.511611404,39.057453922],[-111.503583068,39.06439046],[-111.498917437,39.065280806],[-111.498067164,39.067143605],[-111.504152151,39.072345519],[-111.496749706,39.105457873],[-111.499001691,39.111804722],[-111.498617321,39.119157099],[-111.477124696,39.124841907],[-111.482122954,39.132126201],[-111.483112189,39.1375564],[-111.486393087,39.142395708],[-111.484368516,39.148616687],[-111.487061757,39.152140704],[-111.488782907,39.158699713],[-111.486903167,39.168642991],[-111.491095797,39.177457032],[-111.49099108,39.182369915],[-111.489738883,39.184989751],[-111.485060845,39.188133975],[-111.483245995,39.197855972],[-111.479411951,39.202108252],[-111.483832115,39.209460515],[-111.4834573,39.214913751],[-111.478168163,39.223089958],[-111.477019837,39.230789033],[-111.474369686,39.235860962],[-111.469035842,39.240279447],[-111.467467948,39.248390085],[-111.46168743,39.245335647],[-111.457453685,39.240237304],[-111.456318281,39.2449664],[-111.450803871,39.251833981],[-111.445298856,39.254420439],[-111.448625625,39.259971747],[-111.446910041,39.265068868],[-111.447967714,39.266835316],[-111.442585806,39.271577156],[-111.445376189,39.283115536],[-111.44752761,39.284546055],[-111.448526141,39.289279345],[-111.445493708,39.291552],[-111.441393346,39.299122384],[-111.45068692,39.308697271],[-111.449204096,39.31062358],[-111.445607614,39.31069174],[-111.443552385,39.312393887],[-111.44074555,39.319275855],[-111.446900824,39.328966861],[-111.452303291,39.333292846],[-111.443598188,39.345773456],[-111.443808632,39.351714763],[-111.437097473,39.357206557],[-111.43568742,39.364527316],[-111.4319043,39.369204925],[-111.428269863,39.369898922],[-111.423915545,39.373456512],[-111.417744246,39.369422016],[-111.412103821,39.368891776],[-111.398505548,39.376650324],[-111.395879287,39.380962076],[-111.395440597,39.385141349],[-111.384806589,39.387947671],[-111.383086388,39.392577546],[-111.384050699,39.39554923],[-111.378074026,39.39942834],[-111.370928421,39.400394677],[-111.371657216,39.405457405],[-111.374871998,39.410482521],[-111.371018732,39.418165645],[-111.363995079,39.419891729],[-111.35856454,39.424170031],[-111.357580837,39.430592668],[-111.359519951,39.435323043],[-111.35374419,39.437391419],[-111.351254406,39.44162121],[-111.345178615,39.440079727],[-111.343079592,39.442436507],[-111.332900679,39.445794159],[-111.327941649,39.454273241],[-111.320293113,39.456847031],[-111.320161064,39.468033651],[-111.326052403,39.471004192],[-111.324852419,39.481505234],[-111.321115474,39.484601185],[-111.319986116,39.493769115],[-111.316321592,39.496516868],[-111.311290661,39.496471283],[-111.312194309,39.500698885],[-111.303547299,39.506899886],[-111.301635206,39.51094872],[-111.303563285,39.513555073],[-111.303116816,39.516741745],[-111.300009202,39.520460361],[-111.301100366,39.527980755],[-111.296593492,39.537881797],[-111.301725806,39.541858864],[-111.300308292,39.546915479],[-111.308881746,39.560433528],[-111.308445109,39.563379621],[-111.304808221,39.565805376],[-111.305093246,39.568090297],[-111.314428523,39.572469101],[-111.315839443,39.574571581],[-111.31511306,39.577648863],[-111.316933327,39.57957791],[-111.310632756,39.58782366],[-111.308675782,39.594604986],[-111.306409092,39.597149703],[-111.308882428,39.603211673],[-111.314239164,39.607032031],[-111.310431135,39.616855686],[-111.315849818,39.62379491],[-111.320896058,39.625922409],[-111.322709329,39.628815488],[-111.329044978,39.629499463],[-111.331040093,39.640751551],[-111.331661238,39.646649257],[-111.328536492,39.649494166],[-111.330321439,39.655525779],[-111.328662926,39.660384855],[-111.329497997,39.664128754],[-111.324688569,39.670349279],[-111.321289532,39.672298559],[-111.317735192,39.67201233],[-111.315509333,39.676432537],[-111.312567825,39.67739701],[-111.312877509,39.689108282],[-111.327493689,39.696836802],[-111.330121521,39.700410455],[-111.328228378,39.702514062],[-111.329926424,39.706168558],[-111.32577092,39.709907381],[-111.323535607,39.715459359],[-111.325285285,39.718566173],[-111.327977261,39.718671727],[-111.334339048,39.724380629],[-111.333454871,39.726804773],[-111.334787768,39.730486378],[-111.331827742,39.736497737],[-111.336703218,39.73883856],[-111.335701522,39.743794663],[-111.333336824,39.743831025],[-111.330400519,39.747800853],[-111.321494035,39.750971258],[-111.327205157,39.757168981],[-111.322773288,39.761934231],[-111.326028367,39.763261129],[-111.329231281,39.767378829],[-111.338104973,39.770301308],[-111.338724021,39.773936545],[-111.350352038,39.776977353],[-111.359547527,39.782345714],[-111.358262299,39.792856626],[-111.360421999,39.79653906],[-111.359955813,39.798955289],[-111.35785477,39.800192705],[-111.358777165,39.809201966],[-111.356611837,39.813132283],[-111.357857964,39.817801777],[-111.356154334,39.82678342],[-111.357125587,39.831748615],[-111.353810611,39.833372995],[-111.349810004,39.831435768],[-111.344235753,39.832644477],[-111.343998995,39.833873116],[-111.333257316,39.837404025],[-111.33507846,39.841751705],[-111.332118875,39.847448039],[-111.32662962,39.848394201],[-111.323908982,39.857271285],[-111.316474361,39.858603601],[-111.311580936,39.855287333],[-111.302575587,39.854741685],[-111.299060897,39.849833702],[-111.296395416,39.849110214],[-111.292372387,39.838545455],[-111.288278889,39.835559419],[-111.281403263,39.834559209],[-111.276090534,39.830242489],[-111.26911638,39.829732654],[-111.25873225,39.826000356],[-111.247934501,39.824975005],[-111.242463094,39.828414485],[-111.237840644,39.826881841],[-111.23514567,39.825101467],[-111.235130335,39.821812901],[-111.22689063,39.820899609],[-111.224190155,39.813019945],[-111.21560889,39.806451764],[-111.209444281,39.807137637],[-111.202566197,39.804061867],[-111.197564341,39.799264077],[-111.194720358,39.799453594],[-111.181037939,39.793959892],[-111.176464799,39.80407029],[-111.177351263,39.813662982],[-111.174404109,39.816132443],[-111.173336975,39.830151722],[-111.16530225,39.833641324],[-111.160346793,39.840237134],[-111.157020739,39.841780816],[-111.157019876,39.844358079],[-111.155045901,39.845758256],[-111.155288973,39.85648431],[-111.150984277,39.860560865],[-111.147777384,39.867559618],[-111.151459447,39.878725389],[-111.15036432,39.892335547],[-111.146368064,39.893538578],[-111.1442395,39.892181979],[-111.130332114,39.890998063],[-111.127728055,39.892103412],[-111.127847726,39.893676655],[-111.117803394,39.896019664],[-111.119360941,39.899961581],[-111.098795926,39.91070729],[-111.089735578,39.924073001],[-111.082780169,39.926768363],[-111.082515213,39.939340881],[-111.103727889,39.944032489],[-111.118472477,39.943293999],[-111.119491091,39.945207374],[-111.126142286,39.94544395],[-111.129389682,39.947219261],[-111.129315843,39.951542555],[-111.120520264,39.956906824],[-111.120734836,39.959838206],[-111.117721784,39.961617603],[-111.119437483,39.964515292],[-111.118897974,39.967889771],[-111.123905707,39.970391488],[-111.129373149,39.970423227],[-111.134427434,39.975165666],[-111.133793107,39.978579348],[-111.135224818,39.980347281],[-111.141776775,39.984352781],[-111.143236426,39.987028268],[-111.152110165,39.984865968],[-111.15974818,39.992073541],[-111.165275067,39.98988692],[-111.167684833,39.990566413],[-111.167115252,39.992770238],[-111.17006316,40.000040159],[-111.168644621,40.003170337],[-111.169281552,40.006513545],[-111.171615048,40.010398395],[-111.174982209,40.01245196],[-111.176999696,40.016049985],[-111.186967891,40.020321659],[-111.189500081,40.022968125],[-111.191653891,40.02965034],[-111.197938721,40.031362093],[-111.200713825,40.036093475],[-111.198438669,40.041143226],[-111.2009995,40.042013718],[-111.203893995,40.046499635],[-111.204220667,40.050666872],[-111.204778833,40.048366656],[-111.212665277,40.044536855],[-111.215635214,40.041124708],[-111.231615759,40.035740813],[-111.237373101,40.037674079],[-111.240258218,40.043107742],[-111.245772141,40.046684085],[-111.246739038,40.053498392],[-111.24939352,40.055192556],[-111.241994913,40.062940505],[-111.240751138,40.066517735],[-111.23565085,40.069889585],[-111.241111522,40.073562959],[-111.237989044,40.080830858],[-111.242624586,40.085668738],[-111.241461967,40.091964348],[-111.235613505,40.097476422],[-111.234505124,40.102194024],[-111.23566896,40.103520585],[-111.229576395,40.106975826],[-111.22599688,40.118803988],[-111.221349182,40.124767374],[-111.223977898,40.132883013],[-111.224753355,40.142802093],[-111.231469473,40.148020035],[-111.226881909,40.155595185],[-111.225506961,40.159922383],[-111.227250303,40.162216931],[-111.225166956,40.165286903],[-111.225356831,40.167129631],[-111.235028988,40.17602045],[-111.235348477,40.180863997],[-111.239016867,40.182858279],[-111.248238372,40.19394074],[-111.258498464,40.198114696],[-111.256610254,40.201057638],[-111.263858219,40.205505446],[-111.265045403,40.209094732],[-111.263911287,40.211560074],[-111.25695362,40.210991013],[-111.247992687,40.214586311],[-111.228913638,40.21722267],[-111.218924863,40.216769263],[-111.215375021,40.218685435],[-111.195085494,40.216326002],[-111.183547626,40.218083704],[-111.188445524,40.223053773],[-111.186635058,40.226513475],[-111.187810072,40.229550453],[-111.18695406,40.231382396],[-111.180381601,40.234581688],[-111.173001499,40.247153258],[-111.174215229,40.250708007],[-111.172883541,40.263452026],[-111.176424481,40.283792518],[-111.165696679,40.292791484],[-111.165700897,40.295187579],[-111.162648633,40.297293627],[-111.161420336,40.301118781],[-111.155907195,40.304734502],[-111.154059699,40.30928286],[-111.148597055,40.313640049],[-111.135970793,40.314162692],[-111.135911361,40.319688642],[-111.139118654,40.327783356],[-111.148939061,40.334166696],[-111.14837555,40.341126883],[-111.151074431,40.346925702],[-111.164642844,40.352862693],[-111.165871836,40.362084648],[-111.162448466,40.367547463],[-111.165923704,40.372543589],[-111.174574696,40.374863175],[-111.174626408,40.381433709],[-111.177101362,40.390018817],[-111.187600812,40.39688556],[-111.185789664,40.400363159],[-111.185896498,40.405772264],[-111.181244989,40.408150401],[-111.18057839,40.412198244],[-111.174051198,40.414529626],[-111.179491153,40.420547081],[-111.178687217,40.426803877],[-111.181232986,40.433282771],[-111.184802605,40.435126957],[-111.185550705,40.437823269],[-111.16916742,40.450317042],[-111.16470426,40.450652905],[-111.155606294,40.454588279],[-111.141486578,40.462810705],[-111.135072143,40.459915976],[-111.129745673,40.463153929],[-111.120125958,40.464709119],[-111.114292767,40.467852638],[-111.108332136,40.467897244],[-111.093276887,40.46251507],[-111.09105796,40.464830849],[-111.078878571,40.464585253],[-111.06672444,40.466789131],[-111.065110736,40.469511644],[-111.057702749,40.471939577],[-111.039913943,40.473257809],[-111.037704829,40.475203635],[-111.030199797,40.476861698],[-111.032653856,40.47991245],[-111.029100402,40.490414643],[-111.020580342,40.49112447],[-111.009202913,40.496931688],[-110.996413335,40.499883963],[-110.994153884,40.51479799],[-110.98631339,40.5153287],[-110.984501481,40.513610457],[-110.97935896,40.51493549],[-110.976719555,40.517529761],[-110.969720722,40.517427306],[-110.956033421,40.505511084],[-110.95059331,40.50371801],[-110.946286786,40.504981412],[-110.943587614,40.5081847],[-110.939285281,40.507651904],[-110.932739243,40.510501913],[-110.931761482,40.514831742],[-110.933784615,40.518452251],[-110.919778385,40.521199501],[-110.926987656,40.525322846],[-110.925378784,40.525937618],[-110.92493427,40.528595059],[-110.927046175,40.533177554],[-110.925118092,40.536274934],[-110.926941485,40.537891959],[-110.943760214,40.544936549],[-110.948971912,40.550491478],[-110.954390033,40.550722066],[-110.955501515,40.551794273],[-110.954348466,40.557261849],[-110.964362309,40.56190723],[-110.966842903,40.561542056],[-110.978265658,40.571904587],[-110.975873917,40.575283827],[-110.954607211,40.567717175],[-110.951280848,40.569429449],[-110.948367681,40.576067003],[-110.933817605,40.585166135],[-110.931311905,40.594804418],[-110.931488593,40.60089557],[-110.937892803,40.616410567],[-110.935887372,40.622353051],[-110.941135934,40.628874107],[-110.930600546,40.633179509],[-110.925912702,40.63883189],[-110.922795375,40.637717425],[-110.921684891,40.639329989],[-110.914554378,40.639715361],[-110.915722877,40.647613803],[-110.908074347,40.656145664],[-110.911304058,40.664552225],[-110.906735261,40.675231791],[-110.899525106,40.679779879],[-110.891667851,40.680462373],[-110.901950986,40.685507586],[-110.901386265,40.687645344],[-110.905238745,40.694166155],[-110.903360966,40.699000605],[-110.90322825,40.706566091],[-110.896876954,40.712635008],[-110.88565205,40.714949969],[-110.884998596,40.716617173],[-110.887371582,40.719760502],[-110.891211593,40.720018621],[-110.89464363,40.723507053],[-110.891543722,40.727933784],[-110.886472275,40.727030846],[-110.875263771,40.728334221],[-110.861199502,40.721359395],[-110.847473475,40.725269542],[-110.839415123,40.719933225],[-110.831586675,40.717958959],[-110.823691316,40.710444099],[-110.805436744,40.711845715],[-110.795046884,40.717666951],[-110.78339948,40.730903489],[-110.774380365,40.731432497],[-110.764925957,40.737321124],[-110.766363866,40.741305462],[-110.757182429,40.742431422],[-110.750671622,40.747751709],[-110.742061461,40.744522491],[-110.733630368,40.746685755],[-110.729314926,40.745215925],[-110.721548279,40.74546222],[-110.719015361,40.749074848],[-110.711690277,40.75269382],[-110.700666532,40.747330051],[-110.696440009,40.74676484],[-110.684534051,40.760106861],[-110.681500408,40.780088384],[-110.684182624,40.782712773],[-110.685651255,40.789255897],[-110.682081378,40.793457353],[-110.684471158,40.800265068],[-110.682819949,40.804507957],[-110.686680396,40.811031296],[-110.688192856,40.818569254],[-110.691241696,40.821576834],[-110.692161938,40.824404327],[-110.690931368,40.828197044],[-110.695698854,40.835428255],[-110.700284331,40.83822405],[-110.701105062,40.843445033],[-110.705968169,40.851931725],[-110.700046811,40.859792357],[-110.699642522,40.862971152],[-110.708072415,40.864616133],[-110.709534425,40.868597556],[-110.691823957,40.877708456],[-110.69067558,40.879894547],[-110.696477818,40.881872596],[-110.69542123,40.886237232],[-110.697013161,40.892649207],[-110.692996695,40.894490082],[-110.690748707,40.898799412],[-110.686556177,40.899527269],[-110.6848873,40.902234497],[-110.686510543,40.90915982],[-110.684469092,40.910906307],[-110.67716123,40.911409027],[-110.676626211,40.917593794],[-110.670183923,40.924202821],[-110.67035673,40.927631168],[-110.666219748,40.934366277],[-110.673514729,40.938867059],[-110.679778319,40.952543925],[-110.691852482,40.960004405],[-110.690926939,40.964513813],[-110.701077187,40.966686424],[-110.702005285,40.965574416],[-110.721579428,40.974927204],[-110.727963796,40.975084172],[-110.730775916,40.977023408],[-110.733150999,40.984881761],[-110.724180802,40.990822166],[-110.722804196,40.995497953],[-110.71920507,40.999587064],[-110.720165558,41.002088457],[-110.71807625,41.006703043],[-110.711299152,41.01204174],[-110.707490894,41.023171107],[-110.705559159,41.02412436],[-110.704357536,41.032884089],[-110.707563829,41.039923118],[-110.719347031,41.052000933],[-110.722931911,41.052171959],[-110.725689007,41.055171114],[-110.730196335,41.055710283],[-110.732469331,41.058196825],[-110.745041777,41.058884634],[-110.74647571,41.062243105],[-110.743877483,41.063277713],[-110.743181438,41.067882153],[-110.745050518,41.072491949],[-110.744587312,41.078604322],[-110.74289427,41.080726285],[-110.74529604,41.086095159],[-110.74487048,41.089278303],[-110.716333058,41.102699032],[-110.714594275,41.110771824],[-110.709585421,41.116940361],[-110.70973631,41.120287276],[-110.713131497,41.120359184],[-110.71090011,41.123331228],[-110.710901642,41.126529191],[-110.705221865,41.131311353],[-110.705404537,41.13495334],[-110.709434111,41.139485819],[-110.706729533,41.141183187],[-110.705936859,41.152798768],[-110.702743535,41.15600613],[-110.705543487,41.161578813],[-110.704198387,41.163764566],[-110.705699728,41.164883916],[-110.718651154,41.162296172],[-110.719271045,41.163945707],[-110.717094086,41.167637203],[-110.718682863,41.172869449],[-110.716609254,41.178052218],[-110.71966318,41.183094354],[-110.735564818,41.19070726],[-110.760154675,41.18158828],[-110.767892386,41.175402637],[-110.775110408,41.173192851],[-110.776906421,41.179115929],[-110.77026545,41.183958141],[-110.769188848,41.18923693],[-110.775647359,41.193909291],[-110.772920015,41.196516618],[-110.771916317,41.211458299],[-110.790390405,41.213619061],[-110.79446324,41.207505129],[-110.79953392,41.204268918],[-110.81013114,41.203067981],[-110.814009169,41.204073084],[-110.810461692,41.210512192],[-110.810521283,41.214631291],[-110.81638604,41.22089321],[-110.82115573,41.221820587],[-110.824407894,41.224296296],[-110.817510696,41.228150564],[-110.812008187,41.233820939],[-110.814325155,41.238765906],[-110.807153242,41.244061856],[-110.807319266,41.248806536],[-110.80363735,41.253847529],[-110.807695782,41.256569935],[-110.808915101,41.261632603],[-110.807480324,41.265156916],[-110.81016994,41.26746258],[-110.803538666,41.271612066],[-110.802824998,41.274236296],[-110.809695045,41.283394754],[-110.820044975,41.285040806],[-110.829012806,41.283981025],[-110.828940639,41.2878033],[-110.837772174,41.290824971],[-110.839684158,41.294670864],[-110.828552242,41.297327694],[-110.833289622,41.304717006],[-110.830636415,41.30908665],[-110.830741847,41.314318915],[-110.833867906,41.318952641],[-110.816870684,41.325005673],[-110.818864744,41.327642799],[-110.81395607,41.330846543],[-110.813365988,41.335147848],[-110.815128013,41.340943613],[-110.82289902,41.342297728],[-110.829380739,41.347001283],[-110.826959856,41.350972783],[-110.829388672,41.353235987],[-110.830313473,41.357656453],[-110.821761795,41.363109279],[-110.821871123,41.364925677],[-110.830785675,41.369494158],[-110.836816216,41.368206442],[-110.848046943,41.368700918],[-110.851642641,41.367241151],[-110.859296914,41.368954777],[-110.865492869,41.366262155],[-110.867361441,41.368039281],[-110.884992693,41.366767387],[-110.894923077,41.362536675],[-110.908355847,41.353237017],[-110.909396123,41.355963991],[-110.905762897,41.359070703],[-110.908480416,41.368824282],[-110.90620746,41.370176229],[-110.906758035,41.37370266],[-110.89876493,41.379012995],[-110.894976769,41.385786701],[-110.891907358,41.385960805],[-110.892397871,41.390489573],[-110.890140275,41.392461512],[-110.892748801,41.397006163],[-110.899273289,41.40091608],[-110.906633868,41.401060329],[-110.906598561,41.403656043],[-110.901843224,41.406039699],[-110.899739362,41.410007687],[-110.884115453,41.417255584],[-110.884197744,41.427139335],[-110.88872029,41.428935564],[-110.885006651,41.430102598],[-110.882941985,41.436470626],[-110.879790079,41.437556904],[-110.874344402,41.443222039],[-110.874596076,41.446868474],[-110.887913151,41.447481689],[-110.887512641,41.451508716],[-110.890020705,41.455646982],[-110.880313688,41.46166678],[-110.877320123,41.46634884],[-110.87493175,41.474235369],[-110.878901998,41.475670786],[-110.873990418,41.478415652],[-110.873656594,41.480429384],[-110.867458248,41.485206789],[-110.866975892,41.493069792],[-110.869454045,41.495420787],[-110.872290148,41.495708554],[-110.872679237,41.499482237],[-110.877749066,41.499440063],[-110.879496241,41.501731137],[-110.873271203,41.51040101],[-110.875397123,41.512493183],[-110.886248487,41.515238398],[-110.887239643,41.517131296],[-110.890027428,41.517516659],[-110.892004958,41.521627372],[-110.890252435,41.524301128],[-110.891196231,41.52791686],[-110.884676883,41.532916947],[-110.885117457,41.538579132],[-110.880914916,41.54602299],[-110.883436613,41.548815312],[-110.882537539,41.552175787],[-110.88441933,41.555533694],[-110.889820558,41.558708306],[-110.887912957,41.56462703],[-110.895681897,41.567475064],[-110.904226998,41.567634646],[-110.906595298,41.5693125],[-110.909150668,41.56848668],[-110.912283201,41.57002415],[-110.912310945,41.572780438],[-110.916489884,41.574396824],[-110.91123493,41.580375027],[-110.913916011,41.591524781],[-110.916220133,41.595074964],[-110.925133292,41.595911417],[-110.921972676,41.601307748],[-110.92519795,41.60752779],[-110.919734123,41.6126063],[-110.921148738,41.616733512],[-110.918837691,41.623825253],[-110.922994883,41.626142051],[-110.924779099,41.633679237],[-110.922917404,41.636500988],[-110.920063994,41.650366504],[-110.913188024,41.653700194],[-110.909748747,41.657878701],[-110.90998839,41.667214666],[-110.906916433,41.670116024],[-110.898382949,41.673174744],[-110.899952182,41.677293937],[-110.891284983,41.678081853],[-110.884509245,41.68629269],[-110.873511777,41.69286296],[-110.868792896,41.6931413],[-110.864688693,41.696015319],[-110.869249765,41.704433293],[-110.859570038,41.706822974],[-110.857495327,41.706004236],[-110.854269488,41.708558269],[-110.84741837,41.70838509],[-110.845211781,41.706388811],[-110.832677277,41.703042083],[-110.815575337,41.704024902],[-110.80928612,41.699928972],[-110.793771456,41.701585597],[-110.793620324,41.699807349],[-110.780297334,41.69897907],[-110.778801037,41.697632184],[-110.779848006,41.695828698],[-110.774472772,41.69594947],[-110.774000476,41.693291511],[-110.770624726,41.693937593],[-110.763282651,41.691275031],[-110.757902203,41.691897129],[-110.757215795,41.689485487],[-110.754912974,41.688346121],[-110.7331308,41.686115353],[-110.732260153,41.684097001],[-110.723466651,41.678507123],[-110.714911127,41.677410955],[-110.69782396,41.677120976],[-110.683765454,41.683622751],[-110.683128859,41.686558655],[-110.68452419,41.68896198],[-110.672344415,41.688157821],[-110.671124391,41.690677377],[-110.672283356,41.693949489],[-110.678698698,41.699670918],[-110.67504575,41.700741556],[-110.674799157,41.702288681],[-110.678000025,41.707188356],[-110.669507115,41.709083148],[-110.666737468,41.711268741],[-110.664355119,41.710830096],[-110.659354307,41.716001857],[-110.656305473,41.715971276],[-110.654914873,41.72188583],[-110.652298342,41.724189126],[-110.653071345,41.727635066],[-110.645863503,41.734788973],[-110.635271046,41.734264747],[-110.622081492,41.737220622],[-110.620410056,41.744069663],[-110.621553944,41.748993063],[-110.619733859,41.754083938],[-110.623102332,41.762475044],[-110.622178644,41.765044867],[-110.632893793,41.765599056],[-110.632259475,41.774186665],[-110.629750884,41.773709647],[-110.62661554,41.775683702],[-110.626526742,41.77899853],[-110.617662048,41.782519098],[-110.617992832,41.786109176],[-110.608478507,41.793342797],[-110.607563894,41.80017421],[-110.605414129,41.800751517],[-110.603337772,41.805565131],[-110.598332858,41.823651871],[-110.599720513,41.828792877],[-110.598537062,41.832578177],[-110.612289838,41.83670601],[-110.612971739,41.840981194],[-110.609922501,41.85616518],[-110.621393624,41.858729053],[-110.624700263,41.862087549],[-110.638355893,41.868133727],[-110.639308478,41.86974514],[-110.637694489,41.873188183],[-110.640229622,41.877125518],[-110.648252766,41.878376342],[-110.652447035,41.881278818],[-110.661647586,41.882008247],[-110.664052054,41.885229929],[-110.673388087,41.889504941],[-110.673865992,41.892569985],[-110.666452491,41.896492715],[-110.663936107,41.899995122],[-110.671504784,41.910414832],[-110.688394707,41.919986175],[-110.696023697,41.922358144],[-110.726284359,41.926623429],[-110.728322929,41.924393658],[-110.733757953,41.923930659],[-110.737441679,41.928405063],[-110.744032221,41.932504537],[-110.744940833,41.934909563],[-110.749271351,41.937053113],[-110.757358612,41.935550033],[-110.778000531,41.935464355],[-110.779397592,41.938560454],[-110.774992648,41.953053335],[-110.782911557,41.959427524],[-110.795890097,41.962819695],[-110.804317541,41.962013665],[-110.797223277,41.968534975],[-110.79671503,41.971563836],[-110.800351971,41.980534746],[-110.794944625,41.987256517],[-110.795679079,41.99529241],[-110.794051719,41.998531096],[-110.788523492,42.001126577],[-110.788101693,42.002752083],[-110.788207238,42.007579675],[-110.795744044,42.011345177],[-110.795858399,42.013982032],[-110.800140894,42.015970232],[-110.796144293,42.019638356],[-110.800699914,42.022883538],[-110.800700647,42.02529814],[-110.79701069,42.028675305],[-110.799920538,42.033600496],[-110.797709627,42.035515293],[-110.799224198,42.038168815],[-110.793509261,42.042802866],[-110.794562337,42.04626158],[-110.799480021,42.051869488],[-110.796646378,42.055506227],[-110.795213112,42.066937304],[-110.80014546,42.072579867],[-110.799472789,42.074943963],[-110.801944949,42.07812249],[-110.802732104,42.086613613],[-110.801336553,42.090270167],[-110.795146457,42.094423327],[-110.791880679,42.099189374],[-110.795475188,42.103657853],[-110.795167297,42.107420159],[-110.797655172,42.112370472],[-110.794635261,42.118229304],[-110.795079918,42.122843556],[-110.793350348,42.125861891],[-110.797395724,42.132824121],[-110.795577743,42.133787706],[-110.798468888,42.136849529],[-110.79729855,42.140105772],[-110.783927377,42.151963319],[-110.786196278,42.154540314],[-110.790432417,42.153778925],[-110.802163197,42.155640149],[-110.807047236,42.162720236],[-110.804662659,42.167968514],[-110.806467731,42.170087565],[-110.804879786,42.175256774],[-110.809258795,42.177877881],[-110.812325137,42.177473472],[-110.810467386,42.185330962],[-110.801953358,42.189898233],[-110.801976189,42.192186683],[-110.811332022,42.201397493],[-110.805810882,42.207550441],[-110.808683783,42.219031702],[-110.807710268,42.226486274],[-110.808963558,42.229182586],[-110.804826785,42.237534018],[-110.808678566,42.246866451],[-110.806297414,42.249584657],[-110.808435572,42.253072387],[-110.807301825,42.257344219],[-110.810248895,42.261667048],[-110.807132418,42.272835389],[-110.79613294,42.296303616],[-110.796729151,42.300552594],[-110.799406315,42.302286822],[-110.799210927,42.304713136],[-110.795802708,42.308583494],[-110.798067767,42.31240093],[-110.794429298,42.321579653],[-110.789228418,42.328258069],[-110.789230631,42.330384817],[-110.783149047,42.332760525],[-110.764346183,42.349724155],[-110.759681771,42.348288923],[-110.756633792,42.34440984],[-110.756897704,42.340195759],[-110.752857018,42.338204116],[-110.747613721,42.332379626],[-110.743723694,42.331279624],[-110.739188826,42.33441155],[-110.734799345,42.331921583],[-110.716161912,42.339189303],[-110.704791444,42.34703405],[-110.703863069,42.35016419],[-110.699945858,42.351650899],[-110.697182876,42.354775042],[-110.68406855,42.355221911],[-110.672225027,42.360916255],[-110.662099102,42.35827212],[-110.648423727,42.370009339],[-110.642603692,42.363351496],[-110.636708078,42.362664999],[-110.635190269,42.36337944],[-110.634165915,42.368245318],[-110.636778799,42.373649405],[-110.63456459,42.376999091],[-110.639036945,42.382407328],[-110.638527938,42.386477647],[-110.642014618,42.3898946],[-110.643436034,42.403986607],[-110.652138952,42.423644503],[-110.661509976,42.426693708],[-110.663541777,42.431957396],[-110.668445217,42.437802485],[-110.67286253,42.44037829],[-110.674462645,42.444644149],[-110.6732733,42.450016724],[-110.685665288,42.461950395],[-110.687974141,42.467247441],[-110.687443419,42.477783989],[-110.689231086,42.480667608],[-110.692814729,42.482734556],[-110.703141106,42.482865056],[-110.70632269,42.490948418],[-110.704755142,42.510526427],[-110.711463138,42.516018441],[-110.713887424,42.522864463],[-110.713575321,42.526481953],[-110.72070674,42.533508636],[-110.725703035,42.542773479],[-110.729126437,42.570101162],[-110.735986972,42.588725185],[-110.730926349,42.591044737],[-110.723802945,42.590929431],[-110.721070899,42.58418237],[-110.723250122,42.578848179],[-110.721588631,42.575913733],[-110.717628605,42.574248202],[-110.718819014,42.569864017],[-110.716880639,42.56727098],[-110.71568886,42.55125023],[-110.713616107,42.546135687],[-110.709215603,42.539203662],[-110.696388854,42.525331269],[-110.69043816,42.525150356],[-110.682455914,42.528003286],[-110.680529387,42.525950936],[-110.673664766,42.530982626],[-110.673404081,42.535403468],[-110.671532386,42.536423569],[-110.669998619,42.536643488],[-110.667432628,42.530797593],[-110.655708163,42.535116719],[-110.653183352,42.530243107],[-110.635277494,42.534337735],[-110.63114633,42.533285778],[-110.626532316,42.538774494],[-110.615736855,42.541277478],[-110.617959022,42.544504443],[-110.615364864,42.553540637],[-110.617605545,42.556298827],[-110.616327743,42.561579148],[-110.619647056,42.569393499],[-110.617834467,42.57743232],[-110.630679686,42.581153244],[-110.632105913,42.585050844],[-110.626648863,42.596950842],[-110.626956194,42.600447954],[-110.623890222,42.604178362],[-110.628038971,42.60968412],[-110.627405728,42.615459584],[-110.631022624,42.624443093],[-110.629466264,42.628196938],[-110.634748099,42.629988417],[-110.635646069,42.635608805],[-110.63172954,42.639230972],[-110.623253685,42.641461085],[-110.616781743,42.646351034],[-110.616134966,42.65453981],[-110.618203276,42.65731399],[-110.617801089,42.661362703],[-110.621567657,42.664620793],[-110.61800882,42.668916066],[-110.617061357,42.673611099],[-110.613272257,42.677641509],[-110.613688197,42.680569692],[-110.642297805,42.678420671],[-110.642016469,42.687690481],[-110.644765251,42.69790352],[-110.643696122,42.705970312],[-110.645102724,42.709070946],[-110.64253877,42.712585942],[-110.627013156,42.711660383],[-110.623870139,42.717193887],[-110.617254414,42.722523226],[-110.616137392,42.727068955],[-110.617472061,42.73058867],[-110.628408675,42.736152936],[-110.631385029,42.740932426],[-110.636287101,42.742938883],[-110.637135289,42.746917943],[-110.635490262,42.751450573],[-110.63734987,42.756673696],[-110.633795763,42.762609638],[-110.632438558,42.768638951],[-110.638743128,42.774430682],[-110.640571577,42.795543563],[-110.639036088,42.800382458],[-110.64106336,42.803677878],[-110.62893897,42.80299396],[-110.622296591,42.797574795],[-110.594287473,42.792775294],[-110.582570406,42.797354743],[-110.58151451,42.806438449],[-110.582751191,42.808744249],[-110.577398468,42.813421541],[-110.577053127,42.817884511],[-110.581144445,42.824919535],[-110.579507918,42.832990639],[-110.583594771,42.837248044],[-110.584023068,42.851694429],[-110.591479598,42.858565581],[-110.591431787,42.865363232],[-110.596608376,42.871620731],[-110.596163135,42.877057049],[-110.599270615,42.88097593],[-110.597636884,42.887487533],[-110.602114248,42.887786966],[-110.605455215,42.889933628],[-110.608196403,42.897663746],[-110.607625676,42.901035279],[-110.612747805,42.905928805],[-110.615750447,42.905826177],[-110.619860054,42.911069266],[-110.614337161,42.912627685],[-110.609845296,42.916152233],[-110.607269486,42.921430883],[-110.601705342,42.925884591],[-110.60218525,42.930850028],[-110.600006708,42.937216368],[-110.603520778,42.940198486],[-110.605270742,42.946733262],[-110.610089316,42.953895083],[-110.614672499,42.950122547],[-110.620503182,42.950306615],[-110.62251227,42.951530293],[-110.619087147,42.953599608],[-110.622172767,42.959796191],[-110.624578876,42.958942384],[-110.629302256,42.960548063],[-110.630593596,42.967446804],[-110.633741319,42.970622714],[-110.633561389,42.972516614],[-110.636059376,42.973526951],[-110.636287117,42.98175169],[-110.638641219,42.982859993],[-110.638882172,42.986735168],[-110.64229212,42.991335925],[-110.640754007,42.994857587],[-110.644814033,42.999835234],[-110.631728754,42.996945822],[-110.618147443,42.999909291],[-110.610025812,43.003481215],[-110.60043215,42.996571904],[-110.59612772,43.00027742],[-110.587688713,42.99938693],[-110.586255898,42.997885526],[-110.573172771,42.999196985],[-110.570048481,42.996830104],[-110.573277408,42.9881852],[-110.572273866,42.985153762],[-110.563135315,42.969617374],[-110.555815551,42.96830473],[-110.547559921,42.970276489],[-110.543134539,42.974950902],[-110.537946291,42.974342052],[-110.531703239,42.976558611],[-110.526500721,42.98142119],[-110.520037473,42.98341019],[-110.517584339,42.98667005],[-110.518431777,42.995346517],[-110.488227208,43.004623188],[-110.487342232,43.008524686],[-110.480637295,43.012828742],[-110.467394935,43.033571523],[-110.467079669,43.036431954],[-110.469642418,43.040657477],[-110.467462093,43.043809405],[-110.468428522,43.047313703],[-110.450517942,43.050777051],[-110.442446311,43.050203037],[-110.436191735,43.044296318],[-110.422722689,43.045698078],[-110.410636414,43.052102963],[-110.403094027,43.052795533],[-110.386697281,43.059372914],[-110.384161773,43.058434063],[-110.367020049,43.062640707],[-110.354555671,43.06863044],[-110.319743548,43.069954545],[-110.303267528,43.066327263],[-110.296855213,43.067007989],[-110.28282685,43.074608392],[-110.284618185,43.081945605],[-110.272290242,43.083660729],[-110.274408421,43.090219443],[-110.272254365,43.096854374],[-110.270078143,43.09899464],[-110.266645633,43.100628523],[-110.258277761,43.099288847],[-110.254990755,43.101312852],[-110.237415014,43.102903055],[-110.228322312,43.106405002],[-110.224662735,43.10570055],[-110.21256732,43.108126806],[-110.211041037,43.122418307],[-110.206075847,43.123775262],[-110.202635064,43.126881951],[-110.204160961,43.129532572],[-110.1999745,43.131187304],[-110.199870405,43.132659749],[-110.204190959,43.133679158],[-110.203455273,43.135198257],[-110.205318984,43.139170255],[-110.204366751,43.140803191],[-110.192564598,43.145350034],[-110.196762854,43.150183939],[-110.200194664,43.157747809],[-110.199476022,43.163883028],[-110.201558968,43.167941775],[-110.199278383,43.17247637],[-110.199492435,43.179871475],[-110.195454534,43.187727991],[-110.1966308,43.193803352],[-110.202414171,43.199964519],[-110.203026378,43.204064018],[-110.200845414,43.211599618],[-110.195471944,43.215713629],[-110.190741403,43.223241303],[-110.179827163,43.223473163],[-110.166551431,43.218809937],[-110.159259166,43.224067793],[-110.159135923,43.226577028],[-110.157364283,43.227691635],[-110.158404346,43.23531563],[-110.158944379,43.237162844],[-110.169984138,43.242761231],[-110.171657903,43.247107476],[-110.16978439,43.252607677],[-110.171004176,43.260262421],[-110.178433337,43.268406472],[-110.175894057,43.271041739],[-110.178415397,43.272485821],[-110.248835615,43.284979324],[-110.252277436,43.290136436],[-110.252460296,43.297761974],[-110.255370291,43.304106711],[-110.261853575,43.310307182],[-110.261997863,43.315440672],[-110.264871494,43.318185737],[-110.262081782,43.32696151],[-110.265816674,43.329209146],[-110.265451174,43.330550529],[-110.257298736,43.335261892],[-110.239664784,43.350606714],[-110.225809763,43.355302991],[-110.213753569,43.351106159],[-110.20625045,43.355046843],[-110.197890409,43.35628117],[-110.191894342,43.36154622],[-110.193869408,43.363834422],[-110.193489529,43.36853555],[-110.184963854,43.372490421],[-110.18415627,43.375838966],[-110.17756604,43.375224662],[-110.173517178,43.376789341],[-110.168525635,43.380393305],[-110.168486672,43.381887807],[-110.157253745,43.380889763],[-110.156235333,43.378569499],[-110.148383969,43.376600218],[-110.145753265,43.374757109],[-110.142162001,43.367909554],[-110.12968147,43.367787543],[-110.116043377,43.364628845],[-110.112371577,43.367987928],[-110.111912764,43.370149568],[-110.114217876,43.371114599],[-110.113855106,43.374626525],[-110.102085226,43.38300372],[-110.102115081,43.384724117],[-110.107491588,43.387392278],[-110.113337955,43.396703622],[-110.114159747,43.398492422],[-110.112273834,43.402918394],[-110.107816933,43.405577765],[-110.107215088,43.407540528],[-110.10351729,43.406037771],[-110.088451721,43.405925863],[-110.08642654,43.407178006],[-110.085932403,43.408903988],[-110.095615625,43.420103758],[-110.098040335,43.425546163],[-110.098424018,43.429679317],[-110.095258266,43.432428108],[-110.098824519,43.435249987],[-110.097737028,43.436922296],[-110.094052516,43.436676466],[-110.094814735,43.439101359],[-110.091070945,43.442214873],[-110.08555715,43.4427954],[-110.080125475,43.445785807],[-110.076629629,43.443445122],[-110.07013213,43.446602919],[-110.063710027,43.446796249],[-110.062692659,43.45049322],[-110.045497489,43.450786976],[-110.041721095,43.452492847],[-110.032235974,43.449757325],[-110.022022711,43.440761128],[-110.017707503,43.442670537],[-110.015393427,43.441743814],[-110.010876724,43.445226203],[-110.00282702,43.44606858],[-110.001155771,43.44409106],[-109.996839276,43.444251923],[-109.990273598,43.429894525],[-109.982278034,43.427891214],[-109.975118145,43.423825334],[-109.971496928,43.42381457],[-109.968244792,43.420177439],[-109.965424057,43.421073171],[-109.956560495,43.419644102],[-109.947137365,43.421782367],[-109.943443237,43.416351938],[-109.936289018,43.414988595],[-109.934788109,43.409167139],[-109.923045997,43.397695365],[-109.897136053,43.383727971],[-109.878044983,43.378441096],[-109.864777985,43.381033956],[-109.854055757,43.385115621],[-109.839319351,43.381073822],[-109.835878461,43.383043444],[-109.83228934,43.381468291],[-109.823444334,43.381734057],[-109.819338169,43.382662855],[-109.816322556,43.385841929],[-109.798662888,43.390510002],[-109.793106778,43.390200255],[-109.782936644,43.387156428],[-109.777560185,43.380888709],[-109.769882803,43.378338621],[-109.761263116,43.367298457],[-109.758573094,43.366111635],[-109.734220092,43.365528418],[-109.729464891,43.368780831],[-109.710631899,43.374400158],[-109.708159317,43.374239602],[-109.704625849,43.368764986],[-109.694877893,43.366129114],[-109.694113293,43.363075087],[-109.696500238,43.359055328],[-109.694822222,43.357395329],[-109.695131293,43.348431455],[-109.701533015,43.340554172],[-109.698583328,43.330756177],[-109.693745886,43.32455231],[-109.686059322,43.318453059],[-109.67916212,43.317666802],[-109.67765337,43.313697323],[-109.672050533,43.308518263],[-109.67408099,43.304750774],[-109.67188658,43.301001675],[-109.673523874,43.296905296],[-109.681414753,43.293419693],[-109.679844587,43.288856649],[-109.68119692,43.286641642],[-109.685490527,43.285662245],[-109.68547944,43.281862646],[-109.679226676,43.275735563],[-109.678732506,43.273313333],[-109.683554432,43.268976293],[-109.692993595,43.265056942],[-109.682762152,43.259318168],[-109.68221354,43.254868889],[-109.676973437,43.248274431],[-109.674143086,43.247759981],[-109.677003722,43.244503649],[-109.677785658,43.235976688],[-109.672757378,43.233805309],[-109.670433415,43.228219062],[-109.675993513,43.223807071],[-109.674857782,43.221353761],[-109.676199768,43.214805306],[-109.670844834,43.212545364],[-109.670769849,43.209755016],[-109.664685836,43.205816536],[-109.664943612,43.203663594],[-109.659323705,43.202313295],[-109.660624351,43.199288755],[-109.65403469,43.184720808],[-109.655759382,43.182097271],[-109.654538042,43.180586091],[-109.655761712,43.175440775],[-109.650835578,43.166431798],[-109.643896056,43.161928636],[-109.634344758,43.16567967],[-109.630224244,43.163057437],[-109.63073558,43.154838467],[-109.629152282,43.152042012],[-109.630936795,43.148881554],[-109.626204447,43.138087172],[-109.62382794,43.136681963],[-109.624876125,43.133512797],[-109.621030429,43.125912252],[-109.617059182,43.124458589],[-109.612468688,43.125287258],[-109.602940358,43.118844324],[-109.596761437,43.118839797],[-109.585119362,43.109000841],[-109.580787732,43.100918596],[-109.570750793,43.100038101],[-109.568299575,43.094239017],[-109.570088696,43.091774669],[-109.565814346,43.085264736],[-109.560385688,43.082965352],[-109.561646421,43.077502549],[-109.558672358,43.074523454],[-109.553362949,43.072547498],[-109.551559413,43.067187783],[-109.554623057,43.062260312],[-109.552292756,43.060011218],[-109.552867633,43.058848009],[-109.562790687,43.051161202],[-109.570611324,43.049610194],[-109.564537514,43.046519112],[-109.559643953,43.047880282],[-109.55876908,43.044303241],[-109.560970002,43.039681762],[-109.554191139,43.040387136],[-109.549336663,43.037588207],[-109.554129409,43.032672575],[-109.555829291,43.027003359],[-109.553832521,43.02531222],[-109.555700985,43.022111834],[-109.55240676,43.012437759],[-109.543404326,43.010391195],[-109.540718198,43.012639983],[-109.529199274,43.013863144],[-109.522995747,43.009259336],[-109.517756133,43.01109801],[-109.515226528,43.007268192],[-109.510097552,43.009416148],[-109.508223757,43.008732273],[-109.50595609,43.010627325],[-109.502047929,43.010229851],[-109.49415191,43.000934504],[-109.492011692,42.995299693],[-109.484378383,42.993465641],[-109.480940421,42.994754624],[-109.474572722,42.993646075],[-109.471404844,42.990198805],[-109.46690547,42.992021221],[-109.459635516,42.987348696],[-109.459745817,42.982983329],[-109.463037453,42.98184251],[-109.460012798,42.977528391],[-109.455417826,42.974794543],[-109.453993736,42.970029705],[-109.451131885,42.971268891],[-109.443628402,42.970395341],[-109.440412911,42.967539631],[-109.433180369,42.968655956],[-109.431228377,42.964017689],[-109.427799213,42.962159682],[-109.429003118,42.960679115],[-109.411125657,42.955201653],[-109.405158158,42.950538959],[-109.399948001,42.945776833],[-109.40126492,42.943977696],[-109.397917398,42.939205737],[-109.391250846,42.940383412],[-109.384289608,42.939177717],[-109.370776659,42.945526777],[-109.359269285,42.932670189],[-109.356422371,42.924594978],[-109.34547473,42.919109675],[-109.346110273,42.917655615],[-109.339556991,42.898175489],[-109.332307342,42.895448605],[-109.331751139,42.883171721],[-109.330037241,42.881916623],[-109.329544902,42.876755716],[-109.330940482,42.875044784],[-109.327443603,42.873166659],[-109.324135334,42.864131098],[-109.320630168,42.862273872],[-109.317873835,42.857675909],[-109.301334462,42.85177422],[-109.300108122,42.849585639],[-109.292240061,42.845846821],[-109.285764122,42.846213251],[-109.283232318,42.848210363],[-109.278914542,42.845822188],[-109.281447663,42.843252061],[-109.277367803,42.836519516],[-109.271447656,42.83213252],[-109.26960696,42.825084157],[-109.263577315,42.823650247],[-109.260296473,42.815680586],[-109.248227962,42.806940691],[-109.243653576,42.805352204],[-109.240639744,42.808530713],[-109.236248815,42.809162987],[-109.234324917,42.805256771],[-109.231270389,42.80374477],[-109.21596712,42.800855894],[-109.212271701,42.797838415],[-109.210363879,42.793022954],[-109.219813414,42.790384047],[-109.226020026,42.791156584],[-109.228139298,42.786664509],[-109.232987867,42.782855488],[-109.232892408,42.780425448],[-109.236618137,42.77850876],[-109.236169095,42.768434448],[-109.232147654,42.767860053],[-109.229075759,42.764563663],[-109.217480327,42.760310829],[-109.214967668,42.76177192],[-109.213384006,42.76678083],[-109.210314436,42.770166413],[-109.195746163,42.768363903],[-109.186554028,42.762104095],[-109.182330023,42.755864057],[-109.179099983,42.755185464],[-109.1796155,42.751154079],[-109.167613331,42.748025086],[-109.160639717,42.747981396],[-109.160287949,42.743530062],[-109.145455844,42.742746819],[-109.141001354,42.738925372],[-109.132413508,42.737112795],[-109.13268232,42.73342033],[-109.143107639,42.733281672],[-109.147659387,42.727705428],[-109.136682845,42.720920428],[-109.136510514,42.718397046],[-109.134053666,42.718125163],[-109.131680286,42.710274226],[-109.128641812,42.708353593],[-109.137357869,42.70530215],[-109.133791261,42.699229163],[-109.134352227,42.693773198],[-109.12891112,42.686374331],[-109.12775885,42.674995604],[-109.125624204,42.672322997],[-109.126828308,42.670687184],[-109.124178247,42.670040034],[-109.12202869,42.665299398],[-109.118752748,42.666364839],[-109.114708941,42.663308589],[-109.116996566,42.658108017],[-109.113418824,42.651900942],[-109.10816197,42.651457174],[-109.093671168,42.641462614],[-109.094597937,42.629146458],[-109.100018649,42.626120139],[-109.101605293,42.623018034],[-109.108793993,42.621859472],[-109.113865094,42.61717006],[-109.116987727,42.620135028],[-109.12311849,42.618635073],[-109.132851155,42.604930949],[-109.135994813,42.592139553],[-109.134457005,42.588797348],[-109.137366609,42.579257157],[-109.139437095,42.577033665],[-109.150295947,42.571377763],[-109.158063531,42.573516765],[-109.167554277,42.571623802],[-109.166275404,42.568762625],[-109.168925927,42.569034771],[-109.173387529,42.565656855],[-109.172808115,42.563755501],[-109.175459226,42.557530301],[-109.180003215,42.555218096],[-109.184389143,42.555386045],[-109.185910195,42.549148753],[-109.195204573,42.54443132],[-109.196279027,42.543213406],[-109.194411718,42.539970146],[-109.201742552,42.536263311],[-109.203201542,42.53197554],[-109.200194961,42.529542076],[-109.198322123,42.522914457],[-109.199410493,42.520044907],[-109.203654915,42.517130334],[-109.200297849,42.513808734],[-109.204452808,42.507567982],[-109.20097066,42.505710425],[-109.19041985,42.506541029],[-109.18555157,42.504591707],[-109.183919759,42.500973197],[-109.187672265,42.491797912],[-109.181908708,42.489402297],[-109.167664204,42.492480311],[-109.165000864,42.484352293],[-109.158364578,42.485414577],[-109.155039798,42.483077553],[-109.143671365,42.481375869],[-109.141302793,42.477660713],[-109.131915648,42.478236252],[-109.128528359,42.476659631],[-109.128774981,42.472353695],[-109.125004693,42.470938714],[-109.126054602,42.467856104],[-109.124857259,42.46432346],[-109.127149795,42.462735902],[-109.122985896,42.458973448],[-109.120705148,42.454179383],[-109.111330145,42.455693281],[-109.104445152,42.454159046],[-109.100661553,42.45501482],[-109.099022775,42.45347302],[-109.091190174,42.454472382],[-109.082394801,42.449376117],[-109.068741164,42.445902293],[-109.062146992,42.446298449],[-109.057151183,42.443047113],[-109.058707397,42.440968159],[-109.057314534,42.439234995],[-109.060452806,42.43767116],[-109.06048557,42.435128278],[-109.054489363,42.433890208],[-109.031390105,42.435012653],[-109.031000801,42.433194961],[-109.034978218,42.429092302],[-109.029547702,42.427295608],[-109.023715842,42.429545106],[-109.020375967,42.421261745],[-109.003181093,42.427072163],[-109.001979375,42.430710132],[-108.996986529,42.427797339],[-108.991122229,42.427809725],[-108.993257276,42.422732198],[-108.991591869,42.417131413],[-108.968588302,42.414105248],[-108.962612188,42.403987099],[-108.95871785,42.403055616],[-108.951910774,42.398311487],[-108.949760419,42.394237317],[-108.942850716,42.390372812],[-108.939507488,42.385274615],[-108.929230958,42.382206188],[-108.914964321,42.382727927],[-108.913181026,42.379636535],[-108.917381677,42.374545774],[-108.916158729,42.371350775],[-108.911330197,42.36883922],[-108.898079816,42.367727027],[-108.893769369,42.362741839],[-108.895273814,42.360208291],[-108.901897954,42.360964645],[-108.902140764,42.357604055],[-108.909012576,42.354447808],[-108.900209484,42.353689733],[-108.90051979,42.349242433],[-108.888014255,42.348964831],[-108.886560525,42.346211767],[-108.889539267,42.337086135],[-108.873555307,42.3395517],[-108.86738341,42.337485069],[-108.868171991,42.325621362],[-108.864754482,42.318305613],[-108.866371709,42.316277458],[-108.877154272,42.316472623],[-108.881605461,42.313696895],[-108.876098545,42.310335481],[-108.876990374,42.304792956],[-108.871132882,42.298936513],[-108.872576072,42.297117081],[-108.864373345,42.291484057],[-108.867256882,42.285175076],[-108.871284796,42.282942172],[-108.867441825,42.282249142],[-108.866324881,42.279401346],[-108.862216206,42.27789072],[-108.861189732,42.27378061],[-108.857564961,42.272393996],[-108.860207733,42.270204415],[-108.851559243,42.267059782],[-108.851363906,42.263901176],[-108.848290406,42.260598062],[-108.864292902,42.249856546],[-108.865965532,42.245534248],[-108.874001994,42.241789255],[-108.876621154,42.237689473],[-108.875216645,42.232308145],[-108.876836656,42.230276401],[-108.875463146,42.226449859],[-108.862215952,42.219160517],[-108.864015222,42.208426491],[-108.859714881,42.204089671],[-108.858335413,42.199469615],[-108.862384738,42.192733812],[-108.87173623,42.19146722],[-108.868804179,42.182285976],[-108.873280853,42.172996523],[-108.870757403,42.169349847],[-108.870329783,42.163655687],[-108.865242994,42.157538068],[-108.866723429,42.151773816],[-108.85946594,42.1464749],[-108.844836401,42.14872276],[-108.841233196,42.146482149],[-108.841766461,42.143450167],[-108.846593376,42.137080607],[-108.845309436,42.132451475],[-108.840847092,42.127822433],[-108.84258618,42.122413649],[-108.84620687,42.119460446],[-108.848603104,42.114057845],[-108.842084409,42.10873039],[-108.843556327,42.101003087],[-108.85627036,42.094509229],[-108.859681977,42.087285598],[-108.87191109,42.07990474],[-108.880611255,42.07916556],[-108.884084939,42.074285466],[-108.893504538,42.06900991],[-108.900159516,42.060279463],[-108.905398159,42.056894326],[-108.906918178,42.052509939],[-108.903983542,42.050864302],[-108.903190293,42.046596998],[-108.899085158,42.040771622],[-108.906747905,42.034308141],[-108.905756525,42.029315392],[-108.911608814,42.010193775],[-108.917291114,42.006426024],[-108.918645214,41.998894647],[-108.930186414,41.995351938],[-108.938717387,41.98954625],[-108.943096166,41.982794517],[-108.951676354,41.978854397],[-108.95634008,41.965509163],[-108.965298946,41.967556799],[-108.969325725,41.966092622],[-108.97482484,41.968188852],[-108.990116281,41.961158499],[-108.99805291,41.962077554],[-109.013216053,41.951493549],[-109.016878755,41.945393912],[-109.027391103,41.94318822],[-109.032265083,41.945350694],[-109.03573272,41.944931847],[-109.041926968,41.941477906],[-109.054042021,41.938669192],[-109.055079402,41.931203536],[-109.067179715,41.928824232],[-109.060877757,41.92457511],[-109.058225472,41.919257422],[-109.065077402,41.912670601],[-109.068936476,41.90576973],[-109.065455896,41.899375632],[-109.061495179,41.894848212],[-109.055282059,41.892966335],[-109.051844637,41.888872947],[-109.046028696,41.888055286],[-109.045863898,41.886495448],[-109.033791876,41.882729087],[-109.024049474,41.875281259],[-109.025002296,41.874114402],[-109.014131848,41.869140717],[-109.012952013,41.865994362],[-109.017321974,41.863661196],[-109.016327008,41.862354913],[-109.018132315,41.859370682],[-109.010573649,41.859362066],[-109.005437291,41.8550609],[-109.005069088,41.850411201],[-109.016953334,41.843249864],[-109.018246903,41.834456937],[-109.023454054,41.832845096],[-109.018710303,41.830238775],[-109.012011036,41.820744991],[-109.005622794,41.816683519],[-109.002211722,41.816465194],[-108.999482826,41.810214635],[-108.994916434,41.806839109],[-108.998688991,41.802490596],[-108.997189836,41.800834853],[-108.993085944,41.798036199],[-108.983167548,41.799153017],[-108.974661352,41.80389493],[-108.974602744,41.805873617],[-108.968103472,41.812874996],[-108.95578125,41.817037515],[-108.949646552,41.821125329],[-108.941435288,41.822363077],[-108.93837144,41.825894784],[-108.903633047,41.821424951],[-108.894931323,41.824127684],[-108.8900779,41.829740876],[-108.885886169,41.830533505],[-108.891255228,41.834286423],[-108.890115852,41.836583978],[-108.885435449,41.834072558],[-108.872287834,41.832290248],[-108.863323987,41.834548668],[-108.862017471,41.836823547],[-108.854341163,41.834050443],[-108.845658108,41.834918973],[-108.831365141,41.837464909],[-108.829032983,41.839768038],[-108.822380578,41.838365161],[-108.817505005,41.84157888],[-108.788132426,41.835136424],[-108.784058769,41.828759313],[-108.777547915,41.827161593],[-108.771741163,41.82832174],[-108.765314535,41.823661613],[-108.76482571,41.817201863],[-108.761262677,41.818201468],[-108.754519935,41.815899765],[-108.743472313,41.809357795],[-108.732513888,41.807964715],[-108.727369232,41.805587531],[-108.72003915,41.806122076],[-108.718399786,41.807976796],[-108.710829236,41.810116709],[-108.709598593,41.808777213],[-108.705336588,41.809850899],[-108.694205731,41.807166594],[-108.68994443,41.802800444],[-108.691321389,41.800509286],[-108.687822567,41.798846914],[-108.686530557,41.79614379],[-108.682862303,41.795800026],[-108.682566481,41.791215524],[-108.67681354,41.78902897],[-108.668394531,41.789821683],[-108.657258373,41.785234208],[-108.651676323,41.785132614],[-108.642628865,41.780240543],[-108.633330092,41.780781834],[-108.627122787,41.783227196],[-108.617753143,41.775380341],[-108.612047868,41.77517725],[-108.596850598,41.765375586],[-108.587585396,41.764797844],[-108.585820842,41.762656308],[-108.586585778,41.760904347],[-108.584204021,41.758088101],[-108.586447069,41.754917719],[-108.586225045,41.750499862],[-108.58794053,41.746693485],[-108.583867928,41.739655703],[-108.584395637,41.734417264],[-108.591730232,41.733768947],[-108.595676859,41.728980149],[-108.594470174,41.725184373],[-108.595813806,41.719174613],[-108.600686124,41.717392304],[-108.598366884,41.715099713],[-108.598601928,41.711884776],[-108.593612707,41.706439215],[-108.587854184,41.705948213],[-108.586581853,41.701562069],[-108.589534695,41.699021224],[-108.586974235,41.692737605],[-108.592675742,41.68480221],[-108.595784028,41.684149686],[-108.599714431,41.678400899],[-108.606698518,41.67460984],[-108.604955298,41.6714452],[-108.607501789,41.66668931],[-108.601494942,41.664259717],[-108.589183498,41.66613031],[-108.580308127,41.664111001],[-108.562711485,41.669594077],[-108.556781869,41.666757717],[-108.551868804,41.668179095],[-108.53971429,41.665389661],[-108.533301092,41.667290122],[-108.528697748,41.672446234],[-108.525875113,41.672553633],[-108.525580781,41.677025613],[-108.519335563,41.67653724],[-108.515469293,41.673992561],[-108.500714465,41.675547196],[-108.498477478,41.671897431],[-108.493681887,41.669475752],[-108.485715857,41.668498976],[-108.484982648,41.666382906],[-108.469541177,41.667103207],[-108.469346819,41.663726172],[-108.467970598,41.663282533],[-108.464380695,41.664039069],[-108.460225204,41.661587754],[-108.448964618,41.661562435],[-108.4473309,41.65669894],[-108.444749368,41.655315074],[-108.433691261,41.656828868],[-108.431026761,41.65475254],[-108.425480366,41.65731942],[-108.41753892,41.655547289],[-108.416489779,41.652783661],[-108.409205294,41.651606377],[-108.404683448,41.656200054],[-108.389981387,41.651781255],[-108.379582419,41.655785531],[-108.376086639,41.659404212],[-108.378349089,41.659714429],[-108.379421752,41.66205457],[-108.374960212,41.665203735],[-108.36924985,41.665729593],[-108.366957043,41.668234647],[-108.36025483,41.669547723],[-108.359334946,41.669003967],[-108.361730539,41.664429678],[-108.357001934,41.659145426],[-108.360466127,41.655932793],[-108.358976214,41.652604238],[-108.360590656,41.651048875],[-108.36052359,41.648126746],[-108.351719349,41.646556716],[-108.3524755,41.641458772],[-108.350698483,41.640163485],[-108.34598327,41.64044557],[-108.338952793,41.637937902],[-108.325868491,41.642761734],[-108.32426349,41.641952227],[-108.323083701,41.635882737],[-108.313135595,41.638215918],[-108.313662653,41.635288535],[-108.310510079,41.633893959],[-108.313478213,41.629104236],[-108.31577944,41.628467599],[-108.314798938,41.627056139],[-108.318657521,41.618795952],[-108.328147053,41.614698401],[-108.325067492,41.613204303],[-108.323029747,41.606172295],[-108.341043614,41.600747838],[-108.3511719,41.59598468],[-108.353450869,41.593444298],[-108.344103031,41.582880094],[-108.348283434,41.580062142],[-108.346942643,41.57756538],[-108.337259923,41.579912478],[-108.327287276,41.577121903],[-108.322041921,41.573312025],[-108.315854878,41.572532584],[-108.313640951,41.567235949],[-108.307293371,41.565200272],[-108.304951841,41.558922266],[-108.302953851,41.558073539],[-108.291656522,41.560271807],[-108.282334278,41.564232595],[-108.269694969,41.563014207],[-108.263556027,41.564377555],[-108.260389109,41.566734113],[-108.233370387,41.568759916],[-108.22147824,41.573581668],[-108.16783073,41.583987034],[-108.152119581,41.588492736],[-108.139469481,41.586857991],[-108.131878219,41.589671155],[-108.125740333,41.586355855],[-108.105457527,41.566246472],[-108.105829912,41.561432239],[-108.09938762,41.558124908],[-108.10142155,41.553262139],[-108.097871041,41.550160174],[-108.093526575,41.550080605],[-108.091757026,41.547257516],[-108.089725434,41.537371863],[-108.077447427,41.53208257],[-108.075395744,41.527974006],[-108.07242089,41.526490297],[-108.062953895,41.524389065],[-108.05656377,41.520895853],[-108.056659566,41.517479529],[-108.058494109,41.515413747],[-108.050666287,41.511192699],[-108.050158599,41.507607507],[-108.052248747,41.503449948],[-108.042649263,41.49918896],[-108.019506578,41.501008555],[-108.014827361,41.500428291],[-108.012275508,41.498328434],[-108.008143196,41.498540857],[-107.996288163,41.502489021],[-107.987102226,41.509256766],[-107.978263866,41.511476039],[-107.982565532,41.515412429],[-107.981456188,41.520908705],[-107.976358767,41.524654371],[-107.977070887,41.53068802],[-107.976013106,41.531782468],[-107.952014652,41.543813631],[-107.950917165,41.538893575],[-107.944621097,41.534776323],[-107.94338682,41.529644301],[-107.938087978,41.524309667],[-107.932722145,41.512490707],[-107.918639699,41.500716336],[-107.891126188,41.483163354],[-107.881309642,41.485858515],[-107.881518082,41.490394676],[-107.876544545,41.498118614],[-107.87722163,41.500126073],[-107.875015816,41.501710437],[-107.873910473,41.507748035],[-107.870405266,41.510952632],[-107.856367192,41.505167363],[-107.846421103,41.506884889],[-107.847516082,41.508982429],[-107.842769221,41.512531362],[-107.836515942,41.512597098],[-107.829306146,41.51661004],[-107.83036984,41.519460872],[-107.822985659,41.521781144],[-107.82041243,41.524163459],[-107.815618715,41.524079308],[-107.814695677,41.526997905],[-107.809686522,41.529228503],[-107.808260199,41.533112642],[-107.809550446,41.53420055],[-107.804846002,41.539390038],[-107.794791279,41.541713502],[-107.791476841,41.546823689],[-107.785667439,41.544139152],[-107.780450577,41.547028102],[-107.773653585,41.546929576],[-107.774644049,41.551178261],[-107.767697867,41.553433495],[-107.762918471,41.557040016],[-107.752894456,41.558759837],[-107.744958519,41.563843895],[-107.742058653,41.562859956],[-107.728745889,41.567049179],[-107.72513132,41.565757976],[-107.723802564,41.559610319],[-107.725960607,41.555721563],[-107.723913375,41.555259412],[-107.725634086,41.549400797],[-107.715472134,41.549637395],[-107.706665441,41.546961529],[-107.701932613,41.547842314],[-107.695513105,41.544904953],[-107.694386988,41.54321018],[-107.695579834,41.539845108],[-107.68342095,41.541621976],[-107.678484753,41.540548628],[-107.671741341,41.535812554],[-107.674570177,41.529882353],[-107.671930192,41.526090218],[-107.666920144,41.525019085],[-107.66582113,41.523104383],[-107.664137216,41.524274084],[-107.655713272,41.524041643],[-107.646967622,41.530200546],[-107.633805888,41.534950526],[-107.630285709,41.531982632],[-107.631598582,41.530240606],[-107.629675015,41.527622164],[-107.631529385,41.526085099],[-107.631184256,41.523545594],[-107.624858617,41.520641008],[-107.61888447,41.527096278],[-107.610376958,41.531745384],[-107.60394237,41.534809971],[-107.59980774,41.534680028],[-107.595889029,41.537435602],[-107.589033604,41.538284247],[-107.586012761,41.534032603],[-107.586220513,41.525205377],[-107.58316254,41.519415971],[-107.576458516,41.512613092],[-107.567273743,41.518126452],[-107.553125229,41.524559458],[-107.550903219,41.523567308],[-107.547219789,41.527323177],[-107.542781007,41.528455199],[-107.539484682,41.533784465],[-107.53302451,41.536070108],[-107.533645591,41.544430604],[-107.530828233,41.549136223],[-107.52461082,41.553424716],[-107.517783915,41.55512436],[-107.516091765,41.558072107],[-107.511491451,41.559891449],[-107.503715663,41.540755692],[-107.494858651,41.535889405],[-107.491962786,41.532239773],[-107.48947256,41.532777991],[-107.481965429,41.528159883],[-107.479427663,41.527868928],[-107.471410478,41.534443706],[-107.469358015,41.534505558],[-107.463879621,41.538922802],[-107.462946389,41.542458671],[-107.456171045,41.546675403],[-107.447406348,41.548689349],[-107.444253519,41.551178129],[-107.441523063,41.5497297],[-107.437651167,41.552748837],[-107.433832258,41.549542385],[-107.427500809,41.552518514],[-107.425836413,41.550891157],[-107.42216903,41.551848533],[-107.420718812,41.550650232],[-107.422052157,41.549001799],[-107.413328125,41.546227741],[-107.40501982,41.532889491],[-107.397475374,41.535582123],[-107.395558057,41.533873697],[-107.369719211,41.543469507],[-107.363222687,41.542261689],[-107.35544779,41.544522869],[-107.351487145,41.542514434],[-107.349415173,41.543238355],[-107.341981881,41.538182243],[-107.337588501,41.537808473],[-107.330950605,41.533773844],[-107.32058373,41.534186218],[-107.313897614,41.52667938],[-107.315754327,41.524625294],[-107.310635448,41.515433787],[-107.313805485,41.512868043],[-107.314846881,41.510364166],[-107.313463075,41.509232878],[-107.316929709,41.504679388],[-107.315241039,41.499818993],[-107.322171619,41.496492818],[-107.321648316,41.49206704],[-107.327557606,41.489001845],[-107.327403653,41.482124321],[-107.325152096,41.476752022],[-107.316283845,41.476930652],[-107.312804599,41.472722549],[-107.301857183,41.468783248],[-107.301265493,41.466518981],[-107.312982356,41.458333422],[-107.318044858,41.459488656],[-107.319752589,41.458374559],[-107.32047641,41.453850015],[-107.324388016,41.448361601],[-107.329114355,41.445565547],[-107.333681566,41.446099723],[-107.335993183,41.440293152],[-107.341235929,41.435918581],[-107.348381217,41.435615733],[-107.347964913,41.431208124],[-107.3405458,41.426104838],[-107.341352755,41.422359407],[-107.33645577,41.421448976],[-107.335473038,41.419965134],[-107.339649966,41.416627922],[-107.338955226,41.4117791],[-107.340071692,41.41020262],[-107.337739374,41.40695341],[-107.341560811,41.402479369],[-107.340978495,41.400251439],[-107.330694199,41.398615522],[-107.32880701,41.396188183],[-107.323218582,41.39544006],[-107.322811285,41.390108248],[-107.307958579,41.391323274],[-107.303501915,41.387771679],[-107.304861665,41.386131847],[-107.303337003,41.383131254],[-107.290645107,41.380136885],[-107.290661908,41.376884854],[-107.282888679,41.37536697],[-107.280232234,41.37805217],[-107.274535448,41.377526775],[-107.268766669,41.38004814],[-107.266135123,41.382839391],[-107.270422795,41.385903037],[-107.270519714,41.387789099],[-107.264777767,41.389846059],[-107.261553584,41.38794087],[-107.25847737,41.388400032],[-107.248081134,41.398192126],[-107.244938018,41.396924597],[-107.242505306,41.397656621],[-107.241474089,41.40053926],[-107.223674159,41.404227286],[-107.21984861,41.402862081],[-107.214715415,41.403973264],[-107.207639176,41.397654739],[-107.20698811,41.394373105],[-107.208753177,41.38908071],[-107.205317121,41.38617657],[-107.212970599,41.377374883],[-107.209760687,41.375260703],[-107.197360309,41.373194477],[-107.191303653,41.37000251],[-107.188155626,41.365462024],[-107.167790089,41.366677448],[-107.164441841,41.36493179],[-107.160126485,41.357337901],[-107.163877674,41.344326081],[-107.166017425,41.342019904],[-107.164474212,41.339134914],[-107.165629017,41.333523819],[-107.159359802,41.332751852],[-107.155200802,41.334430284],[-107.15270484,41.332403357],[-107.136908193,41.329686844],[-107.134999946,41.32741962],[-107.134942028,41.321672531],[-107.14289952,41.315629842],[-107.146552822,41.30910818],[-107.152411974,41.303129147],[-107.163184865,41.297577498],[-107.158738028,41.296555512],[-107.150717099,41.290033988],[-107.146445071,41.288668528],[-107.143820713,41.290097584],[-107.14050416,41.279296811],[-107.132225038,41.270602634],[-107.13045184,41.266319063],[-107.122539977,41.259810141],[-107.121150635,41.255319128],[-107.115387419,41.251650487],[-107.113016305,41.24750654],[-107.116804734,41.244885609],[-107.117415938,41.24003136],[-107.127228468,41.231543462],[-107.127772559,41.227820669],[-107.125419448,41.225448264],[-107.12058553,41.224286436],[-107.112443854,41.226336869],[-107.098114121,41.210951343],[-107.096731665,41.206973143],[-107.088069653,41.199447377],[-107.085679969,41.201108859],[-107.077065263,41.201944203],[-107.076039534,41.203732336],[-107.066665119,41.202860417],[-107.061448892,41.198267868],[-107.052935107,41.195530781],[-107.047619728,41.189205483],[-107.035877057,41.185918311],[-107.030289931,41.187471247],[-107.026210536,41.184635901],[-107.016440903,41.18246599],[-107.014175126,41.177266697],[-106.997207085,41.175497007],[-106.991995914,41.170012497],[-106.982112475,41.168598242],[-106.981669513,41.154149765],[-106.976635857,41.151510483],[-106.974904134,41.148828566],[-106.979564195,41.147223091],[-106.980887183,41.14426175],[-106.97971409,41.141074378],[-106.981416143,41.139698815],[-106.994963569,41.13581088],[-106.995604972,41.134041019],[-106.993027341,41.131214376],[-106.99382331,41.128312121],[-106.997711173,41.128356357],[-107.000710454,41.125769268],[-107.00405094,41.126145156],[-107.00773533,41.120315275],[-107.01340097,41.117313638],[-106.997850949,41.112318314],[-106.992183688,41.113732489],[-106.984252708,41.11280152],[-106.980282442,41.109490269],[-106.973244468,41.111131539],[-106.969841694,41.116356358],[-106.96456181,41.109178994],[-106.966236435,41.106057969],[-106.962235766,41.105143861],[-106.960037546,41.100472889],[-106.952717482,41.095873493],[-106.934695866,41.094805631],[-106.925961113,41.092120876],[-106.923219945,41.089214638],[-106.910682529,41.09233637],[-106.904038516,41.091800196],[-106.901428034,41.08999703],[-106.902238404,41.0856311],[-106.898402797,41.082165116],[-106.892143126,41.080418653],[-106.887655269,41.075501769],[-106.884003406,41.074645138],[-106.893676078,41.069860381],[-106.900191484,41.06219979],[-106.905487371,41.06257348],[-106.90824341,41.060470035],[-106.912685608,41.061087377],[-106.913593029,41.059619807],[-106.918670883,41.058605164],[-106.920930266,41.048326348],[-106.927928111,41.039802915],[-106.926600771,41.036305524],[-106.934876002,41.031250654],[-106.938778445,41.022813834],[-106.93780937,41.01985886],[-106.927443169,41.018358665],[-106.926604622,41.014226173],[-106.921742809,41.012735429],[-106.910394335,41.013950118],[-106.906172821,41.012473329],[-106.899013826,41.01424576],[-106.897503253,41.017499006],[-106.89475631,41.017859003],[-106.887671704,41.016345914],[-106.887564031,41.010961332],[-106.876130913,41.004432004],[-106.870351742,41.007311898],[-106.869420052,41.004395643],[-106.85719336,41.004122773],[-106.860999088,41.001113151],[-106.86154457,40.996284958],[-106.850419712,40.990678669],[-106.854957902,40.987619259],[-106.856924329,40.981223314],[-106.859896356,40.983472002],[-106.869984277,40.981454012],[-106.873395248,40.973071536],[-106.86999567,40.962381906],[-106.869916647,40.956459029],[-106.863673843,40.953404705],[-106.86224801,40.941326403],[-106.85634984,40.937379678],[-106.855550257,40.934688265],[-106.851962404,40.93362796],[-106.852445899,40.929691257],[-106.848726687,40.92669026],[-106.852035189,40.924825109],[-106.830410074,40.924038968],[-106.826204694,40.92715768],[-106.824716363,40.931660217],[-106.818351137,40.921633156],[-106.818483768,40.918223861],[-106.811798159,40.916332365],[-106.809640183,40.910500934],[-106.806299361,40.906696779],[-106.805419098,40.902015163],[-106.809353379,40.899803963],[-106.801211243,40.896183558],[-106.797906444,40.896290183],[-106.793663836,40.900880245],[-106.787472421,40.90085834],[-106.788965626,40.902409148],[-106.781548406,40.907024425],[-106.768412634,40.903826397],[-106.767764838,40.897995943],[-106.769854121,40.896693664],[-106.765065059,40.896451533],[-106.76116764,40.894122965],[-106.750526662,40.893810174],[-106.741445,40.890711432],[-106.740929967,40.889440681],[-106.746713942,40.880858909],[-106.738971811,40.871812035],[-106.737127551,40.873443749],[-106.727376682,40.871564742],[-106.706573238,40.875820431],[-106.704613924,40.876539832],[-106.698505455,40.886017583],[-106.691541236,40.888082543],[-106.685423386,40.885503136],[-106.686414888,40.881406154],[-106.680482296,40.874326864],[-106.679387071,40.869116787],[-106.668295961,40.865378138],[-106.667032589,40.859075452],[-106.664624719,40.85895267],[-106.664333414,40.85694792],[-106.658010944,40.853220105],[-106.654660464,40.848827323],[-106.654110413,40.845543836],[-106.662328153,40.84306146],[-106.661308871,40.841184331],[-106.664027689,40.834877358],[-106.66352772,40.827928274],[-106.660700054,40.826949971],[-106.658821284,40.824120585],[-106.644004713,40.821592232],[-106.638610661,40.816923491],[-106.638995575,40.813823775],[-106.635464594,40.811489893],[-106.637736212,40.807627357],[-106.635847076,40.802573701],[-106.635955096,40.792076923],[-106.6431356,40.784669277],[-106.647527894,40.782773196],[-106.649308771,40.780480606],[-106.649700103,40.775556579],[-106.661047001,40.77160587],[-106.663914315,40.766245778],[-106.670251272,40.760910139],[-106.664992517,40.757550959],[-106.661633941,40.752797477],[-106.665514977,40.749048309],[-106.665102138,40.745113363],[-106.662846434,40.743993529],[-106.668899983,40.738742836],[-106.675931516,40.736686178],[-106.671099865,40.732862843],[-106.669638146,40.728527815],[-106.67400446,40.723909745],[-106.669753338,40.720494483],[-106.671593459,40.716312742],[-106.669036282,40.71246821],[-106.668216111,40.706269138],[-106.671122263,40.701337306],[-106.66805288,40.696377817],[-106.672484394,40.688554346],[-106.679271643,40.685872308],[-106.679548832,40.684006235],[-106.687273089,40.682894563],[-106.687104048,40.680720804],[-106.681055931,40.676152408],[-106.687353185,40.672106589],[-106.685546496,40.663012329],[-106.692127221,40.659577156],[-106.692346911,40.656857766],[-106.687351993,40.650002265],[-106.679845005,40.649014228],[-106.682670417,40.647718322],[-106.683309736,40.64468345],[-106.68907862,40.640174541],[-106.687192154,40.634295558],[-106.689636311,40.635062786],[-106.694144199,40.632985113],[-106.697919922,40.627474565],[-106.703807675,40.627854095],[-106.701135572,40.625595495],[-106.706262906,40.615516248],[-106.703247494,40.609724789],[-106.704701788,40.607562045],[-106.694329908,40.595997259],[-106.694822749,40.591876582],[-106.699396764,40.586717405],[-106.698541493,40.583954398],[-106.702413604,40.578105928],[-106.698865545,40.574926774],[-106.69238884,40.563529376],[-106.692241411,40.559448277],[-106.696267626,40.557207814],[-106.697574516,40.553179311],[-106.694017445,40.551300206],[-106.685863994,40.551108392],[-106.684378982,40.545630786],[-106.677945044,40.538524214],[-106.67090598,40.536030541],[-106.669341482,40.532601091],[-106.674378424,40.526996268],[-106.674648436,40.52399392],[-106.670750424,40.520084948],[-106.666584877,40.520071825],[-106.659069282,40.51466067],[-106.661769159,40.512394321],[-106.655970696,40.509447859],[-106.655636977,40.504120487],[-106.657266304,40.500259129],[-106.652845363,40.494149506],[-106.654827687,40.49179018],[-106.659375368,40.49037842],[-106.657336263,40.48885259],[-106.655973741,40.484467077],[-106.663158374,40.480381431],[-106.66684631,40.475941571],[-106.666981784,40.472229572],[-106.664481043,40.469803878],[-106.658307482,40.472140833],[-106.656827081,40.468108565],[-106.654454653,40.467937424],[-106.659548976,40.45926158],[-106.655149797,40.456086696],[-106.651113674,40.455555015],[-106.650357003,40.450854192],[-106.652573211,40.445526362],[-106.65058422,40.440031723],[-106.640354216,40.432963414],[-106.623257867,40.431441159],[-106.622350087,40.430170215],[-106.626538158,40.42676116],[-106.628909585,40.418837493],[-106.619128382,40.404539271],[-106.618124979,40.394500265],[-106.611826128,40.386715005],[-106.612357331,40.380079564],[-106.609765097,40.378216865],[-106.606885776,40.379462562],[-106.600663409,40.376213771],[-106.596590012,40.37875341],[-106.596941525,40.380576474],[-106.594507401,40.38304441],[-106.591473453,40.381129044],[-106.585307902,40.382313669],[-106.576976504,40.378356808],[-106.560836635,40.378481725],[-106.555987664,40.37674936],[-106.555598649,40.372184288],[-106.553866024,40.370173816],[-106.545695096,40.370449894],[-106.544463541,40.372157124],[-106.539156266,40.371011996],[-106.534281372,40.365437149],[-106.529703356,40.36923237],[-106.525981773,40.380019456],[-106.526692668,40.384112357],[-106.524392847,40.386651716],[-106.518567467,40.390910599],[-106.512230081,40.386858945],[-106.510240265,40.389300558],[-106.510162256,40.393606677],[-106.502502552,40.399456538],[-106.50061487,40.40291672],[-106.495391605,40.404124468],[-106.494741184,40.406780489],[-106.489705978,40.411639301],[-106.482156627,40.408472132],[-106.477358148,40.404436996],[-106.477249245,40.39938141],[-106.48040512,40.395849862],[-106.479541449,40.39267053],[-106.481267231,40.389779937],[-106.477929596,40.38958501],[-106.474063638,40.386801648],[-106.471319329,40.382234675],[-106.473148194,40.379606137],[-106.466987809,40.378891006],[-106.465526656,40.377385292],[-106.462951255,40.367686069],[-106.459592238,40.367518839],[-106.457416848,40.365286207],[-106.456121926,40.361154449],[-106.458326753,40.359283229],[-106.457733619,40.358172686],[-106.453196255,40.356920229],[-106.452788989,40.353605163],[-106.44354542,40.346499977],[-106.439441765,40.350123846],[-106.433408573,40.349681991],[-106.42171847,40.352741214],[-106.41900404,40.350305376],[-106.410283856,40.350002645],[-106.407169227,40.34610004],[-106.403239188,40.344995688],[-106.39669092,40.347144581],[-106.389651858,40.34557036],[-106.385776612,40.352415733],[-106.369918154,40.357703676],[-106.365152135,40.356155527],[-106.360440988,40.358578409],[-106.355537345,40.358767044],[-106.349776936,40.352633071],[-106.345371568,40.350266422],[-106.344225889,40.347075239],[-106.338359588,40.34326259],[-106.337581109,40.339888662],[-106.321461735,40.337490246],[-106.313373072,40.330833552],[-106.30618525,40.328454833],[-106.305440241,40.330451957],[-106.299145885,40.330415663],[-106.293886119,40.337542273],[-106.298443784,40.342111964],[-106.297372471,40.346373845],[-106.298666821,40.349407909],[-106.295376261,40.35230339],[-106.295604241,40.354372417],[-106.290974351,40.35809593],[-106.285833068,40.358672709],[-106.283414697,40.355355717],[-106.278649539,40.353602376],[-106.270081026,40.357413894],[-106.265757844,40.361118722],[-106.25908325,40.357083343],[-106.256179833,40.35116863],[-106.253272084,40.350029129],[-106.250953262,40.34053984],[-106.244758172,40.337239344],[-106.23906105,40.327862862],[-106.230574713,40.323308813],[-106.216640928,40.328967728],[-106.196776377,40.325652098],[-106.189148028,40.326668454],[-106.179981548,40.334003465],[-106.17945844,40.337742839],[-106.174358601,40.34348599],[-106.171209022,40.344009755],[-106.162050179,40.342594491],[-106.148337302,40.331849856],[-106.136271595,40.330128507],[-106.13391837,40.336243046],[-106.128049156,40.337792541],[-106.116771286,40.346134856],[-106.105138614,40.350320564],[-106.101054709,40.354106145],[-106.094148847,40.350966169],[-106.087468028,40.350426273],[-106.086060356,40.347356713],[-106.065950958,40.354620937],[-106.062964458,40.357432699],[-106.055269203,40.357628536],[-106.043471203,40.362877522],[-106.035647966,40.369275147],[-106.030108523,40.368477086],[-106.027582984,40.37075887],[-106.019134806,40.373380214],[-106.013691692,40.372789407],[-106.011092198,40.361955009],[-105.998037688,40.362419506],[-105.994928786,40.36450913],[-105.985159737,40.363962612],[-105.978294633,40.357893375],[-105.975875167,40.358234364],[-105.969757564,40.349549561],[-105.961110746,40.347875411],[-105.955808079,40.35488132],[-105.954381255,40.360367978],[-105.938578539,40.366080686],[-105.937587676,40.371813522],[-105.94737877,40.377772762],[-105.946366642,40.384851702],[-105.937040895,40.385858777],[-105.924922771,40.392861766],[-105.920612971,40.401693595],[-105.913570686,40.401529243],[-105.904809872,40.39889735],[-105.903407591,40.400481129],[-105.901689326,40.406303294],[-105.902238655,40.412783546],[-105.897817615,40.417513653],[-105.898699845,40.427111728],[-105.903477929,40.431387772],[-105.897017533,40.448516087],[-105.899852952,40.45427753],[-105.898432864,40.459414708],[-105.89929119,40.465456522],[-105.897389521,40.469220948],[-105.894232368,40.46973785],[-105.891610079,40.476675318],[-105.885242027,40.47711651],[-105.882029107,40.475683119],[-105.872579652,40.478570656],[-105.870637054,40.480589629],[-105.862650849,40.480019189],[-105.854870105,40.486012371],[-105.846394948,40.482775903],[-105.838173255,40.482659836],[-105.835114679,40.480178308],[-105.816201758,40.474927994],[-105.807256513,40.473835558],[-105.808027584,40.471887725],[-105.811278956,40.470588453],[-105.804464638,40.463777983],[-105.807370416,40.453172467],[-105.806028712,40.446737063],[-105.815881914,40.437353741],[-105.814320118,40.428860511],[-105.817412756,40.426355399],[-105.817315902,40.424588663],[-105.814914613,40.420513978],[-105.802109681,40.411100198],[-105.79912788,40.405983025],[-105.790798618,40.39864994],[-105.791141735,40.388123278],[-105.78736155,40.380791187],[-105.781338944,40.376769205],[-105.781657668,40.373508504],[-105.775987029,40.369107784],[-105.773938971,40.36529143],[-105.769266319,40.364513816],[-105.76829461,40.360543499],[-105.759324677,40.355800646],[-105.758688423,40.352680342],[-105.755952127,40.351007767],[-105.753153564,40.351493669],[-105.752272705,40.349158926],[-105.747529516,40.347600527],[-105.742475233,40.349358585],[-105.736722289,40.346572855],[-105.735728791,40.342857606],[-105.730423648,40.33979098],[-105.729235207,40.335147524],[-105.713497636,40.325765608],[-105.698786893,40.321006523],[-105.697993698,40.318313647],[-105.702761554,40.312851698],[-105.70175148,40.31098945],[-105.697367895,40.311191472],[-105.690383726,40.308690261],[-105.691058837,40.304732975],[-105.686008536,40.302835609],[-105.688742103,40.297598021],[-105.687719612,40.29367678],[-105.682398906,40.292076702],[-105.686423525,40.289510572],[-105.686654634,40.287458137],[-105.680677126,40.284672018],[-105.67926255,40.279042835],[-105.681975778,40.278040282],[-105.680718065,40.274440001],[-105.682759879,40.272426009],[-105.67690908,40.267465105],[-105.666144496,40.267215672],[-105.663973832,40.264891469],[-105.657352629,40.263045556],[-105.651645498,40.258444887],[-105.650857152,40.2538296],[-105.644858391,40.250007082],[-105.659795143,40.249399533],[-105.660409943,40.244793265],[-105.665602719,40.23806261],[-105.664424773,40.233432133],[-105.668908389,40.228833431],[-105.667923591,40.226915595],[-105.669113089,40.223659319],[-105.663327255,40.220058065],[-105.669720874,40.220212234],[-105.671052005,40.218104785],[-105.670671085,40.207758502],[-105.677712785,40.202263421],[-105.676608919,40.199446414],[-105.677594682,40.188675364],[-105.675853472,40.186446834],[-105.670803561,40.185568456],[-105.672076466,40.179875916],[-105.668587599,40.17712571],[-105.669968175,40.174544478],[-105.667295702,40.170226892],[-105.671627331,40.165803646],[-105.670718536,40.162968538],[-105.667608959,40.161333135],[-105.668360523,40.159115732],[-105.657520447,40.153763941],[-105.656214419,40.151204305],[-105.647870756,40.150725506],[-105.647444911,40.149040257],[-105.635726069,40.146226075],[-105.635612248,40.140649993],[-105.630097216,40.138093318],[-105.630476102,40.131069665],[-105.626370228,40.12751859],[-105.628823585,40.123468985],[-105.626768319,40.118701014],[-105.630994113,40.113633419],[-105.635234737,40.112668939],[-105.636635355,40.107178614],[-105.636330372,40.101466975],[-105.632127152,40.09756627],[-105.634898265,40.093381739],[-105.63382319,40.088386325],[-105.635893919,40.084230269],[-105.633503437,40.081312327],[-105.635609709,40.075767908],[-105.64093528,40.072936742],[-105.639649051,40.067523444],[-105.641717783,40.067985876],[-105.646615138,40.065332396],[-105.651068065,40.058162723],[-105.644862187,40.050423756],[-105.637450488,40.04535294],[-105.640947769,40.034838228],[-105.651384711,40.026164557],[-105.652104239,40.020941997],[-105.659147548,40.019110897],[-105.661638894,40.016516752],[-105.672490576,40.016515113],[-105.680447811,40.013974102],[-105.68775698,40.015542912],[-105.689628792,40.01404628],[-105.690204609,40.009017348],[-105.688724443,40.007083688],[-105.691089879,40.003591277],[-105.691326736,39.997500407],[-105.690437206,39.995887008],[-105.683466231,39.994571004],[-105.683213829,39.99270651],[-105.686380636,39.989768382],[-105.68768798,39.985228642],[-105.685407539,39.983475647],[-105.685118925,39.979534438],[-105.690481484,39.970075424],[-105.68853313,39.967093089],[-105.689546267,39.964587262],[-105.688509055,39.959845029],[-105.68540591,39.95889479],[-105.688742255,39.956439647],[-105.689022463,39.953741325],[-105.694681335,39.949907896],[-105.691821933,39.946512545],[-105.693767142,39.941617472],[-105.681576264,39.933661818],[-105.675812593,39.932722531],[-105.682360623,39.92193915],[-105.682287647,39.91742002],[-105.68632646,39.915525551],[-105.68883356,39.907676089],[-105.687251153,39.90411792],[-105.690237881,39.902262598],[-105.691316983,39.897344186],[-105.698043228,39.894066924],[-105.699609854,39.891634818],[-105.699395981,39.885487619],[-105.697721895,39.884199103],[-105.700521589,39.878599571],[-105.698866084,39.873567045],[-105.696767698,39.871893006],[-105.697739449,39.868159243],[-105.696433926,39.862578187],[-105.690509506,39.851923991],[-105.693660871,39.847779698],[-105.695890905,39.839127353],[-105.702097113,39.836687738],[-105.713168932,39.838056378],[-105.715314865,39.836693395],[-105.719256028,39.831720596],[-105.718870203,39.827655778],[-105.723506647,39.825142437],[-105.723586767,39.817869652],[-105.733748679,39.812521879],[-105.736066073,39.805057021],[-105.743063856,39.804242908],[-105.746353512,39.801632685],[-105.750935269,39.80114515],[-105.764168504,39.794791802],[-105.779989702,39.798882535],[-105.78487643,39.802575303],[-105.791587897,39.803002512],[-105.793728927,39.801752996],[-105.798749594,39.803390938],[-105.802058544,39.799503315],[-105.808129613,39.797928575],[-105.810619082,39.791424981],[-105.819438811,39.789765345],[-105.823228212,39.785617468],[-105.83022991,39.788149839],[-105.851088549,39.788512049],[-105.854962245,39.796012604],[-105.872534396,39.796926942],[-105.876438774,39.799287206],[-105.887471721,39.797214471],[-105.887561877,39.78898694],[-105.892425737,39.784171263],[-105.892483466,39.782013279],[-105.886586386,39.766311468],[-105.882459751,39.763425641],[-105.88048892,39.759393542],[-105.884766874,39.752652953],[-105.884847633,39.749542684],[-105.882257699,39.746483852],[-105.883297825,39.737373882],[-105.891372305,39.730150679],[-105.9039188,39.728942097],[-105.908225573,39.72641772],[-105.907394563,39.723813963],[-105.91013786,39.721240004],[-105.911700467,39.715349766],[-105.921296274,39.710281015],[-105.924495945,39.703922952],[-105.924666685,39.698707732],[-105.920579531,39.694867654],[-105.91949993,39.690735997],[-105.921110929,39.684584143],[-105.926836157,39.677280805],[-105.926473345,39.673261507],[-105.910892438,39.662282828],[-105.897040504,39.664433469],[-105.893676975,39.659170701],[-105.884837398,39.656916673],[-105.879365599,39.663611081],[-105.864988125,39.66736941],[-105.85908104,39.658459885],[-105.8569311,39.657778087],[-105.85418652,39.648890965],[-105.848679683,39.644164545],[-105.840405055,39.646110535],[-105.835045694,39.641886087],[-105.826455521,39.640916471],[-105.821152139,39.642566172],[-105.818609917,39.63480873],[-105.816721136,39.633494961],[-105.810499197,39.635485637],[-105.793157641,39.636296031],[-105.782862879,39.629212667],[-105.782566043,39.61784215],[-105.776341672,39.61091025],[-105.775995135,39.605204843],[-105.780625515,39.601299028],[-105.792555174,39.597715739],[-105.796438956,39.594060254],[-105.800763503,39.593194797],[-105.807793424,39.583542044],[-105.817948884,39.581023882],[-105.821272244,39.582827957],[-105.83236032,39.577890662],[-105.838558648,39.572832589],[-105.836947387,39.568833294],[-105.829972838,39.565850011],[-105.829317836,39.561613356],[-105.825650245,39.555419113],[-105.822517855,39.553110305],[-105.815876217,39.552013533],[-105.81629797,39.548391198],[-105.81918229,39.545103648],[-105.817851206,39.53912995],[-105.823166992,39.530177629],[-105.830933861,39.532102862],[-105.844544533,39.526051223],[-105.845668949,39.523826086],[-105.854634434,39.527908103],[-105.858154432,39.532258646],[-105.863373594,39.52694948],[-105.864817844,39.522046271],[-105.868145206,39.519894524],[-105.879061555,39.523993766],[-105.888510424,39.518962922],[-105.895125896,39.519728669],[-105.901008356,39.512911965],[-105.904151963,39.511384606],[-105.928098049,39.502749099],[-105.933435092,39.503255058],[-105.937413162,39.50004629],[-105.943890666,39.501891765],[-105.959533064,39.499309541],[-105.968894142,39.501751649],[-105.971722907,39.496945025],[-105.972067696,39.493044905],[-105.967259701,39.488228359],[-105.950683805,39.479515181],[-105.942148868,39.473087412],[-105.942060792,39.470356569],[-105.937687412,39.468252858],[-105.937768995,39.459136975],[-105.941034378,39.45599009],[-105.942563805,39.45173168],[-105.941907284,39.448286105],[-105.944156146,39.445137246],[-105.943984487,39.440920108],[-105.954219563,39.438586635],[-105.961596885,39.440210512],[-105.966963562,39.438274037],[-105.96499072,39.433260085],[-105.960727112,39.429021514],[-105.954703499,39.426288426],[-105.955472941,39.423048432],[-105.951864618,39.414843883],[-105.958373244,39.416176605],[-105.981796427,39.406113645],[-105.983880082,39.402122305],[-105.993334511,39.40143547],[-105.995911475,39.395041616],[-106.000559595,39.393469219],[-106.008365853,39.387333571],[-106.014322547,39.387095772],[-106.018685453,39.381131514],[-106.016796546,39.375723544],[-106.017197687,39.365741171],[-106.023533919,39.360966633],[-106.027073365,39.361297299],[-106.0345693,39.35829809],[-106.056273672,39.358405967],[-106.068383511,39.36415525],[-106.073208366,39.368367915],[-106.085743328,39.3699277],[-106.096825895,39.377999867],[-106.121014563,39.376571199],[-106.135591773,39.379690832],[-106.137421851,39.377857969],[-106.138609042,39.372239125],[-106.144154229,39.368021894],[-106.148808625,39.368113049],[-106.152988477,39.362656554],[-106.162003551,39.361826133],[-106.169013435,39.366630853],[-106.172117393,39.366349501],[-106.173893564,39.368566127],[-106.180841629,39.366047391],[-106.186676276,39.367925026],[-106.19830595,39.368376316],[-106.20987066,39.382496584],[-106.217552204,39.383133781],[-106.225420159,39.381335178],[-106.226972963,39.37475829],[-106.23428578,39.372383146],[-106.238153774,39.366463065],[-106.24572936,39.363826764],[-106.251336661,39.358351725],[-106.259278288,39.362004277],[-106.263369961,39.358866628],[-106.271092046,39.358161265],[-106.2840363,39.34972606],[-106.285463632,39.352300468],[-106.292548126,39.354677743],[-106.299925777,39.359741898],[-106.312358612,39.362510914],[-106.320954923,39.359441126],[-106.338684449,39.359121075],[-106.351831553,39.35366543],[-106.359749892,39.355954879],[-106.366379494,39.360714974],[-106.371229809,39.361566177],[-106.37868952,39.369867615],[-106.380620641,39.376307006],[-106.399876142,39.381015021],[-106.403642513,39.380161214],[-106.414528461,39.367400382],[-106.426798572,39.361793274],[-106.433664599,39.353901552],[-106.435637494,39.343547589],[-106.432921533,39.336444638],[-106.428964811,39.335220035],[-106.428940894,39.328276018],[-106.427143326,39.323383923],[-106.432417607,39.316468307],[-106.439871942,39.316720192],[-106.445005183,39.315190257],[-106.450620383,39.316826991],[-106.453980097,39.312525637],[-106.460832409,39.313004712],[-106.466452826,39.311060385],[-106.468432709,39.307661751],[-106.473484681,39.308792636],[-106.476571542,39.315054616],[-106.48586487,39.312079846],[-106.492940126,39.303707672],[-106.501330584,39.300259783],[-106.503547963,39.295149732],[-106.504035232,39.284648162],[-106.498391231,39.27912707],[-106.49401654,39.277890632],[-106.490706419,39.273452221],[-106.483105893,39.272490208],[-106.484226721,39.265809995],[-106.481037098,39.259979986],[-106.488463433,39.24860728],[-106.49780229,39.242431049],[-106.499028055,39.235422956],[-106.489849934,39.228014975],[-106.492083184,39.226032402],[-106.491003082,39.222961471],[-106.494191076,39.218927674],[-106.493091467,39.215409215],[-106.494988161,39.208599006],[-106.493477174,39.198091218],[-106.497668714,39.19344314],[-106.499795252,39.183527825],[-106.504762843,39.178967261],[-106.50772443,39.17841638],[-106.509722798,39.175049875],[-106.508605168,39.168044654],[-106.510753391,39.163721753],[-106.52142787,39.157478911],[-106.535321037,39.16330067],[-106.538479033,39.157876061],[-106.551650968,39.16164177],[-106.556975688,39.157124071],[-106.56136035,39.155697255],[-106.56271285,39.152888652],[-106.558857962,39.143975933],[-106.55941625,39.139972585],[-106.564711425,39.132787821],[-106.558169155,39.124188584],[-106.558259359,39.121336129],[-106.564732703,39.113565814],[-106.56478037,39.108953709],[-106.563189795,39.106638119],[-106.570418707,39.103891754],[-106.57502166,39.104565467],[-106.586176276,39.09615601],[-106.586597469,39.090221991],[-106.584663758,39.083681384],[-106.577393084,39.079724333],[-106.579688399,39.077751185],[-106.579771909,39.075009703],[-106.577781013,39.072287743],[-106.577640611,39.052500842],[-106.585025893,39.046461508],[-106.597260674,39.04462704],[-106.599689157,39.03429363],[-106.597754304,39.031567238],[-106.593768283,39.03038215],[-106.591318923,39.026034316],[-106.59480838,39.022727515],[-106.595243792,39.017866406],[-106.594079901,39.016619461],[-106.595640989,39.011081152],[-106.594519468,39.002726942],[-106.599216258,38.99786457],[-106.595425153,38.991186911],[-106.586363519,38.992885959],[-106.577008947,38.990340127],[-106.575307718,38.992401475],[-106.569436649,38.994450112],[-106.566120981,38.993791977],[-106.559900133,38.998656872],[-106.554312763,38.998743697],[-106.551267587,38.991789891],[-106.546955342,38.991079565],[-106.534598936,38.982360074],[-106.528479004,38.980748073],[-106.524231752,38.970876037],[-106.521799566,38.968608865],[-106.52365094,38.964472609],[-106.528591203,38.959732311],[-106.526506664,38.955062345],[-106.519775443,38.953630552],[-106.515740717,38.948707824],[-106.506888391,38.945738066],[-106.505288313,38.944361415],[-106.505733906,38.939495023],[-106.504348177,38.936895653],[-106.490821865,38.929551737],[-106.487506804,38.92363945],[-106.4807979,38.918553777],[-106.472168608,38.915912293],[-106.469881422,38.912799004],[-106.46487483,38.910478944],[-106.457668013,38.91009647],[-106.44778123,38.914384569],[-106.437065199,38.914986675],[-106.430728929,38.924677439],[-106.42139006,38.928158484],[-106.418468993,38.926830271],[-106.416882914,38.920250085],[-106.4133712,38.916688048],[-106.407243584,38.914614927],[-106.402944526,38.910810823],[-106.394101368,38.912085545],[-106.392840488,38.918218583],[-106.380969694,38.925638165],[-106.376865001,38.92260152],[-106.376147268,38.909409147],[-106.373331107,38.906623924],[-106.367532076,38.906968918],[-106.362538705,38.912186252],[-106.357256507,38.913078455],[-106.345139411,38.907229173],[-106.338157206,38.908765707],[-106.335064808,38.911717012],[-106.326196468,38.91111259],[-106.32079544,38.893990694],[-106.326550956,38.887948948],[-106.327389044,38.882472925],[-106.333906598,38.881389042],[-106.336687516,38.875219118],[-106.335677077,38.871985472],[-106.33998997,38.87127929],[-106.349133269,38.864676804],[-106.349425533,38.854779432],[-106.352967963,38.855812775],[-106.364996823,38.853203292],[-106.364692307,38.845815947],[-106.370261317,38.840361522],[-106.370266867,38.838489935],[-106.378531093,38.83605535],[-106.382180827,38.83247192],[-106.383390782,38.824730886],[-106.394582562,38.822317851],[-106.406880138,38.82948303],[-106.415978137,38.824406831],[-106.415166979,38.815175003],[-106.422854479,38.808746744],[-106.417580376,38.800609401],[-106.414962065,38.799559964],[-106.412947832,38.79216006],[-106.413012927,38.790157139],[-106.417039656,38.786640443],[-106.413692141,38.77909343],[-106.415463739,38.772051113],[-106.419252087,38.766506478],[-106.414761917,38.757192327],[-106.419887848,38.751373632],[-106.418139045,38.747836931],[-106.417949251,38.741657694],[-106.419865696,38.738989117],[-106.416641249,38.733607146],[-106.416626593,38.727158575],[-106.423170507,38.720695828],[-106.425210812,38.710263534],[-106.4324022,38.708722632],[-106.443633411,38.709241203],[-106.445771311,38.705620297],[-106.448763068,38.704639648],[-106.45191123,38.698575636],[-106.44588603,38.689263587],[-106.439965756,38.686651202],[-106.438058543,38.682931585],[-106.437883181,38.676443913],[-106.435871843,38.671213205],[-106.431782538,38.667982522],[-106.429003,38.658511696],[-106.430274229,38.65403988],[-106.429395658,38.651477382],[-106.417569165,38.644670384],[-106.410092476,38.647625561],[-106.401422481,38.645486242],[-106.401031177,38.639483018],[-106.389055324,38.640947057],[-106.385217591,38.638704678],[-106.379925341,38.638427632],[-106.385217641,38.632473905],[-106.3855551,38.625187057],[-106.381763581,38.62108541],[-106.374796314,38.620967488],[-106.368670107,38.618375006],[-106.364207902,38.61434314],[-106.364778339,38.605778987],[-106.359414145,38.600038226],[-106.361169738,38.59552029],[-106.351923094,38.584245023],[-106.353502344,38.581379618],[-106.351939409,38.576974011],[-106.344743039,38.56815623],[-106.347091747,38.564996866],[-106.34700387,38.55871068],[-106.353732973,38.54982998],[-106.355241202,38.542557349],[-106.353862756,38.539022903],[-106.35449249,38.533410321],[-106.347260364,38.528825068],[-106.342628056,38.521216712],[-106.348195821,38.512530615],[-106.34363994,38.503462446],[-106.330904893,38.493879392],[-106.327131854,38.49682602],[-106.320404727,38.497508269],[-106.317954301,38.494952405],[-106.312270559,38.494549546],[-106.304393453,38.478121953],[-106.290573584,38.473435855],[-106.288976914,38.461877269],[-106.28337402,38.456296579],[-106.27789093,38.454233963],[-106.272567898,38.455273757],[-106.27219954,38.449225028],[-106.269863494,38.444792247],[-106.265722483,38.441676713],[-106.25842443,38.441986215],[-106.245843781,38.439139904],[-106.249394449,38.432113053],[-106.24876463,38.425643532],[-106.244386514,38.41880141],[-106.2470768,38.414584805],[-106.246519716,38.411623719],[-106.253217344,38.401057906],[-106.251269859,38.396597766],[-106.242377016,38.388443061],[-106.239837011,38.381535794],[-106.237180063,38.379828996],[-106.240390907,38.375184096],[-106.237009823,38.369423914],[-106.239386677,38.363222853],[-106.243996478,38.358626024],[-106.243711492,38.352549432],[-106.252533468,38.347586414],[-106.271322571,38.352873125],[-106.289010426,38.345640139],[-106.315995686,38.34279951],[-106.318183996,38.340147988],[-106.319126693,38.331854797],[-106.325008712,38.324638853],[-106.333659759,38.29240511],[-106.338439656,38.287059601],[-106.345391308,38.290786731],[-106.353816649,38.29216239],[-106.35767774,38.29073575],[-106.37908424,38.29317246],[-106.382197338,38.292124994],[-106.387556952,38.284809654],[-106.394885206,38.282280838],[-106.404957986,38.285565202],[-106.409328069,38.285486176],[-106.412940049,38.281858461],[-106.416785808,38.280687769],[-106.425020708,38.282334571],[-106.429527129,38.280950487],[-106.437439629,38.282699679],[-106.442028349,38.288948791],[-106.445648174,38.289960135],[-106.453041358,38.297750496],[-106.456946927,38.299156864],[-106.460386776,38.303415622],[-106.464540266,38.313439725],[-106.472514447,38.312972782],[-106.47404595,38.321851302],[-106.479523593,38.31733301],[-106.484005413,38.315995416],[-106.488562122,38.31692757],[-106.50511003,38.314882526],[-106.514422827,38.297978178],[-106.518100764,38.295462699],[-106.519961949,38.285255623],[-106.524354622,38.282804702],[-106.524821601,38.279854841],[-106.528456457,38.277322658],[-106.531625381,38.268208294],[-106.536193939,38.26212185],[-106.539822826,38.261219247],[-106.549674441,38.253655614],[-106.556354854,38.253504551],[-106.559253344,38.251361939],[-106.559304044,38.24770606],[-106.556022487,38.245738957],[-106.559008483,38.242111761],[-106.560657319,38.234449724],[-106.557680464,38.230055738],[-106.555135525,38.229249636],[-106.575806308,38.211989098],[-106.587305167,38.189303237],[-106.598073494,38.189178291],[-106.598580105,38.186695707],[-106.596562328,38.182236302],[-106.598062397,38.180289369],[-106.597454586,38.176745076],[-106.601714473,38.171135387],[-106.600314391,38.162340586],[-106.597077573,38.157104278],[-106.602903253,38.150474913],[-106.602118038,38.147939177],[-106.603504071,38.144702688],[-106.60817881,38.14333639],[-106.610812486,38.134327069],[-106.614670513,38.131612123],[-106.620008249,38.132176124],[-106.627269379,38.129564652],[-106.629700277,38.1307251],[-106.633274204,38.128360365],[-106.633819212,38.124889366],[-106.640875189,38.12012327],[-106.644035261,38.115156526],[-106.645932295,38.115035379],[-106.648073165,38.110122598],[-106.655544785,38.109867594],[-106.655107064,38.105789825],[-106.65810904,38.102632373],[-106.661044393,38.102165714],[-106.663811714,38.096678073],[-106.671926655,38.093239795],[-106.670655293,38.086824372],[-106.68276513,38.084887832],[-106.685304317,38.081185014],[-106.705146887,38.08067975],[-106.710685709,38.086495585],[-106.720570768,38.091761334],[-106.728800576,38.089998807],[-106.732736038,38.091770002],[-106.740567858,38.091240155],[-106.745821352,38.093312748],[-106.75363363,38.085222234],[-106.759469964,38.086085399],[-106.767475397,38.079306854],[-106.766585386,38.076128551],[-106.768684558,38.072240387],[-106.778101316,38.064884952],[-106.782616552,38.056499124],[-106.787012009,38.053757685],[-106.788450076,38.049952719],[-106.795659578,38.04504683],[-106.800497507,38.035749628],[-106.806673485,38.030278787],[-106.808644548,38.015971206],[-106.792637081,38.005543884],[-106.78244532,38.001993168],[-106.783810097,37.999605794],[-106.786802878,37.999375796],[-106.790014374,37.99662921],[-106.795812824,37.988570723],[-106.798391044,37.989019033],[-106.800483567,37.987261479],[-106.802500221,37.984417222],[-106.803353181,37.971855601],[-106.809586259,37.970099068],[-106.809982785,37.964245446],[-106.817866932,37.955334264],[-106.852363645,37.956279583],[-106.857553739,37.949964754],[-106.871397285,37.941556933],[-106.879576446,37.949483118],[-106.877632802,37.957628894],[-106.879367289,37.96024407],[-106.888071335,37.961228457],[-106.895785683,37.967647245],[-106.907321319,37.963006379],[-106.911071363,37.966159633],[-106.919986675,37.967388162],[-106.93477257,37.960549259],[-106.937397213,37.956126792],[-106.944837,37.952494808],[-106.948476503,37.956316884],[-106.951901027,37.957212163],[-106.952009068,37.962110418],[-106.954794145,37.964678758],[-106.961535786,37.967822716],[-106.961147039,37.972458353],[-106.967582808,37.97470017],[-106.977501222,37.968861169],[-106.98727217,37.969423664],[-106.987305274,37.962684179],[-106.991538892,37.960291918],[-106.996351672,37.960520797],[-107.000408525,37.956000005],[-107.005803515,37.956433809],[-107.006569802,37.948411101],[-107.009162615,37.946429485],[-107.01684911,37.948617717],[-107.021246197,37.952684174],[-107.026581634,37.954563491],[-107.031058692,37.95240346],[-107.032458267,37.94951039],[-107.037035624,37.948842084],[-107.042936084,37.948373673],[-107.050412467,37.952444268],[-107.054948058,37.950776942],[-107.059100281,37.955028676],[-107.060755831,37.95954173],[-107.067581442,37.961077778],[-107.073740437,37.953963041],[-107.084468728,37.953548474],[-107.091618605,37.949042668],[-107.100913885,37.952084729],[-107.102786081,37.955179678],[-107.109051832,37.94382843],[-107.12405755,37.941000849],[-107.133082687,37.936655766],[-107.141468659,37.93912305],[-107.154841392,37.940325701],[-107.165626106,37.939024791],[-107.171100795,37.936536084],[-107.182047068,37.935686288],[-107.186239088,37.936858465],[-107.198515197,37.934665817],[-107.201025412,37.929961353],[-107.222889736,37.928000855],[-107.226409882,37.926059116],[-107.231896489,37.928648672],[-107.239115385,37.92777937],[-107.252635657,37.929220906],[-107.261285423,37.93601612],[-107.266791625,37.938232891],[-107.274489384,37.930787854],[-107.277879079,37.930078039],[-107.279978974,37.924905103],[-107.284199578,37.921787871],[-107.286033575,37.917005843],[-107.292146537,37.912308132],[-107.293910805,37.907650311],[-107.299209712,37.90530739],[-107.300073177,37.898936624],[-107.306076261,37.895662371],[-107.308540313,37.891430948],[-107.316006338,37.891901591],[-107.327887203,37.879502433],[-107.335632069,37.87604111],[-107.345194904,37.865096181],[-107.347666419,37.857396242],[-107.34950287,37.856509868],[-107.361298332,37.859206114],[-107.368711762,37.855909145],[-107.375392936,37.855805772],[-107.380738748,37.860507023],[-107.388571333,37.855442437],[-107.401080517,37.85752366],[-107.412958357,37.856238042],[-107.424597166,37.859361201],[-107.431676976,37.852564377],[-107.432139218,37.849125463],[-107.43621646,37.845977497],[-107.439534302,37.844618563],[-107.442450218,37.845969313],[-107.445085352,37.843826626],[-107.445577912,37.848767182],[-107.451550977,37.846995792],[-107.459196294,37.856645616],[-107.464187653,37.857523365],[-107.467763644,37.846032524],[-107.470477672,37.847525979],[-107.474410619,37.845667768],[-107.475383223,37.847023147],[-107.477823514,37.8449128],[-107.481569082,37.84630655],[-107.484130746,37.84519151],[-107.493371296,37.84992291],[-107.49537156,37.84930622],[-107.500845913,37.842696461],[-107.499800069,37.840130584],[-107.507494508,37.840880385],[-107.51611519,37.834820893],[-107.516644746,37.826596058],[-107.522990319,37.823383589],[-107.518451103,37.815734917],[-107.525764223,37.813295278],[-107.526927498,37.809745874],[-107.531838462,37.804465251],[-107.52990534,37.80115584],[-107.533162972,37.80303554],[-107.539734393,37.80010596],[-107.545952961,37.799632202],[-107.554777354,37.789624991],[-107.55542963,37.786176395],[-107.553176257,37.782615442],[-107.557811972,37.770605364],[-107.556760148,37.768188939],[-107.559509839,37.765174827],[-107.559018435,37.762174182],[-107.554306587,37.754745423],[-107.552552373,37.743564367],[-107.548487531,37.736290956],[-107.542036063,37.732284392],[-107.543269331,37.729824468],[-107.54213559,37.724651767],[-107.538031871,37.724334017],[-107.53611557,37.722199814],[-107.535289345,37.715999294],[-107.533693113,37.714776354],[-107.537211311,37.708509492],[-107.531513866,37.705275738],[-107.522590066,37.706752144],[-107.517670071,37.700668468],[-107.511858527,37.698857268],[-107.507911561,37.696649923],[-107.50743883,37.694366913],[-107.504038641,37.693322097],[-107.502258938,37.690440404],[-107.503113059,37.686344193],[-107.500225007,37.680636185],[-107.502098638,37.677687295],[-107.498109536,37.675278354],[-107.497597506,37.668833203],[-107.489323136,37.658853445],[-107.492406973,37.652099225],[-107.47956581,37.639939541],[-107.46374086,37.629995899],[-107.454943826,37.630007884],[-107.455912916,37.631022256],[-107.454356004,37.634118493],[-107.442018779,37.632586979],[-107.440157532,37.634882787],[-107.44139788,37.637498935],[-107.433431787,37.63872004],[-107.428861681,37.641377376],[-107.423614629,37.648176347],[-107.42366327,37.650225546],[-107.408198271,37.649404158],[-107.397503204,37.653225888],[-107.397359945,37.659771193],[-107.392920297,37.666899085],[-107.393589129,37.678623395],[-107.386915393,37.680229329],[-107.374814786,37.687708441],[-107.369392323,37.684844441],[-107.344897431,37.678807891],[-107.332006818,37.680510535],[-107.3228654,37.683790168],[-107.319850656,37.68148192],[-107.311563828,37.680190666],[-107.30666213,37.67732615],[-107.303086594,37.680122356],[-107.292240997,37.683827874],[-107.290771942,37.688050336],[-107.287639903,37.690573052],[-107.283196353,37.690664019],[-107.281049333,37.693321352],[-107.268849926,37.695976215],[-107.270614125,37.690175671],[-107.273282886,37.687730176],[-107.273902572,37.682815068],[-107.272557566,37.679699898],[-107.281115729,37.673183509],[-107.290668818,37.67130403],[-107.289238692,37.667318678],[-107.276301924,37.655309465],[-107.279106756,37.648888494],[-107.277776281,37.645750981],[-107.279092751,37.64084044],[-107.2699608,37.636702245],[-107.266643046,37.630449167],[-107.256378136,37.627975938],[-107.256834592,37.624499717],[-107.259642067,37.621021057],[-107.256058866,37.616176114],[-107.251262693,37.613561263],[-107.251889589,37.611361277],[-107.246019368,37.606353497],[-107.240015311,37.610005054],[-107.232242454,37.611686805],[-107.228463211,37.610664852],[-107.227179242,37.608408258],[-107.216064022,37.601399865],[-107.21202368,37.604596589],[-107.208432128,37.604032645],[-107.207152537,37.607487729],[-107.204042275,37.608067924],[-107.198039367,37.614656883],[-107.201993507,37.621696919],[-107.199871875,37.625326506],[-107.190222327,37.625862498],[-107.179922351,37.629508992],[-107.17656,37.62795949],[-107.173874938,37.632236347],[-107.163632691,37.636158156],[-107.161907352,37.633891119],[-107.152685374,37.636895743],[-107.146970095,37.633378155],[-107.145682444,37.628419613],[-107.139888326,37.624176237],[-107.140091131,37.621925559],[-107.143999729,37.618287828],[-107.141399331,37.612407579],[-107.142509646,37.609706039],[-107.138933061,37.60170869],[-107.136841624,37.600617405],[-107.123563093,37.604500173],[-107.120116246,37.603483484],[-107.116099938,37.604356105],[-107.111748671,37.608310358],[-107.109224435,37.607443581],[-107.106103808,37.599895484],[-107.098212031,37.599489582],[-107.091775234,37.595817994],[-107.092163767,37.588078059],[-107.094336822,37.585231384],[-107.094411238,37.575761957],[-107.09302424,37.573729616],[-107.076568682,37.568549536],[-107.06379185,37.5722465],[-107.048694977,37.570143386],[-107.04568223,37.56537326],[-107.046375175,37.561251751],[-107.04514041,37.560226287],[-107.040964294,37.562552344],[-107.034720551,37.561257738],[-107.019121616,37.562525629],[-107.013276004,37.568916398],[-107.01487973,37.570257067],[-107.006137603,37.57364303],[-107.001635772,37.572816957],[-106.999156923,37.569265967],[-106.994539195,37.571952445],[-106.992308914,37.570612576],[-106.980501745,37.571220776],[-106.975426867,37.566262438],[-106.968535463,37.565028431],[-106.948496857,37.570515103],[-106.939208702,37.566543363],[-106.936998302,37.568215455],[-106.921065213,37.57017746],[-106.913164197,37.567223014],[-106.90936356,37.564047488],[-106.893382484,37.564070354],[-106.892354363,37.56570159],[-106.887684242,37.564586609],[-106.881312578,37.561035006],[-106.880709654,37.554909694],[-106.879168578,37.553113495],[-106.881521574,37.54959514],[-106.881181057,37.546779649],[-106.878845306,37.544281204],[-106.884718398,37.53684691],[-106.883185175,37.533921741],[-106.884530875,37.530523201],[-106.882221402,37.522691323],[-106.887984067,37.516990654],[-106.886770641,37.514204146],[-106.883038163,37.511839802],[-106.88305966,37.508563372],[-106.873874832,37.499341887],[-106.861083662,37.497020726],[-106.85403853,37.493777064],[-106.85358636,37.492118825],[-106.851243202,37.492598292],[-106.84431298,37.499416365],[-106.836763531,37.500511113],[-106.827760838,37.494700491],[-106.82351652,37.495074694],[-106.81630126,37.499077873],[-106.806614449,37.493124878],[-106.800385162,37.492881859],[-106.800057812,37.491516554],[-106.804368205,37.487097919],[-106.803096058,37.483432048],[-106.800653404,37.482943785],[-106.801224358,37.476840147],[-106.806691787,37.466136917],[-106.798443258,37.456859951],[-106.783498693,37.454734109],[-106.772049268,37.44991695],[-106.769074383,37.45299381],[-106.769165769,37.45662708],[-106.765461042,37.462267197],[-106.762062714,37.464205917],[-106.756468621,37.464413763],[-106.749651149,37.459305925],[-106.742204193,37.461304691],[-106.733881407,37.459180579],[-106.729461765,37.454377915],[-106.729249357,37.450917582],[-106.726241574,37.446082282],[-106.720659942,37.445474006],[-106.71662707,37.44154598],[-106.710289949,37.442622697],[-106.705450598,37.445616555],[-106.702211539,37.451442602],[-106.68856625,37.439117613],[-106.681992368,37.437873382],[-106.68028477,37.434618796],[-106.660467987,37.4295348],[-106.655114353,37.422625586],[-106.649945468,37.421032955],[-106.648998887,37.417220704],[-106.643370641,37.412662948],[-106.641495614,37.407768533],[-106.646745827,37.405033568],[-106.65588036,37.408480457],[-106.661369029,37.407096022],[-106.663547853,37.400707933],[-106.666835483,37.400022346],[-106.670577203,37.401704316],[-106.670214309,37.394519499],[-106.67950227,37.389033569],[-106.682099914,37.375485661],[-106.686707599,37.371927715],[-106.691931844,37.373147459],[-106.699626678,37.369233798],[-106.697026956,37.364208343],[-106.698665348,37.355791697],[-106.696937858,37.350613277],[-106.701401394,37.345029894],[-106.701220955,37.342151823],[-106.707665444,37.335645467],[-106.706554243,37.331441755],[-106.702096421,37.328504832],[-106.696132555,37.327307052],[-106.69115799,37.323651504],[-106.680938396,37.325818269],[-106.672500157,37.321744182],[-106.666352967,37.320879029],[-106.666359489,37.315126322],[-106.663671527,37.310718576],[-106.670073534,37.306920397],[-106.672097294,37.303054137],[-106.675030318,37.302771787],[-106.676838574,37.300153622],[-106.676022675,37.298581951],[-106.678003964,37.296914532],[-106.682467691,37.295587375],[-106.68240649,37.291675843],[-106.685692393,37.284525695],[-106.691785367,37.279136908],[-106.694333943,37.272367382],[-106.689974438,37.267857738],[-106.688436729,37.263148669],[-106.685831618,37.261754415],[-106.685779654,37.258923866],[-106.677362788,37.255358128],[-106.668006483,37.255857095],[-106.662195053,37.253133505],[-106.655352915,37.255930841],[-106.650172822,37.254946292],[-106.648263511,37.256971088],[-106.635359696,37.257180561],[-106.635717499,37.244161116],[-106.629926956,37.238700353],[-106.629993166,37.235771139],[-106.633621913,37.234790558],[-106.634884855,37.232816616],[-106.630619561,37.227413025],[-106.630632274,37.22073797],[-106.626342118,37.220842306],[-106.62550026,37.219525265],[-106.622600094,37.220858241],[-106.617060736,37.218268835],[-106.605112211,37.221049735],[-106.604468978,37.213100302],[-106.601519346,37.211456978],[-106.598990558,37.2058452],[-106.596225211,37.208478984],[-106.59428121,37.207723706],[-106.590901311,37.197710078],[-106.590317159,37.189730206],[-106.591010159,37.177569928],[-106.594058454,37.174877612],[-106.593078809,37.170724963],[-106.594202621,37.168668911],[-106.590767685,37.16729331],[-106.589995743,37.164172612],[-106.594522601,37.149621141],[-106.590414597,37.146911483],[-106.588523766,37.138456999],[-106.593627374,37.136958254],[-106.598376175,37.138620125],[-106.613141872,37.135483242],[-106.62685437,37.116224423],[-106.625612963,37.109929138],[-106.627229114,37.104760386],[-106.62287986,37.100410417],[-106.622771551,37.098264691],[-106.626441819,37.091744464],[-106.626469089,37.08473734],[-106.63032666,37.073350873],[-106.63274887,37.072208767],[-106.63824432,37.061605399],[-106.636861512,37.059199686],[-106.637745817,37.055722229],[-106.640186756,37.053620544],[-106.63276076,37.048490565],[-106.63210553,37.042265513],[-106.629750116,37.040532918],[-106.639936077,37.034962106],[-106.641173043,37.032044834],[-106.648755845,37.030710989],[-106.669194497,37.0327104],[-106.676726261,37.037757306],[-106.68551414,37.036863625],[-106.687570566,37.037520889],[-106.688705685,37.040699632],[-106.691015564,37.039458793],[-106.690601382,37.022470391],[-106.692701685,37.019970339],[-106.692219066,37.013992899],[-106.68836923,37.008407315],[-106.688339733,37.005862873],[-106.698025762,36.996619506],[-106.697484438,36.993661652],[-106.699199043,36.990336809],[-106.712175608,36.985061916],[-106.719161946,36.985717134],[-106.719604837,36.981063248],[-106.721741015,36.979096062],[-106.721515344,36.972428206],[-106.727617276,36.963347514],[-106.733666145,36.960441343],[-106.718921366,36.955397449],[-106.713923087,36.949321394],[-106.717381379,36.940714583],[-106.708527264,36.940175553],[-106.704803883,36.9368949],[-106.705474171,36.927511583],[-106.706798765,36.925922066],[-106.700182227,36.919061469],[-106.700950675,36.913635467],[-106.703772148,36.910895824],[-106.702343594,36.904798201],[-106.700338778,36.903191656],[-106.700952355,36.901667602],[-106.710438968,36.896495898],[-106.715917766,36.89882181],[-106.720511416,36.897051906],[-106.723017105,36.892394647],[-106.722313457,36.888699674],[-106.739845857,36.884193981],[-106.744723247,36.878052342],[-106.758705712,36.867246276],[-106.774812905,36.863938381],[-106.781157929,36.869956419],[-106.785496504,36.870257276],[-106.788525296,36.866673331],[-106.793666283,36.864251045],[-106.793721117,36.862045953],[-106.801603128,36.857363958],[-106.802483531,36.852728535],[-106.81065534,36.844343539],[-106.820663044,36.8394432],[-106.829450447,36.825728759],[-106.842425712,36.821966935],[-106.847836461,36.822983284],[-106.851707574,36.818954676],[-106.852544947,36.815571002],[-106.865567656,36.811208317],[-106.865531441,36.809061724],[-106.86794301,36.809199088],[-106.8733876,36.805054374],[-106.893275038,36.80762535],[-106.895377896,36.810584511],[-106.89201995,36.813054181],[-106.893225746,36.814475537],[-106.90567672,36.807226885],[-106.916126677,36.812692516],[-106.919345461,36.811913085],[-106.920315623,36.809813724],[-106.921847932,36.810927145],[-106.926248351,36.810042012],[-106.92733204,36.80695092],[-106.931251137,36.804521637],[-106.937075789,36.804761314],[-106.935683685,36.792171059],[-106.940701261,36.791043669],[-106.94166974,36.788310321],[-106.936126059,36.783075519],[-106.933065669,36.774785897],[-106.930712287,36.772871484],[-106.929891187,36.764472359],[-106.92732119,36.760846639],[-106.928431883,36.758546842],[-106.927045242,36.756763252],[-106.931911148,36.750031329],[-106.943248494,36.744915264],[-106.942999379,36.740264966],[-106.947429986,36.736284346],[-106.947473954,36.732380117],[-106.950165621,36.728210729],[-106.949538543,36.724249874],[-106.954059879,36.719923608],[-106.954739468,36.716592974],[-106.953980514,36.711633293],[-106.94876307,36.706609545],[-106.948597293,36.703849017],[-106.95236808,36.697773804],[-106.960026552,36.693368597],[-106.960655986,36.690244606],[-106.967604396,36.685476258],[-106.965732315,36.680035114],[-106.96921769,36.676209212],[-106.965026667,36.67199775],[-106.966851041,36.669775098],[-106.978380518,36.666553125],[-106.981783036,36.66380422],[-106.987385109,36.663633374],[-106.99390286,36.659260639],[-106.999624303,36.658734918],[-106.994615502,36.655517828],[-106.994194361,36.651954991],[-106.997700274,36.646655955],[-106.995782265,36.640892817],[-106.995979021,36.634665717],[-107.000374521,36.632235481],[-107.002755067,36.626500407],[-107.001168455,36.623162661],[-107.001514121,36.614899778],[-107.000297668,36.612303066],[-106.992638196,36.609371992],[-106.987795339,36.610107675],[-106.985953324,36.603943578],[-106.987378274,36.599695046],[-106.981667366,36.592178198],[-106.971785911,36.586233946],[-106.973435034,36.579380711],[-106.975740921,36.577536726],[-106.975631371,36.573176417],[-106.98472217,36.567808764],[-106.983158356,36.566145323],[-106.989858025,36.557456228],[-106.984957876,36.551229915],[-106.97381056,36.547877347],[-106.977548471,36.539783041],[-106.972244396,36.538256675],[-106.974240919,36.535571093],[-106.973015606,36.534224009],[-106.973604775,36.531454942],[-106.969712274,36.528838404],[-106.972334259,36.526175426],[-106.970666295,36.525627234],[-106.967597929,36.519735577],[-106.959381933,36.514423716],[-106.970722278,36.505602079],[-106.970948534,36.502525087],[-106.973835139,36.500541136],[-106.972420306,36.498095156],[-106.974798583,36.494392788],[-106.974567473,36.49008137],[-106.97669257,36.486113622],[-106.980671989,36.485507577],[-106.983147757,36.481505301],[-106.981771259,36.477823675],[-106.982655207,36.474241617],[-106.980558243,36.473115956],[-106.986821815,36.468569139],[-106.988013936,36.465959147],[-106.987658295,36.4633505],[-106.983964139,36.461723179],[-106.987178118,36.45921145],[-106.985861777,36.455911875],[-106.990642885,36.453190442],[-106.995384963,36.453802603],[-107.007616804,36.44758581],[-107.009877343,36.448569508],[-107.011500923,36.445087288],[-107.014670683,36.445188637],[-107.016294533,36.443130267],[-107.015032137,36.44091074],[-107.018612844,36.435147499],[-107.015706289,36.427546081],[-107.008798451,36.427044158],[-107.004942599,36.424360302],[-107.004905403,36.42219618],[-107.000732773,36.422267198],[-107.001162097,36.420032674],[-106.996692677,36.415458825],[-106.996705343,36.412373804],[-106.994478772,36.409383581],[-106.995264709,36.402631531],[-106.992285905,36.399896007],[-106.99277449,36.398654496],[-106.98868236,36.39735281],[-106.98938128,36.392959621],[-106.98721172,36.389890326],[-106.989228359,36.386039217],[-106.980406678,36.383403722],[-106.981342228,36.377168794],[-106.986260863,36.370404585],[-106.984154352,36.370310127],[-106.983447527,36.367428289],[-106.980915955,36.366867393],[-106.980014471,36.364803939],[-106.97648435,36.363955777],[-106.977743742,36.360943387],[-106.975063798,36.360018997],[-106.972476367,36.361552705],[-106.968917671,36.358935441],[-106.967050844,36.360434301],[-106.962078917,36.358340794],[-106.963434525,36.356084378],[-106.962448687,36.351566155],[-106.957549315,36.347300416],[-106.95953945,36.342565358],[-106.953317576,36.340932007],[-106.950422035,36.337665649],[-106.951806592,36.334479837],[-106.950194946,36.332740595],[-106.950427755,36.323945829],[-106.951542207,36.319927467],[-106.955393293,36.317163539],[-106.953561283,36.314974873],[-106.955645887,36.312128984],[-106.951821056,36.304653049],[-106.955114479,36.302789231],[-106.955678894,36.299712374],[-106.959649155,36.296418996],[-106.957762824,36.293182141],[-106.960893835,36.291899693],[-106.97068383,36.281611266],[-106.968234187,36.27893834],[-106.966111469,36.271299576],[-106.970262202,36.263215452],[-106.969785136,36.261498311],[-106.966628262,36.260304081],[-106.97495233,36.251188289],[-106.974113007,36.247760275],[-106.968701865,36.246639182],[-106.971168834,36.243624705],[-106.968494215,36.240745058],[-106.961764914,36.240164416],[-106.953850076,36.24369505],[-106.948749965,36.236614482],[-106.952398138,36.232366794],[-106.949300036,36.22874424],[-106.949476606,36.226216937],[-106.952669092,36.225293188],[-106.950129552,36.224296718],[-106.950990335,36.221866519],[-106.949834021,36.219508241],[-106.953642794,36.214322902],[-106.955839972,36.208457933],[-106.955516018,36.20390374],[-106.957872146,36.199915778],[-106.966771828,36.196580021],[-106.972069621,36.190799306],[-106.975112503,36.190640671],[-106.981061746,36.186855466],[-106.988987087,36.187062844],[-106.993010358,36.188759762],[-106.993517429,36.191860369],[-106.996860979,36.193514688],[-107.000974084,36.191836455],[-107.006516357,36.192119919],[-107.011547963,36.188531775],[-107.025248201,36.189368978],[-107.031526733,36.183527892],[-107.02817545,36.176962027],[-107.035513773,36.173853892],[-107.033308497,36.16827099],[-107.034292678,36.160156569],[-107.040293585,36.155610869],[-107.039430142,36.154342649],[-107.042394712,36.150563387],[-107.044788974,36.141209356],[-107.053241866,36.134723903],[-107.053667866,36.129016456],[-107.051307459,36.128030863],[-107.048978248,36.122440658],[-107.053376122,36.120562915],[-107.055982586,36.115086499],[-107.059576442,36.113673105],[-107.063153916,36.10722105],[-107.067679301,36.104517437],[-107.078005129,36.105937749],[-107.086911654,36.104071969],[-107.091094368,36.107187647],[-107.101655391,36.102637623],[-107.105726925,36.103702423],[-107.111703454,36.102294129],[-107.11252285,36.099402242],[-107.116792212,36.096060947],[-107.116615803,36.094282119],[-107.121801795,36.08987911],[-107.12649587,36.090119925],[-107.128617119,36.08614491],[-107.132753567,36.08512701],[-107.138379915,36.072313735],[-107.143795548,36.068364144],[-107.153675198,36.066365561],[-107.157161105,36.062550219],[-107.158183698,36.057204611],[-107.163684236,36.059279356],[-107.169645233,36.059338005],[-107.172112023,36.057207016],[-107.175558831,36.05799728],[-107.176199463,36.062640705],[-107.179569722,36.066790992],[-107.184511451,36.06452774],[-107.19719213,36.067270822],[-107.199125583,36.066295979],[-107.200679897,36.061363212],[-107.215598273,36.065549631],[-107.219096754,36.06361512],[-107.223826903,36.064316447],[-107.241176288,36.061940824],[-107.246758172,36.066312089],[-107.252729822,36.067160202],[-107.251711042,36.062805526],[-107.252900118,36.060833854],[-107.272721951,36.05892715],[-107.276042229,36.060761506],[-107.282611487,36.060115982],[-107.283867617,36.061539375],[-107.28295478,36.062922409],[-107.28636072,36.064954923],[-107.291576631,36.062121262],[-107.296286437,36.063871354],[-107.298854642,36.062693116],[-107.300640846,36.064042704],[-107.307232416,36.063720409],[-107.314304644,36.066970967],[-107.316677794,36.065269228],[-107.319824673,36.068069633],[-107.327870385,36.065885422],[-107.332017337,36.067709007],[-107.342066523,36.062680778],[-107.34373764,36.060113853],[-107.347817753,36.060385577],[-107.351772302,36.055028472],[-107.350029315,36.045987952],[-107.352862741,36.040775881],[-107.353491633,36.033038635],[-107.358135522,36.029866333],[-107.361374727,36.032102485],[-107.36484623,36.029493292],[-107.372125516,36.029183396],[-107.375122177,36.025470524],[-107.386131813,36.021306744],[-107.39250349,36.016225703],[-107.390588137,36.01073482],[-107.384499292,36.001356956],[-107.381683964,35.999816459],[-107.380566591,35.995859401],[-107.388542624,35.990120428],[-107.388736351,35.987106217],[-107.390739292,35.986102129],[-107.387861782,35.981319202],[-107.392494308,35.974014175],[-107.389522867,35.972160057],[-107.390621242,35.968192401],[-107.395520478,35.963203597],[-107.396308888,35.958751241],[-107.400280105,35.955868902],[-107.400410253,35.951720136],[-107.408775052,35.948182641],[-107.406262039,35.945374066],[-107.407079347,35.942700159],[-107.414041261,35.935907195],[-107.419932546,35.934411673],[-107.422952054,35.932197747],[-107.424848925,35.928017481],[-107.426709071,35.927958186],[-107.428694297,35.923665983],[-107.433768591,35.923294214],[-107.437221782,35.920122936],[-107.435305391,35.913968279],[-107.448247198,35.908673777],[-107.450843701,35.905038713],[-107.461914017,35.899948757],[-107.468420015,35.887285674],[-107.480656254,35.883128476],[-107.476878269,35.877285383],[-107.477652698,35.874254145],[-107.48573034,35.869569581],[-107.487555534,35.865852144],[-107.484141651,35.861414021],[-107.488616007,35.853953874],[-107.494587467,35.85077812],[-107.494733113,35.847000121],[-107.500620294,35.84087376],[-107.50811625,35.838194139],[-107.508416048,35.8358581],[-107.531615458,35.824570777],[-107.540417282,35.828123586],[-107.546154511,35.827903042],[-107.54493953,35.8316382],[-107.549913132,35.83655099],[-107.559413592,35.83755863],[-107.563526301,35.839971819],[-107.567206606,35.839177506],[-107.569786006,35.837014605],[-107.575865943,35.835909295],[-107.579431713,35.831880257],[-107.590237025,35.824813453],[-107.595522491,35.824295234],[-107.599472278,35.827627948],[-107.605165781,35.827524815],[-107.606056815,35.823502082],[-107.611413014,35.817545618],[-107.618297886,35.815281156],[-107.624860656,35.815452192],[-107.628343134,35.811245979],[-107.636353893,35.807882558],[-107.63918205,35.808373925],[-107.639187131,35.80524569],[-107.645375866,35.802683122],[-107.658819381,35.805508566],[-107.657270798,35.799865453],[-107.658209691,35.798165694],[-107.664704526,35.794637436],[-107.677345352,35.791881015],[-107.677585617,35.789347337],[-107.680326462,35.789616414],[-107.685171568,35.785119357],[-107.687197218,35.779487755],[-107.694924037,35.780503418],[-107.705895179,35.778328595],[-107.723172667,35.781450121],[-107.730099611,35.776925714],[-107.737492083,35.777471913],[-107.736165339,35.775443713],[-107.738354888,35.773331958],[-107.736741603,35.768079557],[-107.737769135,35.766709717],[-107.745093509,35.767603846],[-107.746989714,35.763342002],[-107.753828591,35.758837256],[-107.762236586,35.757304122],[-107.765356582,35.754955603],[-107.769599051,35.754954807],[-107.772886285,35.757749255],[-107.77527215,35.757391172],[-107.775536054,35.749449932],[-107.778610878,35.747746782],[-107.776297704,35.742074983],[-107.780875578,35.737080684],[-107.779680832,35.7308754],[-107.784028972,35.722819539],[-107.780974767,35.721101274],[-107.781599466,35.718463111],[-107.77773134,35.716361902],[-107.776277713,35.712781392],[-107.77747012,35.710727919],[-107.781223879,35.710064285],[-107.785548244,35.706729723],[-107.792679781,35.708437141],[-107.796728959,35.706450252],[-107.801432189,35.699197433],[-107.808682093,35.697467973],[-107.806373596,35.694745367],[-107.799327746,35.693853061],[-107.793999441,35.687594664],[-107.798124834,35.68596072],[-107.802331819,35.680609566],[-107.802451703,35.677441425],[-107.807136596,35.67799165],[-107.811419313,35.676257014],[-107.812248925,35.674351119],[-107.817506868,35.674567162],[-107.819535399,35.671581133],[-107.825369977,35.669504752],[-107.824163825,35.666068531],[-107.827626735,35.66104387],[-107.833415525,35.658688844],[-107.837267618,35.652917919],[-107.837079001,35.643537362],[-107.84123212,35.641721511],[-107.840642582,35.638132699],[-107.842042852,35.634884174],[-107.848807972,35.631324423],[-107.848419364,35.62965443],[-107.852197326,35.62682502],[-107.851752346,35.623742803],[-107.857282884,35.621659011],[-107.861039286,35.615769793],[-107.871592737,35.611630886],[-107.874153974,35.608760638],[-107.883195064,35.607342953],[-107.887887332,35.604470554],[-107.897885594,35.602225],[-107.905524989,35.603738721],[-107.909125782,35.600144232],[-107.913515686,35.598879628],[-107.9139184,35.594553136],[-107.920453062,35.586989715],[-107.918864062,35.578224255],[-107.938592236,35.570743951],[-107.952319259,35.570812128],[-107.96468604,35.560627514],[-107.973942994,35.558268463],[-107.971467167,35.561164518],[-107.972586104,35.563332116],[-107.97634589,35.565047582],[-107.98309457,35.564276688],[-107.984332171,35.565495103],[-107.976573212,35.579913328],[-107.977591253,35.583304616],[-107.990222194,35.58780009],[-107.992633993,35.581328851],[-108.005849365,35.579408621],[-108.007897489,35.582544948],[-108.005007985,35.588632657],[-108.007558894,35.594345263],[-108.009971696,35.594939293],[-108.011622272,35.597563159],[-108.004861771,35.601725939],[-108.003224695,35.604862077],[-108.006079818,35.609452607],[-108.008573171,35.620835368],[-108.001707852,35.628779575],[-108.001801567,35.631249715],[-108.006917803,35.634191821],[-108.011101317,35.640919825],[-108.010464692,35.642748953],[-108.015075059,35.651408672],[-108.013588776,35.658771204],[-108.015690158,35.662634304],[-108.011358756,35.668070703],[-108.009620071,35.674933249],[-108.00655505,35.676146387],[-108.006605445,35.67778518],[-108.00068795,35.682810508],[-108.000378551,35.684863621],[-108.003372742,35.690039369],[-108.001713988,35.691854131],[-108.001923039,35.696688563],[-108.005198024,35.696669803],[-108.009348608,35.692738012],[-108.011715292,35.692573048],[-108.021533564,35.6990646],[-108.025633372,35.697570545],[-108.026596417,35.695018078],[-108.030266824,35.692480774],[-108.039003995,35.690329607],[-108.042244271,35.691824366],[-108.046277009,35.690815412],[-108.048069265,35.68849667],[-108.04753299,35.68077883],[-108.05319969,35.667467653],[-108.057403934,35.660670611],[-108.064555224,35.654116308],[-108.062828353,35.650371678],[-108.064543341,35.640243],[-108.079347979,35.63354336],[-108.0846439,35.628262231],[-108.086574233,35.622046932],[-108.083858689,35.617137494],[-108.086042872,35.612375649],[-108.090030178,35.609319867],[-108.090692958,35.604013203],[-108.089023964,35.601020574],[-108.090107775,35.593973685],[-108.095157696,35.589554748],[-108.094410773,35.587873221],[-108.097141674,35.584791885],[-108.095697919,35.58308694],[-108.100673316,35.579534345],[-108.103580147,35.580113739],[-108.113090548,35.577177245],[-108.11742197,35.572678967],[-108.122509611,35.573105248],[-108.136372314,35.57815566],[-108.142216715,35.57828574],[-108.142939272,35.582527946],[-108.149635784,35.585708704],[-108.159143706,35.585130763],[-108.154942025,35.591274348],[-108.155037423,35.594183836],[-108.151609138,35.597876892],[-108.143621876,35.601716847],[-108.140854171,35.599861726],[-108.137167303,35.601706506],[-108.134732625,35.611483271],[-108.13968323,35.615391214],[-108.138316942,35.616998953],[-108.140783649,35.619970115],[-108.145422849,35.620984406],[-108.151764698,35.618023513],[-108.153783115,35.618917204],[-108.153686573,35.623239554],[-108.148162804,35.631175729],[-108.147675381,35.636920836],[-108.151704752,35.64587945],[-108.158871985,35.644498752],[-108.162681023,35.647193909],[-108.168588526,35.648190596],[-108.178021159,35.643974311],[-108.183348289,35.648631332],[-108.188409638,35.650322442],[-108.196866599,35.649502665],[-108.209022418,35.642650396],[-108.21141018,35.638483032],[-108.216449242,35.635674686],[-108.218281137,35.639664517],[-108.223763253,35.63932621],[-108.225999825,35.637694653],[-108.228922358,35.640714176],[-108.241826351,35.644660689],[-108.241315155,35.646622142],[-108.244353927,35.652472836],[-108.247518022,35.652547362],[-108.250443749,35.656049559],[-108.250223881,35.657890001],[-108.254974044,35.662452259],[-108.254492702,35.664214334],[-108.262702997,35.66344726],[-108.265554813,35.668405039],[-108.271035882,35.669046502],[-108.273870803,35.667214574],[-108.277442059,35.660672034],[-108.287925768,35.657580574],[-108.307088171,35.646013684],[-108.316901345,35.644135708],[-108.320140065,35.645154753],[-108.321952312,35.648647338],[-108.332486601,35.646935483],[-108.335144023,35.64438988],[-108.338747334,35.646634958],[-108.340038543,35.652048282],[-108.357022104,35.654529775],[-108.357847188,35.656729863],[-108.356549462,35.658785102],[-108.362475801,35.662335784],[-108.354879968,35.668266777],[-108.352893149,35.673964338],[-108.361565966,35.678017005],[-108.366346947,35.682739117],[-108.372255795,35.681298012],[-108.376137884,35.684802965],[-108.382230007,35.682734055],[-108.386023435,35.679322732],[-108.391336177,35.679699904],[-108.399506738,35.67661134],[-108.409693216,35.677644796],[-108.421972526,35.676672735],[-108.430657388,35.680031137],[-108.432028391,35.682844824],[-108.440036731,35.68579887],[-108.440385525,35.689220755],[-108.446196039,35.689988591],[-108.448348146,35.693108231],[-108.453798163,35.694982229],[-108.456759566,35.700286213],[-108.458667745,35.708188798],[-108.461555098,35.71268546],[-108.459052534,35.720775136],[-108.46314195,35.726836155],[-108.457759606,35.733348462],[-108.455495897,35.73876269],[-108.456125625,35.741194105],[-108.467242275,35.750514383],[-108.478461351,35.754841935],[-108.482738843,35.754533214],[-108.486401303,35.761308166],[-108.485416496,35.77040321],[-108.486981703,35.77765331],[-108.497609046,35.784466118],[-108.502768692,35.798090397],[-108.500780024,35.80059613],[-108.50102686,35.804841586],[-108.50861777,35.812080691],[-108.505559779,35.817075124],[-108.50612212,35.819165097],[-108.509106777,35.819165816],[-108.513913069,35.810708988],[-108.518406063,35.807992542],[-108.51886008,35.800311134],[-108.516600851,35.7979766],[-108.515807131,35.787771043],[-108.521611405,35.782161746],[-108.521857384,35.778835216],[-108.525127055,35.774066651],[-108.524670854,35.7642875],[-108.528554241,35.759812559],[-108.528506328,35.750621322],[-108.536315447,35.747773272],[-108.534395875,35.753467576],[-108.536696886,35.755740318],[-108.531884076,35.764799477],[-108.535175365,35.76616891],[-108.535249429,35.769791003],[-108.528850018,35.774799223],[-108.525197973,35.783191887],[-108.525513223,35.789801565],[-108.521113611,35.796436101],[-108.524094826,35.79892205],[-108.524911608,35.804600046],[-108.532343432,35.815497224],[-108.558459225,35.828639013],[-108.562946225,35.828278105],[-108.566677996,35.812660271],[-108.582617247,35.798485034],[-108.587069464,35.791664675],[-108.586271568,35.786246419],[-108.575094016,35.778316701],[-108.573870855,35.774992128],[-108.577181182,35.770185743],[-108.575120646,35.764633752],[-108.569958806,35.762205952],[-108.576219708,35.753505709],[-108.579467372,35.73723422],[-108.575157404,35.729584161],[-108.580035173,35.717936668],[-108.591026978,35.712107097],[-108.593024674,35.703078579],[-108.596741711,35.702174738],[-108.595828417,35.7003145],[-108.597402342,35.695500042],[-108.603630218,35.694764852],[-108.607618091,35.690401751],[-108.618748768,35.687352453],[-108.619325838,35.684694973],[-108.615708104,35.679474638],[-108.617811667,35.674036929],[-108.620755293,35.67307974],[-108.632923526,35.675926625],[-108.64051827,35.673253805],[-108.65414942,35.672010946],[-108.658506154,35.667796112],[-108.668814426,35.656999708],[-108.668389835,35.653004604],[-108.672193398,35.651879586],[-108.671044008,35.649757838],[-108.67288107,35.645557506],[-108.672279396,35.643142391],[-108.67730805,35.639037979],[-108.678462296,35.631753007],[-108.688463653,35.613411772],[-108.686418277,35.60981503],[-108.688086321,35.605826676],[-108.692594904,35.606253382],[-108.700572933,35.599883966],[-108.706178512,35.600886801],[-108.712697658,35.599399428],[-108.721790068,35.607070245],[-108.719821019,35.613381702],[-108.721559801,35.615855625],[-108.720473689,35.620132405],[-108.722309391,35.622954976],[-108.725010871,35.621976597],[-108.735792059,35.623325225],[-108.737460023,35.624832764],[-108.734431836,35.63835483],[-108.737914848,35.640861842],[-108.745278304,35.638901484],[-108.747469992,35.639995244],[-108.749763687,35.644684004],[-108.753047025,35.645319428],[-108.760278421,35.640978922],[-108.763161544,35.64366434],[-108.767905122,35.642434201],[-108.77075647,35.64700733],[-108.774274265,35.648983624],[-108.77559389,35.654111441],[-108.778113186,35.654681188],[-108.777660847,35.660379277],[-108.782569191,35.659893435],[-108.784200376,35.656832788],[-108.791658932,35.653386794],[-108.793410989,35.658742228],[-108.802661917,35.665212045],[-108.806976561,35.66624744],[-108.810629798,35.663832777],[-108.8143343,35.668994792],[-108.818503538,35.670056178],[-108.830831215,35.667227319],[-108.831264411,35.671027418],[-108.829706682,35.673571691],[-108.833697775,35.677396399],[-108.8442609,35.677819732],[-108.846690088,35.679993098],[-108.853616622,35.675253249],[-108.860938611,35.679696325],[-108.860041481,35.681530925],[-108.861384652,35.682616126],[-108.865064222,35.680321497],[-108.869093396,35.680270397],[-108.868572508,35.682843628],[-108.873992799,35.690768505],[-108.876903073,35.691344355],[-108.881271092,35.689244471],[-108.889018117,35.691503545],[-108.891146073,35.690279922],[-108.89225684,35.693456627],[-108.894917002,35.69436578],[-108.899643812,35.693041514],[-108.901411784,35.696729411],[-108.911819507,35.696179442],[-108.916086266,35.703014302],[-108.915194089,35.709414853],[-108.91125939,35.713577143],[-108.917874916,35.718874345],[-108.916456312,35.721064452],[-108.91853568,35.721677612],[-108.91863701,35.724379466],[-108.915843322,35.731410745],[-108.919735991,35.733570562],[-108.921305867,35.736682005],[-108.918199132,35.741457199],[-108.920563629,35.74438443],[-108.925092625,35.745329262],[-108.924200032,35.747155385],[-108.929557403,35.752680888],[-108.927469504,35.754037961],[-108.928206518,35.755886249],[-108.932514164,35.75800876],[-108.934020946,35.761547464],[-108.937375602,35.7619699],[-108.938668488,35.765128457],[-108.941522383,35.765855025],[-108.941621356,35.769216338],[-108.943688379,35.771829346],[-108.941105564,35.774645954],[-108.940874119,35.777912476],[-108.957224873,35.785003202],[-108.958518699,35.788575645],[-108.956671684,35.793697225],[-108.960733381,35.798455393],[-108.957356712,35.800448765],[-108.95913079,35.807389224],[-108.953917363,35.81035733],[-108.956198276,35.816441397],[-108.952988364,35.823140514],[-108.953635176,35.826665599],[-108.951802137,35.832307144],[-108.958907723,35.835106836],[-108.960396639,35.839540978],[-108.958166044,35.846637558],[-108.952965811,35.845824006],[-108.948789669,35.850226405],[-108.943870528,35.850528858],[-108.935471108,35.860573696],[-108.929869256,35.859509368],[-108.924093237,35.863046246],[-108.917907614,35.861373379],[-108.916660256,35.866108987],[-108.912682215,35.871810548],[-108.91305255,35.874400301],[-108.909624896,35.879382379],[-108.910118379,35.883581145],[-108.905831368,35.888975867],[-108.906155621,35.897542858],[-108.898041108,35.899131928],[-108.898313111,35.902099941],[-108.886787646,35.907378961],[-108.883813411,35.906384901],[-108.87755708,35.908145937],[-108.869343589,35.905411018],[-108.858589725,35.908332207],[-108.844585751,35.906597006],[-108.844163956,35.908189075],[-108.847146934,35.911971449],[-108.841158557,35.917332422],[-108.842561735,35.92026195],[-108.841432092,35.922815909],[-108.854726614,35.925353431],[-108.856209646,35.929127569],[-108.845585898,35.939419753],[-108.844269158,35.944549888],[-108.84108866,35.944578311],[-108.841116252,35.948601341],[-108.834959799,35.950211459],[-108.830689681,35.947514683],[-108.824396963,35.9538155],[-108.824304349,35.955487861],[-108.829460325,35.960186278],[-108.828255098,35.962784026],[-108.831873208,35.967429417],[-108.828539049,35.970424829],[-108.830710196,35.970998442],[-108.830892813,35.974271592],[-108.832862757,35.97533379],[-108.832375731,35.977860002],[-108.833908143,35.979134382],[-108.832720768,35.981278174],[-108.828108632,35.98316794],[-108.826174847,35.989435238],[-108.828395218,35.989097481],[-108.83152141,35.993823692],[-108.841195363,35.991015265],[-108.849770329,35.997733204],[-108.84507427,36.001806123],[-108.846817382,36.003543341],[-108.850707519,36.005402386],[-108.85573827,36.004959765],[-108.853933007,36.008098107],[-108.865245289,36.007906633],[-108.864430633,36.01037778],[-108.86586977,36.013246178],[-108.864323943,36.014389987],[-108.859223824,36.01269229],[-108.853946669,36.013812315],[-108.85025376,36.017343415],[-108.85209383,36.019281287],[-108.848932769,36.022237089],[-108.847431783,36.028079598],[-108.842643959,36.026670434],[-108.839845088,36.029859101],[-108.840174962,36.034668623],[-108.837394109,36.038112899],[-108.839297061,36.039509773],[-108.837711946,36.045230135],[-108.840917519,36.04720396],[-108.84036075,36.049788302],[-108.842846511,36.054499278],[-108.839310543,36.057271302],[-108.844807005,36.063273862],[-108.848922699,36.061382959],[-108.856894419,36.064237783],[-108.857054878,36.062686946],[-108.860971391,36.060593312],[-108.864732345,36.061350967],[-108.865190465,36.064946856],[-108.872665936,36.063482341],[-108.875569035,36.065528381],[-108.881675344,36.063914227],[-108.883502452,36.065903862],[-108.892722558,36.065481923],[-108.894917271,36.063202657],[-108.891751637,36.057808083],[-108.892585403,36.05177552],[-108.894540744,36.05172114],[-108.895095376,36.047649527],[-108.902828292,36.042673717],[-108.901648496,36.039135219],[-108.904372674,36.031688186],[-108.906106384,36.030768404],[-108.902415426,36.029161707],[-108.902428757,36.027113388],[-108.907180037,36.023701722],[-108.908619701,36.018424398],[-108.911469523,36.01895021],[-108.916726497,36.014785805],[-108.918969419,36.006923705],[-108.923988379,36.002590434],[-108.926820588,36.0019897],[-108.929558585,36.004265805],[-108.932631202,36.002728201],[-108.933226784,35.999147964],[-108.937946048,36.000740565],[-108.93959438,35.999645695],[-108.945772378,35.991286974],[-108.946282194,35.986363915],[-108.958003659,35.983336216],[-108.961540264,35.985627726],[-108.972101926,35.980832654],[-108.980176687,35.981164186],[-108.980256549,35.985801156],[-108.988427964,35.989047641],[-108.99217827,35.989176878],[-108.997616015,35.985334741],[-109.007015361,35.98832686],[-109.012146938,35.986786709],[-109.017567085,35.988466116],[-109.026092156,35.987342222],[-109.017648993,35.994979187],[-109.020477388,36.003370525],[-109.029916212,36.01134082],[-109.036348621,36.01969018],[-109.038847472,36.02502022],[-109.037866112,36.026826941],[-109.044379115,36.033341706],[-109.069476599,36.025607186],[-109.088303013,36.014699854],[-109.092406956,36.010375147],[-109.099632853,36.007342354],[-109.097901064,36.002676235],[-109.092564137,35.997212987],[-109.093027124,35.992623084],[-109.091317327,35.990151974],[-109.092055898,35.985966845],[-109.096559732,35.983099818],[-109.09930071,35.979088078],[-109.105350982,35.966230034],[-109.117447847,35.957875974],[-109.119885066,35.952768735],[-109.127464458,35.945706644],[-109.133236335,35.946682441],[-109.150409853,35.937263699],[-109.16045627,35.938787664],[-109.169653219,35.924384358],[-109.184832233,35.914359498],[-109.192015728,35.906402017],[-109.199114784,35.903102928],[-109.199945428,35.892172299],[-109.206105386,35.881091972],[-109.217946563,35.886505883],[-109.229840092,35.887093971],[-109.24188435,35.891514999],[-109.249472991,35.886103146],[-109.254459038,35.885575646],[-109.259589488,35.881053784],[-109.263685965,35.890874944],[-109.271659218,35.899694245],[-109.279783464,35.89487333],[-109.288050589,35.894630954],[-109.291438611,35.892508184],[-109.299212676,35.89325898],[-109.304751247,35.891398919],[-109.31822942,35.893093561],[-109.324164865,35.896912145],[-109.325844501,35.895786303],[-109.333023797,35.897020585],[-109.342201183,35.896153833],[-109.349217361,35.893877425],[-109.354809008,35.888675183],[-109.358831626,35.882138495],[-109.38344121,35.869201275],[-109.389568894,35.863367388],[-109.390976582,35.859607436],[-109.397442425,35.857994621],[-109.405289377,35.852894817],[-109.408454587,35.849245765],[-109.409030799,35.843617855],[-109.411719356,35.841671854],[-109.414223825,35.836287799],[-109.422231827,35.830669138],[-109.425588027,35.825048274],[-109.429784994,35.824067632],[-109.436999702,35.815949954],[-109.441481313,35.816363602],[-109.458209803,35.823261571],[-109.473054425,35.811852055],[-109.486172983,35.810410676],[-109.487136722,35.805513265],[-109.496757287,35.796870604],[-109.51159717,35.792581619],[-109.51302641,35.794934322],[-109.517622561,35.795598336],[-109.519622079,35.799606956],[-109.528525752,35.798315684],[-109.538186343,35.807823275],[-109.542205264,35.814150248],[-109.541867013,35.818130825],[-109.545331179,35.819556123],[-109.549777937,35.818956837],[-109.554354803,35.806491517],[-109.560552083,35.800541179],[-109.560759283,35.794585435],[-109.567285874,35.786606629],[-109.575912089,35.782788709],[-109.578341086,35.779254351],[-109.575485214,35.77521593],[-109.579349836,35.768335465],[-109.588401808,35.765569113],[-109.588442381,35.762768521],[-109.592096616,35.759559877],[-109.605545195,35.756560046],[-109.619784162,35.747543036],[-109.623936874,35.741834759],[-109.640821051,35.7454935],[-109.649716871,35.744700661],[-109.657997272,35.746203599],[-109.661044178,35.754266802],[-109.660199278,35.75672522],[-109.661787908,35.759534095],[-109.662049554,35.768264733],[-109.678011925,35.762173206],[-109.682393099,35.755169008],[-109.694082494,35.744576452],[-109.696165058,35.739668142],[-109.702224326,35.735903009],[-109.707856011,35.737888083],[-109.716840869,35.735952173],[-109.718899787,35.752946428],[-109.721897725,35.758861077],[-109.732426541,35.755629734],[-109.741145322,35.758032289],[-109.747714356,35.756729101],[-109.754515519,35.750968647],[-109.765681962,35.760064948],[-109.764410946,35.767295987],[-109.77213487,35.765437799],[-109.785296615,35.771682658],[-109.788727803,35.770069235],[-109.790719421,35.774657648],[-109.793660354,35.775968012],[-109.795862619,35.779803978],[-109.788313342,35.787410087],[-109.792292985,35.788195012],[-109.795233585,35.786251722],[-109.796482683,35.792458576],[-109.804984378,35.798233543],[-109.811812025,35.794171987],[-109.822910096,35.792613673],[-109.831849805,35.798327155],[-109.831290234,35.80151546],[-109.835759468,35.806377736],[-109.839574857,35.806459066],[-109.844600716,35.803601287],[-109.84756777,35.80894841],[-109.845778436,35.816705025],[-109.851207071,35.816810379],[-109.850218212,35.82060351],[-109.856911867,35.82112078],[-109.852383603,35.826787266],[-109.854476616,35.829167066],[-109.8542453,35.836869839],[-109.856740775,35.843801802],[-109.85392727,35.847616563],[-109.854652251,35.851953135],[-109.853386926,35.855416834],[-109.849708878,35.85599654],[-109.845986728,35.853503106],[-109.842241657,35.853248445],[-109.834636942,35.854941812],[-109.830247426,35.857681749],[-109.831159492,35.861414593],[-109.834675855,35.865204023],[-109.834453004,35.872228333],[-109.838214941,35.874878273],[-109.837911169,35.881842243],[-109.852203857,35.886104814],[-109.854924994,35.890164815],[-109.853317527,35.894140246],[-109.858325561,35.902139778],[-109.85841539,35.90962888],[-109.860818567,35.915323351],[-109.864872604,35.91929875],[-109.867291232,35.925511754],[-109.866639568,35.929146589],[-109.868699322,35.930679788],[-109.866217233,35.93361763],[-109.866957553,35.94106628],[-109.872300749,35.949119232],[-109.870636503,35.953953898],[-109.872922743,35.95978463],[-109.878331102,35.96633199],[-109.883835622,35.969829982],[-109.889480881,35.985189996],[-109.897853038,35.992046518],[-109.897882229,35.99665709],[-109.90158868,35.998686081],[-109.900355274,36.002647493],[-109.901523209,36.013508891],[-109.905915391,36.020542989],[-109.904785432,36.025380728],[-109.906023032,36.027225975],[-109.907435745,36.029114095],[-109.910395706,36.028651891],[-109.912302634,36.031275189],[-109.916637751,36.032789952],[-109.92075479,36.031755596],[-109.930961628,36.038802949],[-109.94688882,36.040447143],[-109.951076523,36.050988667],[-109.950557876,36.063917011],[-109.953897084,36.069654474],[-109.955124875,36.079510228],[-109.953518218,36.081645943],[-109.954019864,36.087081012],[-109.959136524,36.09180922],[-109.957963382,36.108121129],[-109.9531905,36.113940643],[-109.944047193,36.120394962],[-109.93555262,36.121532039],[-109.927852391,36.128589302],[-109.92598568,36.132806895],[-109.919253672,36.136453729],[-109.914885751,36.141995008],[-109.916904403,36.145233525],[-109.920088472,36.146408022],[-109.920563381,36.150834742],[-109.912912161,36.158193468],[-109.903989953,36.161508031],[-109.903368563,36.164345627],[-109.898484506,36.169438736],[-109.887562621,36.176472141],[-109.886845122,36.181797726],[-109.881567909,36.188765512],[-109.878814808,36.189654634],[-109.872538688,36.187410843],[-109.86345738,36.19843305],[-109.859736357,36.198121312],[-109.850072602,36.205477005],[-109.847819168,36.21490889],[-109.844327729,36.218670848],[-109.845272101,36.225231459],[-109.847958906,36.228046037],[-109.846479477,36.233836201],[-109.83547691,36.237553898],[-109.833757185,36.242897996],[-109.827780909,36.245975898],[-109.828551103,36.25323558],[-109.819510867,36.261673683],[-109.811106089,36.263609839],[-109.812278164,36.274663204],[-109.80869701,36.282701615],[-109.81029295,36.285948391],[-109.808425921,36.293138064],[-109.809300537,36.299143953],[-109.810647304,36.299461081],[-109.814618785,36.308691443],[-109.818999456,36.311622728],[-109.819041137,36.31317016],[-109.827488505,36.31632807],[-109.826423814,36.32178561],[-109.824403276,36.322993554],[-109.8258399,36.327959072],[-109.828033137,36.329634685],[-109.827311381,36.332434113],[-109.829591249,36.341251964],[-109.828281482,36.347691706],[-109.832716127,36.352183539],[-109.832932562,36.356074983],[-109.842018195,36.361928561],[-109.838047699,36.368081797],[-109.838819264,36.371024623],[-109.83572808,36.374030011],[-109.836057262,36.376222812],[-109.842098896,36.378973076],[-109.860071042,36.37862206],[-109.867966201,36.37614911],[-109.870755284,36.373467744],[-109.877297971,36.373385229],[-109.881716371,36.375362921],[-109.883276824,36.382536486],[-109.885622581,36.384514983],[-109.903666173,36.387220195],[-109.909776621,36.384343993],[-109.915606012,36.38437466],[-109.921470657,36.388529512],[-109.923446094,36.391906508],[-109.930837722,36.395744725],[-109.932936146,36.405594151],[-109.928396637,36.414725653],[-109.928154073,36.419819579],[-109.929446293,36.421633145],[-109.936124097,36.421212704],[-109.940228945,36.418675892],[-109.950696097,36.421124839],[-109.964096012,36.439227649],[-109.964779136,36.442601484],[-109.970858111,36.443505984],[-109.979737929,36.451145842],[-109.983815021,36.452817957],[-109.997713833,36.452266924],[-110.007741429,36.45569825],[-110.009752091,36.460777209],[-110.006926982,36.464991196],[-110.027593613,36.475012132],[-110.028858523,36.478112161],[-110.036239761,36.481032708],[-110.038284524,36.480692179],[-110.038629562,36.478741352],[-110.036988669,36.469354536],[-110.03801445,36.461356027],[-110.043367758,36.460802729],[-110.046724767,36.456732139],[-110.049814695,36.459252768],[-110.049070622,36.462898684],[-110.059436612,36.464485946],[-110.054970679,36.456528541],[-110.063556687,36.452740817],[-110.070927817,36.452994848],[-110.072524221,36.455678874],[-110.083795841,36.463230476],[-110.085668595,36.468674144],[-110.084689219,36.473414506],[-110.097416059,36.469578609],[-110.101268157,36.469065157],[-110.105389403,36.470912374],[-110.109217323,36.469259124],[-110.114452459,36.470282205],[-110.121817506,36.46842055],[-110.136775041,36.474022082],[-110.15091925,36.484931764],[-110.159831733,36.484934016],[-110.169680815,36.489298935],[-110.172814959,36.492196797],[-110.173853993,36.498576926],[-110.179841533,36.500457885],[-110.185425179,36.509114885],[-110.185555946,36.513011375],[-110.183539876,36.517193192],[-110.195989743,36.513612944],[-110.199885046,36.528452164],[-110.209860226,36.530351578],[-110.213476035,36.528187259],[-110.215774885,36.536069497],[-110.214108122,36.538494268],[-110.215664175,36.541503497],[-110.212879827,36.544613817],[-110.21195429,36.548765452],[-110.214633366,36.553026586],[-110.211881143,36.555100459],[-110.208638783,36.567064774],[-110.203902432,36.571590121],[-110.207935811,36.578905948],[-110.208525726,36.585544716],[-110.215452433,36.588207754],[-110.22951474,36.590272766],[-110.237174019,36.595752294],[-110.242102915,36.605493145],[-110.241633112,36.61288278],[-110.24433191,36.613666996],[-110.241388802,36.61618516],[-110.242353388,36.622373026],[-110.245974819,36.628287984],[-110.255332475,36.635472479],[-110.25914549,36.643786962],[-110.258142009,36.648307892],[-110.263255197,36.651759116],[-110.272801206,36.649807021],[-110.279096646,36.650405718],[-110.283210449,36.644140956],[-110.286665179,36.643414069],[-110.292780768,36.646727176],[-110.303215883,36.646018083],[-110.306231862,36.643366868],[-110.311338942,36.64620971],[-110.312338767,36.649278618],[-110.330857098,36.661262733],[-110.334143678,36.657103369],[-110.345870098,36.650248965],[-110.355020031,36.648754581],[-110.360483877,36.646084399],[-110.375343286,36.651967954],[-110.380205024,36.648994806],[-110.38796505,36.647220953],[-110.399100107,36.650998738],[-110.407029654,36.645232873],[-110.414666029,36.636661552],[-110.426105687,36.631089805],[-110.428168918,36.627589307],[-110.432698745,36.626886593],[-110.450706595,36.614097362],[-110.471620485,36.558804875],[-110.476774525,36.552463495],[-110.489456578,36.548087036],[-110.497897342,36.554779742],[-110.503324302,36.553625832],[-110.490917797,36.581427887],[-110.496234007,36.592643415],[-110.498658826,36.607296761],[-110.503154922,36.612469187],[-110.502778215,36.614068696],[-110.50948307,36.616827964],[-110.508214666,36.621065526],[-110.510640273,36.63085022],[-110.512813751,36.63303052],[-110.513384968,36.642071415],[-110.515735917,36.645442988],[-110.515803546,36.651585971],[-110.513790299,36.657052919],[-110.51965501,36.658521488],[-110.517456154,36.662010783],[-110.523681776,36.663356962],[-110.523123616,36.668037284],[-110.529195285,36.672388722],[-110.534522396,36.670412608],[-110.540738732,36.670812947],[-110.538608761,36.676540185],[-110.542619613,36.678242224],[-110.541879759,36.687201709],[-110.551602266,36.684286974],[-110.554414062,36.685112502],[-110.555450808,36.687409795],[-110.551054981,36.701133587],[-110.562593702,36.704116447],[-110.561381449,36.708859973],[-110.564857093,36.715288054],[-110.575091026,36.71931195],[-110.576490528,36.724196112],[-110.581318015,36.729789924],[-110.585303589,36.73130776],[-110.584303891,36.734469707],[-110.58689368,36.741162295],[-110.582573668,36.743305116],[-110.581945156,36.745769674],[-110.574957963,36.750826689],[-110.574840111,36.75381943],[-110.572553838,36.756672454],[-110.572479598,36.762422271],[-110.568176204,36.767295083],[-110.562429222,36.770364484],[-110.576171292,36.778904089],[-110.5771165,36.783790739],[-110.574798226,36.79237979],[-110.5785667,36.794758681],[-110.589316174,36.792657154],[-110.592955435,36.793389716],[-110.597138406,36.788278876],[-110.602667762,36.785513867],[-110.604707946,36.782931689],[-110.605532257,36.777517525],[-110.608468873,36.777166925],[-110.61171878,36.774191059],[-110.61636202,36.775060412],[-110.618922802,36.773589089],[-110.629264212,36.779886996],[-110.638475261,36.779175714],[-110.641028216,36.7826142],[-110.640917514,36.787763626],[-110.644148514,36.792300284],[-110.660712724,36.784694676],[-110.66476732,36.779037681],[-110.669153833,36.777584512],[-110.672640814,36.773087136],[-110.676394569,36.763736065],[-110.675094354,36.758964991],[-110.678974821,36.745842198],[-110.685059508,36.742263293],[-110.694315054,36.724622682],[-110.69726981,36.722914433],[-110.700661691,36.716794879],[-110.706659213,36.712566661],[-110.714310504,36.701002913],[-110.724831065,36.69674073],[-110.726918528,36.683084115],[-110.737268408,36.683900082],[-110.744000322,36.674780393],[-110.750714661,36.672988865],[-110.751685676,36.669199112],[-110.759675649,36.668312209],[-110.764540023,36.66283969],[-110.777603602,36.65730184],[-110.786201508,36.64886017],[-110.796777403,36.644468944],[-110.796978154,36.632798716],[-110.801890297,36.627347674],[-110.805024662,36.620403913],[-110.803637807,36.615273313],[-110.804367968,36.608621751],[-110.808956358,36.601907864],[-110.815250844,36.602722173],[-110.821206792,36.605893079],[-110.831574929,36.604425017],[-110.838423121,36.605677536],[-110.851400277,36.600729131],[-110.854795807,36.59725382],[-110.85273787,36.594024245],[-110.853931951,36.592358897],[-110.856644687,36.591639371],[-110.861374217,36.593599487],[-110.872829853,36.584036505],[-110.886550441,36.585219971],[-110.901912616,36.590703957],[-110.909705301,36.589372937],[-110.920651296,36.591882819],[-110.926395408,36.588689063],[-110.929741918,36.58903856],[-110.933859872,36.58037973],[-110.931797945,36.579098294],[-110.933995047,36.576382555],[-110.934504894,36.56614241],[-110.940773847,36.557323312],[-110.944930414,36.557000734],[-110.952820539,36.552315584],[-110.959096593,36.540964783],[-110.963847311,36.537912367],[-110.979743047,36.53467557],[-110.981531317,36.532476039],[-110.98422448,36.532778882],[-110.994111547,36.526398247],[-110.998149085,36.52812027],[-111.000986942,36.53519236],[-111.003132228,36.535150738],[-111.010126034,36.529459636],[-111.008289218,36.52750916],[-111.00871986,36.525387096],[-111.019670421,36.522204527],[-111.025726458,36.516357236],[-111.035864573,36.514328522],[-111.044303998,36.505697707],[-111.055964446,36.501637496],[-111.064515937,36.501631124],[-111.06935374,36.507035821],[-111.069068013,36.508919639],[-111.076848125,36.512478776],[-111.071099073,36.517330486],[-111.072794141,36.518995152],[-111.079481088,36.519414866],[-111.082495646,36.525469851],[-111.080754494,36.532979385],[-111.083993257,36.536215429],[-111.08842935,36.533481205],[-111.092109729,36.540684826],[-111.099776067,36.547757809],[-111.092429888,36.555285596],[-111.091324831,36.564680834],[-111.099226111,36.573940603],[-111.100606918,36.580198345],[-111.099562636,36.588587927],[-111.104376003,36.59204572],[-111.102393909,36.596227554],[-111.105186121,36.602878368],[-111.104892761,36.616611735],[-111.106226618,36.621805365],[-111.105083629,36.623600847],[-111.108728475,36.634179906],[-111.108450563,36.64862095],[-111.11617885,36.652666868],[-111.114737507,36.65915526],[-111.119519091,36.662614884],[-111.118502986,36.667513224],[-111.125426817,36.676462115],[-111.123452526,36.681024366],[-111.126810941,36.684602935],[-111.125824598,36.690135291],[-111.128111783,36.693091198],[-111.126332033,36.696012089],[-111.132269799,36.697532325],[-111.130778139,36.705400198],[-111.140038578,36.711153711],[-111.139492156,36.718516111],[-111.14392263,36.720053543],[-111.149831813,36.732181719],[-111.1486357,36.735564834],[-111.150701177,36.739258492],[-111.153826972,36.74090416],[-111.159323325,36.733927781],[-111.169693733,36.734177755],[-111.172972764,36.729408514],[-111.175227193,36.729168403],[-111.182975026,36.721418863],[-111.183932852,36.714463191],[-111.187577856,36.708104041],[-111.186217902,36.706158189],[-111.188156995,36.704796664],[-111.188420359,36.697115542],[-111.191392602,36.691460517],[-111.190326008,36.673535657],[-111.19876197,36.668207387],[-111.202440984,36.661900062],[-111.203192695,36.653539562],[-111.207162529,36.650447708],[-111.212260559,36.650184867],[-111.217249549,36.64160728],[-111.223413128,36.63966924],[-111.229841991,36.634802031],[-111.233530124,36.628513124],[-111.236001679,36.629578835],[-111.242605229,36.625972663],[-111.249407218,36.627227831],[-111.25297654,36.633268788],[-111.252088638,36.636629283],[-111.249322292,36.63745175],[-111.245950623,36.636128445],[-111.241942155,36.641981928],[-111.2463377,36.645465331],[-111.244405631,36.648991068],[-111.248133808,36.653663983],[-111.25119776,36.670408584],[-111.253729434,36.671739813],[-111.2521873,36.680155744],[-111.26374968,36.679163346],[-111.267641987,36.681392509],[-111.269656434,36.686566384],[-111.276396648,36.69060078],[-111.276583618,36.692433383],[-111.2856331,36.694626448],[-111.286995953,36.691982631],[-111.29589991,36.690149745],[-111.308476989,36.676108965],[-111.311861585,36.675803538],[-111.314478381,36.670709052],[-111.309964558,36.661549781],[-111.314107968,36.655354035],[-111.316739992,36.654066207],[-111.319799562,36.655483008],[-111.322184401,36.659457912],[-111.321326074,36.664695469],[-111.318667188,36.666597233],[-111.318842375,36.670544612],[-111.324671149,36.675568999],[-111.32832398,36.68315153],[-111.339451788,36.684477751],[-111.343025133,36.678676476],[-111.34921723,36.675973736],[-111.349308901,36.672125377],[-111.35892071,36.668960367],[-111.361539331,36.665918149],[-111.367407621,36.672731101],[-111.382444445,36.668410853],[-111.381824271,36.67073785],[-111.38484423,36.673989825],[-111.386935988,36.680484007],[-111.395867974,36.674906615],[-111.398577362,36.67577762],[-111.400927449,36.674399223],[-111.406563307,36.679826874],[-111.405301629,36.681986834],[-111.409950253,36.684578447],[-111.408060965,36.688682904],[-111.411646797,36.688607303],[-111.417616643,36.69343605],[-111.417449616,36.69588066],[-111.419445605,36.695588604],[-111.422356066,36.697948905],[-111.426126526,36.695784266],[-111.432575247,36.696418763],[-111.434757955,36.699892707],[-111.434614497,36.704110844],[-111.439535225,36.705220571],[-111.439629639,36.710364025],[-111.444529794,36.709691273],[-111.446760263,36.707818738],[-111.457103404,36.70741537],[-111.463018975,36.722658665],[-111.458795438,36.726184793],[-111.457561515,36.731782463],[-111.46039419,36.73478185],[-111.459334028,36.741073539],[-111.465095411,36.742228371],[-111.463887195,36.750156848],[-111.470476606,36.753339024],[-111.473947995,36.752322796],[-111.476351932,36.75464192],[-111.47726679,36.759740606],[-111.500253009,36.756328358],[-111.502734087,36.759173438],[-111.514358417,36.763605229],[-111.516043086,36.76694166],[-111.52265247,36.767767564],[-111.523923149,36.770373326],[-111.544241043,36.782788356],[-111.55136564,36.778747639],[-111.554110812,36.772781735],[-111.558179222,36.771112754],[-111.561896992,36.765831796],[-111.575782124,36.760544666],[-111.573231049,36.755873623],[-111.57378912,36.753152422],[-111.593015526,36.735133859],[-111.596937895,36.729669618],[-111.597013549,36.724403026],[-111.598918511,36.721433234],[-111.606125367,36.718475677],[-111.613511658,36.70970496],[-111.619129109,36.710633774]],[[-109.576240645,36.352399445],[-109.576715732,36.347673275],[-109.574960428,36.347214159],[-109.575417209,36.345208671],[-109.567182694,36.341660774],[-109.565613474,36.338683708],[-109.548655613,36.335476695],[-109.547387127,36.332148107],[-109.544468601,36.333328396],[-109.539684394,36.332588215],[-109.54038403,36.329542715],[-109.535057741,36.328511115],[-109.522741402,36.321766243],[-109.52119701,36.320589096],[-109.521802649,36.317926487],[-109.520031513,36.314864207],[-109.513236237,36.308287301],[-109.51451365,36.304087655],[-109.513034615,36.301550145],[-109.505766574,36.293401194],[-109.49396199,36.292083418],[-109.491729672,36.293279709],[-109.487669154,36.291174635],[-109.478008547,36.278051743],[-109.468979789,36.274465815],[-109.463581712,36.268624596],[-109.449827271,36.270032949],[-109.449992223,36.27202862],[-109.445629668,36.277001439],[-109.438892941,36.277632772],[-109.430512658,36.285707716],[-109.424839521,36.288280772],[-109.431063588,36.291265519],[-109.436373626,36.290711594],[-109.442452576,36.295940004],[-109.443697376,36.299293003],[-109.455042337,36.29883103],[-109.469211783,36.301222603],[-109.478229343,36.299280539],[-109.482321263,36.303128339],[-109.486247783,36.304293423],[-109.487190494,36.307308451],[-109.491557044,36.308159223],[-109.494239736,36.315466316],[-109.502024685,36.320230125],[-109.505060149,36.325956053],[-109.507140945,36.326425609],[-109.510969648,36.331594144],[-109.516414456,36.332044706],[-109.523914976,36.329179164],[-109.524387934,36.337200238],[-109.53655806,36.340695894],[-109.541229951,36.350595812],[-109.561002677,36.352096426],[-109.562912103,36.34981752],[-109.565611984,36.35088355],[-109.568623615,36.349487118],[-109.571635546,36.3526652],[-109.576240645,36.352399445]],[[-110.458694153,37.384884694],[-110.455486334,37.387830804],[-110.455576589,37.390127291],[-110.452333716,37.392323187],[-110.453987196,37.397286414],[-110.450228213,37.403503832],[-110.44905715,37.409937672],[-110.445213494,37.410486182],[-110.44552436,37.412073846],[-110.440688656,37.413972456],[-110.436696106,37.421797627],[-110.437569382,37.423509414],[-110.441517379,37.423490371],[-110.453615152,37.429676445],[-110.457535697,37.428314556],[-110.462737736,37.423625049],[-110.472399879,37.422467592],[-110.471532719,37.41990888],[-110.473670014,37.417905624],[-110.477876655,37.420500222],[-110.480874114,37.420481897],[-110.484809369,37.418627405],[-110.502452024,37.417328096],[-110.502227134,37.415441257],[-110.497559392,37.413552491],[-110.49655732,37.41108203],[-110.484271903,37.40500097],[-110.487232558,37.401513537],[-110.484400981,37.398812258],[-110.470505519,37.398244037],[-110.47124229,37.395155248],[-110.464484952,37.383987586],[-110.458694153,37.384884694]],[[-110.278114643,36.827621553],[-110.275760523,36.821819908],[-110.277936016,36.812547145],[-110.280736677,36.808770338],[-110.278885761,36.804114612],[-110.279895854,36.795152207],[-110.283413513,36.792055466],[-110.278964381,36.787460541],[-110.273026855,36.788711361],[-110.26716114,36.784141384],[-110.265203012,36.77395937],[-110.26353927,36.772264384],[-110.266963503,36.769179192],[-110.265891211,36.765352884],[-110.262631684,36.765295582],[-110.259415671,36.761483928],[-110.25194812,36.762222566],[-110.246966907,36.760351838],[-110.243101888,36.755502285],[-110.237437175,36.753437683],[-110.224570456,36.757576745],[-110.222142411,36.755885579],[-110.214558345,36.759688578],[-110.198850261,36.763967938],[-110.192907877,36.768139085],[-110.179046188,36.772936603],[-110.179848892,36.775159898],[-110.175107424,36.774491175],[-110.167426283,36.777134472],[-110.165391726,36.775647343],[-110.140351881,36.781652106],[-110.128764356,36.782123337],[-110.126206697,36.78056631],[-110.100235155,36.79282738],[-110.097486264,36.790803732],[-110.091444782,36.791535027],[-110.090012791,36.796792805],[-110.084519983,36.801849983],[-110.068462364,36.810603654],[-110.066243859,36.813597243],[-110.061906491,36.813984646],[-110.061250536,36.816813401],[-110.043335679,36.830673124],[-110.02377194,36.842569659],[-110.028837076,36.847654289],[-110.038037006,36.850544931],[-110.044577491,36.854931472],[-110.047232463,36.854444294],[-110.05216109,36.859594977],[-110.059954854,36.862228437],[-110.060437732,36.864534112],[-110.064461593,36.866296815],[-110.063592155,36.868793125],[-110.064820544,36.870535325],[-110.07338266,36.867117743],[-110.082945037,36.868277116],[-110.08369027,36.869902595],[-110.080831356,36.879517548],[-110.075484488,36.883530386],[-110.079556453,36.890208671],[-110.082472188,36.891949001],[-110.084840627,36.892372563],[-110.092902618,36.88673899],[-110.0965706,36.888722507],[-110.102180502,36.887860852],[-110.114575397,36.881435856],[-110.121850963,36.885905747],[-110.126440929,36.885455118],[-110.135141516,36.894716248],[-110.140395993,36.894573761],[-110.144799744,36.897846088],[-110.145821379,36.904821888],[-110.150553764,36.904922631],[-110.149586039,36.901510936],[-110.154410367,36.893440058],[-110.163180195,36.889775645],[-110.166353465,36.889939548],[-110.17456847,36.894701667],[-110.177183335,36.89285842],[-110.192251455,36.901918382],[-110.192581676,36.904280167],[-110.189955937,36.906446557],[-110.194741573,36.908362716],[-110.199537557,36.919697224],[-110.203299609,36.923424711],[-110.205398749,36.929213019],[-110.207455342,36.929335029],[-110.208923461,36.928479706],[-110.206802644,36.91974938],[-110.208022535,36.916543673],[-110.210741037,36.915943965],[-110.215209142,36.906964607],[-110.219689295,36.904276953],[-110.219491427,36.90018379],[-110.221319299,36.897248302],[-110.220342751,36.896276964],[-110.224437977,36.89278856],[-110.225821729,36.885907459],[-110.23014683,36.881043846],[-110.228691129,36.875282928],[-110.229616878,36.872350764],[-110.223782107,36.870892963],[-110.220971092,36.868299217],[-110.218120606,36.85707047],[-110.202778455,36.850088184],[-110.199333867,36.84038738],[-110.190938235,36.836934947],[-110.191886583,36.835079323],[-110.194545291,36.832445319],[-110.19750836,36.833297323],[-110.203967015,36.830013088],[-110.210028063,36.832352114],[-110.20909059,36.831439595],[-110.210408608,36.830314109],[-110.214233661,36.830762893],[-110.217968814,36.833540854],[-110.22285728,36.831973802],[-110.226107569,36.82788715],[-110.224398942,36.824373372],[-110.226739972,36.816929504],[-110.233668875,36.810339948],[-110.239268816,36.809781062],[-110.2488621,36.814096519],[-110.248746668,36.81901855],[-110.25045063,36.822012223],[-110.257727213,36.826656144],[-110.266150896,36.826330678],[-110.26959011,36.831366142],[-110.275682257,36.831182831],[-110.278683474,36.828928857],[-110.278114643,36.827621553]],[[-110.088108337,37.134274649],[-110.085046085,37.134781794],[-110.073036604,37.1432399],[-110.056658007,37.151921147],[-110.054437778,37.155684868],[-110.066529794,37.161278025],[-110.070877436,37.168338626],[-110.084131876,37.167870872],[-110.091848965,37.173307362],[-110.096670773,37.174066812],[-110.110850322,37.173172609],[-110.120388282,37.166214241],[-110.131967071,37.160698356],[-110.137227703,37.160969917],[-110.137303695,37.159081856],[-110.129946083,37.152908875],[-110.123915781,37.151712398],[-110.122161252,37.148465023],[-110.119321391,37.14829758],[-110.121128658,37.143804624],[-110.117326755,37.141421749],[-110.113635535,37.141484317],[-110.112227588,37.132849745],[-110.107240463,37.134278342],[-110.088108337,37.134274649]],[[-109.831776342,36.923920603],[-109.829470648,36.924338999],[-109.826740815,36.922398306],[-109.827117861,36.916598002],[-109.817067422,36.920131782],[-109.812965098,36.918681032],[-109.805433514,36.912572779],[-109.792217201,36.909545799],[-109.777298769,36.916780049],[-109.771738978,36.916212244],[-109.763828174,36.924266453],[-109.764915949,36.928401045],[-109.776816205,36.936193106],[-109.775834406,36.937536297],[-109.77899064,36.942020723],[-109.777953391,36.944179941],[-109.798434221,36.933122216],[-109.803801651,36.933823159],[-109.803933196,36.938642819],[-109.809801605,36.938165383],[-109.818950151,36.933260937],[-109.825177397,36.933870243],[-109.827368984,36.928393355],[-109.834323248,36.925778733],[-109.831776342,36.923920603]],[[-109.814837235,36.969374069],[-109.808528955,36.986662049],[-109.803144545,36.992148375],[-109.803363795,36.994021497],[-109.805906172,36.994170662],[-109.8070345,36.996207605],[-109.817908285,36.999654691],[-109.832488925,36.998517173],[-109.837954237,37.002482705],[-109.839474621,37.000599084],[-109.8483331,36.999119857],[-109.84840085,36.995809766],[-109.852177616,36.990253108],[-109.85499417,36.989559841],[-109.851015484,36.982964584],[-109.848605508,36.981731352],[-109.845999832,36.98058622],[-109.839459488,36.98154852],[-109.831056917,36.978382942],[-109.825940659,36.974628621],[-109.826014991,36.972755433],[-109.822072024,36.972235512],[-109.817931297,36.96594575],[-109.814647296,36.967421439],[-109.814837235,36.969374069]],[[-109.377928268,36.904149644],[-109.376762842,36.903179032],[-109.377457083,36.901105016],[-109.373921078,36.898694074],[-109.368158951,36.898411738],[-109.366658362,36.89999887],[-109.36307858,36.898893941],[-109.361109245,36.895625551],[-109.349438342,36.891788534],[-109.346627129,36.894036894],[-109.348872688,36.895755697],[-109.347869163,36.900039923],[-109.332071169,36.918255528],[-109.330935939,36.924056095],[-109.327436891,36.924893051],[-109.323566441,36.930281398],[-109.327942588,36.931358199],[-109.332215061,36.928998721],[-109.341985257,36.932861423],[-109.352314705,36.924625656],[-109.358179041,36.923264511],[-109.364186841,36.917583591],[-109.373476224,36.912900888],[-109.374837805,36.909391868],[-109.377892932,36.907986041],[-109.376760371,36.906318788],[-109.3783475,36.90560075],[-109.377928268,36.904149644]],[[-109.720570003,36.373117845],[-109.723875432,36.368460995],[-109.729428776,36.369029334],[-109.731623141,36.362849073],[-109.740628724,36.358008807],[-109.749104083,36.350626042],[-109.761456651,36.347824198],[-109.772777147,36.336846975],[-109.776133614,36.328168479],[-109.779044791,36.327035815],[-109.780575456,36.322457653],[-109.786354226,36.320313318],[-109.789035617,36.316682043],[-109.802390643,36.308753074],[-109.807839142,36.304072158],[-109.809015776,36.299447756],[-109.80678581,36.301214849],[-109.800343428,36.300062352],[-109.792445337,36.303098723],[-109.780003388,36.301360115],[-109.774039777,36.298579484],[-109.763013555,36.301268094],[-109.760668976,36.305976256],[-109.753747969,36.310190765],[-109.749169537,36.312057162],[-109.746535752,36.310150083],[-109.741794889,36.310150887],[-109.733751311,36.315967733],[-109.73071196,36.321349484],[-109.720067137,36.327882225],[-109.712003416,36.327072766],[-109.709089913,36.330707451],[-109.7068816,36.330934693],[-109.708751473,36.333442402],[-109.705409945,36.3383569],[-109.707342499,36.339641614],[-109.70422321,36.344462727],[-109.695432914,36.352776807],[-109.691141885,36.353867335],[-109.693360468,36.357772855],[-109.696741011,36.358402551],[-109.698706024,36.369170837],[-109.693143301,36.374712609],[-109.687625118,36.375764432],[-109.68742365,36.378773027],[-109.697854544,36.379293052],[-109.705439536,36.376795282],[-109.715070195,36.376363621],[-109.720570003,36.373117845]],[[-109.259416001,36.167972825],[-109.255334387,36.168585365],[-109.252973862,36.171106027],[-109.24777039,36.166304904],[-109.243174769,36.164633014],[-109.241391213,36.169352228],[-109.236122261,36.172735952],[-109.23389121,36.180382984],[-109.228796708,36.182335212],[-109.221006155,36.19099241],[-109.219415338,36.196659417],[-109.21043727,36.202369119],[-109.211493924,36.206745935],[-109.207989928,36.209764507],[-109.206209806,36.214332282],[-109.211866707,36.217299169],[-109.225606018,36.21333497],[-109.228146366,36.216363089],[-109.231894531,36.216444036],[-109.237977588,36.213523804],[-109.246626119,36.204419134],[-109.251379558,36.202717801],[-109.255435901,36.204246977],[-109.261671986,36.203662314],[-109.264034175,36.201838789],[-109.266146023,36.196116828],[-109.275087433,36.192312619],[-109.276163228,36.189848656],[-109.27438693,36.18821308],[-109.275810407,36.187709359],[-109.275283019,36.182943781],[-109.276583027,36.181185888],[-109.27555402,36.178285391],[-109.272895346,36.176057509],[-109.266270672,36.17661675],[-109.263655032,36.171486622],[-109.26026173,36.168913777],[-109.261023513,36.166565333],[-109.259416001,36.167972825]],[[-109.343156197,37.018373071],[-109.341124321,37.0181849],[-109.333235989,37.024896083],[-109.32892735,37.031430964],[-109.329274687,37.034689904],[-109.333424646,37.040088962],[-109.338238863,37.042782027],[-109.336817566,37.044336245],[-109.340600031,37.049672462],[-109.337352389,37.054684839],[-109.325621267,37.065450755],[-109.323187629,37.072281806],[-109.311657435,37.075324008],[-109.308948479,37.077639349],[-109.304172304,37.077862143],[-109.303332127,37.079157097],[-109.309672548,37.089609937],[-109.31690406,37.09065477],[-109.320689229,37.095866679],[-109.324987885,37.096944721],[-109.324981167,37.095335847],[-109.32188557,37.093980786],[-109.322169341,37.090643483],[-109.320222926,37.089496832],[-109.326103677,37.080940163],[-109.356493123,37.071508459],[-109.361937016,37.065845609],[-109.365780851,37.065067201],[-109.378329952,37.068505525],[-109.385583012,37.066393886],[-109.396084997,37.072783901],[-109.411420941,37.078810998],[-109.411799108,37.084851085],[-109.426937124,37.094878999],[-109.425405469,37.098523415],[-109.434353798,37.10472111],[-109.434509584,37.111534039],[-109.436646405,37.115594459],[-109.43405212,37.118962692],[-109.435156671,37.12505896],[-109.440478275,37.122720975],[-109.450962367,37.121264904],[-109.456034174,37.123126792],[-109.459092885,37.122425112],[-109.47208155,37.113429141],[-109.472668873,37.101303327],[-109.469714801,37.093136808],[-109.460741075,37.088528969],[-109.457522799,37.090907271],[-109.454655793,37.090791077],[-109.451050919,37.08670938],[-109.447934681,37.086285026],[-109.447489342,37.084139727],[-109.44924644,37.073693958],[-109.454607007,37.069102466],[-109.455830481,37.06361366],[-109.460582227,37.063131808],[-109.46692012,37.056484089],[-109.467323238,37.054247852],[-109.462631475,37.053709153],[-109.453024919,37.048960923],[-109.450533882,37.049620334],[-109.448522728,37.053640205],[-109.440413028,37.05247778],[-109.438284976,37.054712537],[-109.429344503,37.057705127],[-109.423858421,37.050611402],[-109.420246972,37.048746085],[-109.405925173,37.048104544],[-109.383360522,37.03930263],[-109.375671197,37.039627229],[-109.360113706,37.03034061],[-109.359547703,37.026605273],[-109.35319331,37.021238864],[-109.344493669,37.01726741],[-109.343156197,37.018373071]],[[-108.817082855,37.260281421],[-108.815137959,37.256059088],[-108.810907179,37.25425276],[-108.811458985,37.252680744],[-108.809002094,37.249564963],[-108.813883602,37.248490712],[-108.816620086,37.245373407],[-108.815947942,37.23908546],[-108.812973148,37.23744747],[-108.812135249,37.234773739],[-108.802979054,37.231703399],[-108.803984358,37.229431002],[-108.802982397,37.226700815],[-108.79927554,37.227759688],[-108.793978109,37.225350821],[-108.788015429,37.225422712],[-108.780595224,37.227964303],[-108.778648744,37.231180526],[-108.771225628,37.234365468],[-108.761264091,37.233621031],[-108.757046418,37.230889402],[-108.750378999,37.230111751],[-108.740352115,37.225867123],[-108.736027409,37.219288302],[-108.728910054,37.215499166],[-108.722335634,37.214288229],[-108.717889788,37.208416094],[-108.713222857,37.208746437],[-108.715706222,37.225023359],[-108.729398377,37.231904668],[-108.739556772,37.235106404],[-108.755525705,37.237139254],[-108.765359411,37.240130687],[-108.770695867,37.245841767],[-108.774974612,37.248045267],[-108.777118983,37.253267288],[-108.775950574,37.255115512],[-108.777412913,37.261843975],[-108.779934277,37.264808874],[-108.785470117,37.266792266],[-108.788910583,37.27133424],[-108.802863951,37.270924753],[-108.808682646,37.267430662],[-108.813688813,37.270679622],[-108.819522678,37.263442184],[-108.817082855,37.260281421]],[[-109.293734886,37.080350514],[-109.297623929,37.074434452],[-109.298357083,37.062442009],[-109.290899679,37.046441003],[-109.278742658,37.038263946],[-109.268672868,37.03758817],[-109.261863607,37.043458402],[-109.264554144,37.048038312],[-109.263432458,37.049247891],[-109.265187106,37.048874531],[-109.266158704,37.051244827],[-109.270804561,37.054195545],[-109.269917033,37.056669875],[-109.27426701,37.061974545],[-109.288209769,37.06954079],[-109.29211561,37.075219437],[-109.290412931,37.077634171],[-109.29162082,37.080994224],[-109.293734886,37.080350514]],[[-109.12696316,36.798602298],[-109.119740098,36.801371163],[-109.118008224,36.804982439],[-109.109501278,36.805549096],[-109.094296567,36.812619914],[-109.086176722,36.809450869],[-109.077009865,36.802790765],[-109.074420274,36.798604939],[-109.06336568,36.798428744],[-109.051772575,36.807813361],[-109.030124218,36.810319544],[-109.029362225,36.812995675],[-109.021655422,36.815546777],[-109.019986384,36.818733231],[-109.013156625,36.82377298],[-109.009617347,36.82429484],[-109.000382735,36.820295397],[-108.997354341,36.821688432],[-108.999595903,36.825642981],[-109.004204916,36.827429407],[-109.006636286,36.831057073],[-109.013951757,36.833273482],[-109.019339439,36.833067953],[-109.024896926,36.830311798],[-109.042191154,36.827044083],[-109.046749009,36.824839125],[-109.054098281,36.826494084],[-109.063775238,36.825113437],[-109.082299058,36.827325154],[-109.095805789,36.827052389],[-109.096272169,36.829704621],[-109.087942771,36.843425993],[-109.081976309,36.843750548],[-109.077428801,36.849104416],[-109.064008228,36.85101881],[-109.061406124,36.853095494],[-109.048612686,36.856827553],[-109.035367745,36.854850767],[-109.029735655,36.85806934],[-109.023020603,36.857695153],[-109.021479981,36.863336018],[-109.016648213,36.869330206],[-109.015264722,36.87619544],[-109.010681504,36.877081718],[-109.00071578,36.875253642],[-108.998637874,36.877100753],[-109.000052716,36.881343535],[-109.007277854,36.882571829],[-109.011578634,36.880343854],[-109.017507467,36.880042009],[-109.021128155,36.880307448],[-109.022662882,36.882524697],[-109.030975654,36.879722637],[-109.040079834,36.880706637],[-109.051422596,36.877417013],[-109.070252567,36.875962065],[-109.074142642,36.874739388],[-109.076728447,36.871904024],[-109.08533284,36.869517955],[-109.090922519,36.863794498],[-109.092344308,36.858923326],[-109.095903243,36.854492147],[-109.106746184,36.849185769],[-109.1130302,36.839224355],[-109.120541085,36.837664564],[-109.120764779,36.833629408],[-109.125902631,36.828622657],[-109.12490067,36.827693393],[-109.127330384,36.818818463],[-109.123363624,36.815650292],[-109.124891477,36.809733885],[-109.123213503,36.807898775],[-109.123369439,36.80546342],[-109.128204726,36.798903305],[-109.12696316,36.798602298]],[[-108.588377317,35.919949202],[-108.586009842,35.919656338],[-108.583710777,35.921953371],[-108.580798989,35.920227544],[-108.577874179,35.921602789],[-108.572616471,35.930557107],[-108.562088614,35.941774576],[-108.557605457,35.942151192],[-108.54966781,35.93609313],[-108.549626388,35.939754526],[-108.545811177,35.94525183],[-108.54876303,35.957972574],[-108.539853818,35.965388158],[-108.535313244,35.977768584],[-108.536066298,35.978932422],[-108.528072186,35.981104497],[-108.52668963,35.984105253],[-108.52234876,35.986356897],[-108.520112584,35.992918716],[-108.522495252,36.001806424],[-108.527211693,36.004683548],[-108.529098024,36.000747062],[-108.531885573,36.000585136],[-108.533072854,36.001399017],[-108.532913419,36.006368955],[-108.540182523,36.000690746],[-108.541057142,35.999386239],[-108.539407665,35.997504488],[-108.543109756,35.991253499],[-108.543416653,35.985718849],[-108.549697397,35.973681479],[-108.560769748,35.964751939],[-108.568742221,35.954154942],[-108.574764303,35.94504605],[-108.57619601,35.939285742],[-108.57493037,35.936856885],[-108.580759297,35.933095286],[-108.58187706,35.930189193],[-108.58623192,35.928524503],[-108.590266958,35.922860562],[-108.588377317,35.919949202]],[[-108.079850954,36.187374263],[-108.079074314,36.183611479],[-108.072009441,36.17507451],[-108.071528311,36.168152975],[-108.074309089,36.164579125],[-108.070187024,36.162105772],[-108.05592916,36.158672388],[-108.042485342,36.164198859],[-108.037470534,36.164312795],[-108.01065497,36.173238298],[-107.999028463,36.17328908],[-107.990855451,36.175616412],[-107.987445141,36.178932858],[-107.982960858,36.17961103],[-107.967095382,36.191367118],[-107.941999002,36.204696107],[-107.917747737,36.204150408],[-107.910770796,36.209289773],[-107.896488855,36.202770889],[-107.892746911,36.204448895],[-107.890776177,36.208140947],[-107.885876351,36.211151498],[-107.8835823,36.219260523],[-107.868236771,36.225056135],[-107.864790516,36.228987632],[-107.866166634,36.23219521],[-107.865221933,36.233578117],[-107.853827468,36.240200249],[-107.850735331,36.245015366],[-107.841662507,36.247810972],[-107.840457842,36.24993864],[-107.844726834,36.268409565],[-107.842929999,36.269938189],[-107.84276268,36.273531564],[-107.84025619,36.27452341],[-107.853877524,36.274670491],[-107.861077982,36.271888067],[-107.865499114,36.27354556],[-107.879411845,36.273158707],[-107.891116988,36.270257605],[-107.899012585,36.266025982],[-107.924439919,36.267533087],[-107.943546256,36.258102921],[-107.952968949,36.259200023],[-107.95945927,36.25705834],[-107.963530793,36.253008182],[-107.969333043,36.253630777],[-107.983584539,36.245715451],[-107.989826727,36.24401667],[-107.994814261,36.239727242],[-108.007744495,36.237934629],[-108.018093249,36.232600326],[-108.033632605,36.23118218],[-108.046051366,36.233624389],[-108.045947534,36.230584519],[-108.037373585,36.227318465],[-108.027472639,36.227780736],[-108.010686661,36.223276333],[-107.997070118,36.221658287],[-107.995593709,36.222769198],[-107.969435719,36.217584861],[-107.979483848,36.209959563],[-107.991757325,36.206424492],[-108.000722343,36.200764717],[-108.008430274,36.199610462],[-108.015705229,36.201895764],[-108.018068774,36.200939491],[-108.01697222,36.203792748],[-108.023474803,36.206292866],[-108.031008121,36.20596702],[-108.036320198,36.208289587],[-108.046734247,36.208744697],[-108.059823651,36.199183093],[-108.066239949,36.197550636],[-108.072047774,36.193078845],[-108.077693982,36.191517613],[-108.079850954,36.187374263]],[[-107.565516232,35.966756918],[-107.567089636,35.966318652],[-107.567920479,35.964793134],[-107.566704974,35.963239686],[-107.568803816,35.961731624],[-107.564944402,35.957792121],[-107.542821945,35.956434773],[-107.539308509,35.95781447],[-107.525778406,35.955481783],[-107.520648932,35.96054352],[-107.513805905,35.963277173],[-107.505306319,35.960535384],[-107.496175876,35.961451234],[-107.495619794,35.962890423],[-107.48475258,35.965856643],[-107.483329336,35.967613827],[-107.485143811,35.970242104],[-107.498746113,35.974457429],[-107.503937624,35.982180574],[-107.524637349,35.985663995],[-107.538764078,35.983897202],[-107.550507157,35.979550343],[-107.554247015,35.971472645],[-107.565516232,35.966756918]],[[-108.87203567,36.326234412],[-108.881895297,36.317336061],[-108.890953701,36.31314854],[-108.910516087,36.307674355],[-108.913301674,36.302457257],[-108.928227142,36.291962408],[-108.924587674,36.291697124],[-108.919860143,36.288817045],[-108.914312451,36.28971772],[-108.892714082,36.279329396],[-108.880320921,36.277038526],[-108.874625526,36.274075961],[-108.83937683,36.278748685],[-108.823636322,36.284247021],[-108.805667441,36.303985549],[-108.788144175,36.318669865],[-108.78624514,36.322993738],[-108.769328601,36.334570569],[-108.76000723,36.335921314],[-108.760733666,36.338104783],[-108.764157781,36.339420288],[-108.782764231,36.332929033],[-108.79084176,36.333167178],[-108.784232803,36.336327059],[-108.771360824,36.339369346],[-108.768208,36.343046052],[-108.768744018,36.345218258],[-108.787864225,36.339986698],[-108.79775458,36.345950443],[-108.803565239,36.345644087],[-108.810778289,36.348643151],[-108.816955473,36.348970305],[-108.846686089,36.330096625],[-108.853121789,36.334165453],[-108.85628881,36.333698586],[-108.87203567,36.326234412]],[[-107.782901658,37.036170497],[-107.774553691,37.033360764],[-107.773271425,37.02888492],[-107.769120476,37.026576483],[-107.762442238,37.027662227],[-107.750201965,37.019464856],[-107.743595351,37.019202052],[-107.74205808,37.016203224],[-107.740201955,37.016114743],[-107.732494086,37.008919041],[-107.727693616,37.007912151],[-107.727399482,37.006250445],[-107.721518532,37.003757428],[-107.720219941,36.999451533],[-107.716874053,36.995768928],[-107.709892927,36.999280071],[-107.707394715,37.003125523],[-107.706009006,37.007130213],[-107.706764883,37.010886245],[-107.712488721,37.017026842],[-107.710739594,37.020076362],[-107.715758906,37.024995601],[-107.716024071,37.033499573],[-107.712771684,37.039334357],[-107.712880148,37.045263198],[-107.715941049,37.050594594],[-107.708483758,37.057787139],[-107.711101757,37.059106653],[-107.713496214,37.063651519],[-107.713760453,37.068943381],[-107.711003312,37.07279272],[-107.718640925,37.079872526],[-107.725613215,37.083669841],[-107.735074177,37.080243434],[-107.740904007,37.080003414],[-107.753622605,37.084013945],[-107.75473388,37.08194306],[-107.761167716,37.078867122],[-107.769894416,37.078376152],[-107.78176084,37.07169834],[-107.785683737,37.072237262],[-107.788872791,37.070634744],[-107.794024848,37.063871409],[-107.789694054,37.061671736],[-107.787141852,37.05726143],[-107.788424708,37.054370168],[-107.781452759,37.050293897],[-107.783599235,37.046626688],[-107.781630036,37.042633452],[-107.778923076,37.041071165],[-107.783349309,37.037667473],[-107.782901658,37.036170497]],[[-107.784892236,37.375174086],[-107.78195573,37.375967429],[-107.775694867,37.384399132],[-107.771006871,37.38512051],[-107.767559157,37.383058014],[-107.758766745,37.384326185],[-107.758509473,37.38690132],[-107.746808624,37.395313548],[-107.737695551,37.396072734],[-107.734934281,37.398614872],[-107.732267253,37.410422569],[-107.727576464,37.412700766],[-107.712862904,37.433009583],[-107.714204472,37.436120713],[-107.711618087,37.44257111],[-107.712631233,37.447418914],[-107.715056454,37.448429413],[-107.718037436,37.45411071],[-107.720136035,37.454963121],[-107.721225945,37.457723498],[-107.719360279,37.462413],[-107.721770477,37.469716392],[-107.72968925,37.470879056],[-107.742675951,37.464375676],[-107.750830063,37.464254896],[-107.753155162,37.461822463],[-107.766813456,37.460506931],[-107.768825777,37.458475486],[-107.775707341,37.45684981],[-107.781496355,37.461139569],[-107.796193712,37.452864564],[-107.794792837,37.443890187],[-107.800670952,37.438402734],[-107.800857715,37.428158433],[-107.807746443,37.422437932],[-107.816067711,37.411904205],[-107.805503284,37.405955182],[-107.801767992,37.397924337],[-107.795567433,37.392322916],[-107.795058666,37.38616672],[-107.792185316,37.379737655],[-107.790216393,37.379464067],[-107.788170829,37.375691931],[-107.784892236,37.375174086]],[[-109.608399621,37.172153295],[-109.606135017,37.172846998],[-109.603092813,37.177384793],[-109.598604679,37.177091523],[-109.590429974,37.181482256],[-109.581092119,37.189527258],[-109.582121439,37.190492931],[-109.579940053,37.192488878],[-109.586363535,37.194608771],[-109.594653354,37.193535813],[-109.603556925,37.180586579],[-109.603233522,37.177828491],[-109.608399621,37.172153295]],[[-109.42926833,36.962227049],[-109.427023143,36.959678992],[-109.42343471,36.959514516],[-109.427112736,36.969681543],[-109.430562641,36.973168024],[-109.432967978,36.973169083],[-109.435001165,36.971312356],[-109.435165375,36.967395796],[-109.434620167,36.965872255],[-109.430408891,36.964706529],[-109.42926833,36.962227049]],[[-110.432458978,37.345818261],[-110.425382739,37.34624082],[-110.422492328,37.350920057],[-110.426533381,37.352185799],[-110.429627976,37.350737092],[-110.433171052,37.348756378],[-110.432458978,37.345818261]],[[-111.502229191,38.625014],[-111.498141056,38.619439134],[-111.488776099,38.613277586],[-111.486710928,38.608753999],[-111.478299707,38.60271495],[-111.478150721,38.598651422],[-111.463426628,38.596361744],[-111.46069704,38.59392122],[-111.451483778,38.596983529],[-111.450541288,38.600247067],[-111.442960628,38.60368941],[-111.440581969,38.608666001],[-111.442168542,38.612805404],[-111.438001725,38.617086801],[-111.439183839,38.621408628],[-111.438112709,38.62333526],[-111.434555039,38.623749961],[-111.429593331,38.619800753],[-111.42494721,38.622967064],[-111.419694911,38.621247155],[-111.414326548,38.622948746],[-111.407826336,38.622014773],[-111.410498649,38.625789967],[-111.409687475,38.632167996],[-111.416830914,38.636865632],[-111.416439901,38.642627253],[-111.426664406,38.644523189],[-111.427425353,38.648097224],[-111.433555807,38.64873065],[-111.441005196,38.64660074],[-111.439542254,38.640905186],[-111.450894759,38.636648601],[-111.457451379,38.636602923],[-111.459142514,38.632903663],[-111.463238271,38.634169574],[-111.467918947,38.638213681],[-111.480535793,38.641468589],[-111.483019591,38.638421976],[-111.482993226,38.636029687],[-111.49058369,38.633680466],[-111.49567888,38.6297044],[-111.499164188,38.62942636],[-111.502229191,38.625014]],[[-111.479229075,38.48511127],[-111.486745539,38.48742428],[-111.493284113,38.486884598],[-111.495535871,38.489816929],[-111.498297815,38.488653944],[-111.501474198,38.491621496],[-111.505974608,38.491769921],[-111.513025196,38.487345473],[-111.521650315,38.489242374],[-111.537104717,38.482638985],[-111.539392884,38.484621951],[-111.542400418,38.484365474],[-111.546694053,38.489017833],[-111.551279128,38.487224176],[-111.553763352,38.483298712],[-111.559854125,38.484774926],[-111.568039878,38.484172911],[-111.572463928,38.479375552],[-111.581585313,38.478050289],[-111.582825049,38.476301506],[-111.575645883,38.475293755],[-111.563024346,38.47719705],[-111.557423385,38.474097783],[-111.558732061,38.472232439],[-111.557527322,38.470374625],[-111.55269952,38.469553588],[-111.551231776,38.470747146],[-111.533687901,38.461476082],[-111.519140418,38.45942288],[-111.515743146,38.457110156],[-111.509006656,38.457270699],[-111.497984832,38.450997493],[-111.490304238,38.4500192],[-111.485479106,38.451415198],[-111.482309588,38.454211606],[-111.478977178,38.453053187],[-111.475005653,38.454594819],[-111.472264566,38.462700955],[-111.469985822,38.463549008],[-111.466864461,38.468492757],[-111.466874103,38.47270626],[-111.469696216,38.474465829],[-111.471144323,38.4830955],[-111.474570338,38.485571073],[-111.479229075,38.48511127]],[[-111.680595939,38.079820062],[-111.682454972,38.087595291],[-111.686425995,38.080869259],[-111.681779748,38.078590356],[-111.680595939,38.079820062]],[[-111.674232737,38.092607728],[-111.669339376,38.093357609],[-111.67808868,38.101282797],[-111.678378963,38.103506159],[-111.682168051,38.105812257],[-111.684147418,38.104616643],[-111.683345093,38.09918417],[-111.678950681,38.096605422],[-111.67797788,38.093974087],[-111.674232737,38.092607728]],[[-111.694471724,38.248455772],[-111.689598407,38.249372144],[-111.6860898,38.251961006],[-111.686242861,38.254523258],[-111.679020452,38.257370807],[-111.667334202,38.267433471],[-111.644643187,38.263032015],[-111.644699725,38.260953817],[-111.639184198,38.260594971],[-111.63077452,38.263015282],[-111.628689952,38.266234384],[-111.617657295,38.273920362],[-111.608324725,38.272946128],[-111.6087872,38.275365685],[-111.596117096,38.284701385],[-111.584817601,38.28660726],[-111.57738771,38.290735525],[-111.573836139,38.295288493],[-111.570323511,38.297070496],[-111.570551553,38.299251902],[-111.565225705,38.301263269],[-111.561114429,38.308610584],[-111.555107456,38.310390451],[-111.565121632,38.311728326],[-111.566376468,38.313196819],[-111.571034095,38.31250014],[-111.587145404,38.304561296],[-111.603757339,38.304920516],[-111.607905728,38.301340302],[-111.616570849,38.298190023],[-111.629075588,38.297687867],[-111.654430161,38.283628731],[-111.674559315,38.285217377],[-111.686310442,38.28786072],[-111.696118162,38.285397587],[-111.712135473,38.285647637],[-111.729117715,38.294491635],[-111.734167564,38.291758748],[-111.730880353,38.29012792],[-111.728591674,38.281262932],[-111.714315582,38.272213224],[-111.709673617,38.264055693],[-111.709424288,38.260021833],[-111.706489388,38.25867374],[-111.701292874,38.262804621],[-111.696194318,38.259698032],[-111.701662917,38.250637437],[-111.698251566,38.248519658],[-111.695991858,38.249538104],[-111.694471724,38.248455772]],[[-111.772558103,38.199066817],[-111.771996685,38.211965577],[-111.777765562,38.210762927],[-111.780383024,38.206522334],[-111.782964367,38.205929915],[-111.780030461,38.199195055],[-111.772038399,38.197576924],[-111.772558103,38.199066817]],[[-111.808649061,38.232177873],[-111.809550315,38.2393165],[-111.811062434,38.242664198],[-111.815150183,38.24522886],[-111.815359298,38.248609058],[-111.828609932,38.261066901],[-111.829661191,38.260642921],[-111.8299637,38.256535643],[-111.825841438,38.251963587],[-111.8242052,38.248036273],[-111.824998362,38.245277416],[-111.821806181,38.23804212],[-111.816080245,38.234894394],[-111.811978842,38.230256875],[-111.808649061,38.232177873]],[[-111.377973349,38.862877803],[-111.379880646,38.860209853],[-111.373591178,38.855720588],[-111.374109553,38.851886495],[-111.368197324,38.850308627],[-111.352979072,38.840403822],[-111.348700178,38.838674992],[-111.345632215,38.84105524],[-111.341740767,38.841189802],[-111.333834928,38.837000544],[-111.331194681,38.837630002],[-111.325861867,38.843669398],[-111.32567844,38.841130973],[-111.32283082,38.838666569],[-111.308877574,38.835034434],[-111.306098166,38.832868421],[-111.300390392,38.83952416],[-111.2893522,38.839817527],[-111.284977325,38.844558682],[-111.282931696,38.850228926],[-111.283569194,38.852414158],[-111.293198383,38.855235256],[-111.302318905,38.85094173],[-111.314600461,38.852127858],[-111.319645265,38.855295086],[-111.321413237,38.853739879],[-111.326038168,38.855641538],[-111.340334616,38.856780384],[-111.347524552,38.863731653],[-111.349907814,38.862213513],[-111.354101271,38.863631127],[-111.368907493,38.860673429],[-111.372105261,38.864069989],[-111.377973349,38.862877803]],[[-109.237119064,38.464434693],[-109.237752633,38.466691975],[-109.246674608,38.472181898],[-109.249460718,38.477311252],[-109.264262923,38.485439894],[-109.278574697,38.490290302],[-109.279836424,38.494945773],[-109.282014689,38.496418932],[-109.292982051,38.495329487],[-109.29840849,38.491038718],[-109.304252452,38.48945485],[-109.315142523,38.489340955],[-109.319502589,38.486738238],[-109.337556882,38.484619137],[-109.32494482,38.482028333],[-109.316972079,38.484608186],[-109.301668337,38.484204026],[-109.296633035,38.481658319],[-109.289651447,38.481299105],[-109.276559622,38.472464189],[-109.269955814,38.474524034],[-109.258846283,38.470192043],[-109.251430522,38.463684762],[-109.247901712,38.457947513],[-109.24162729,38.455423186],[-109.238230289,38.455125448],[-109.234236497,38.462284337],[-109.237119064,38.464434693]],[[-109.378343749,38.50699644],[-109.366003005,38.503954085],[-109.359524279,38.508298509],[-109.35490637,38.507295247],[-109.350960213,38.508727455],[-109.348511465,38.506298583],[-109.342373318,38.505751961],[-109.33486894,38.502481771],[-109.33072287,38.503308943],[-109.329478277,38.496671994],[-109.325355677,38.495830299],[-109.321543088,38.497167849],[-109.315647755,38.496638994],[-109.312113935,38.499898188],[-109.307518608,38.50059073],[-109.302760974,38.505880927],[-109.293792601,38.509919528],[-109.296466489,38.512181276],[-109.295192154,38.51949811],[-109.296761736,38.52040895],[-109.309617494,38.508118926],[-109.315204592,38.506262707],[-109.321080003,38.508923508],[-109.34804154,38.511578632],[-109.354966347,38.51587753],[-109.361359075,38.513253427],[-109.372221214,38.512330115],[-109.374845244,38.513559995],[-109.378218555,38.512336338],[-109.378343749,38.50699644]],[[-107.626342691,38.366807468],[-107.627302011,38.370355827],[-107.632062959,38.372477144],[-107.633208637,38.376131037],[-107.648231122,38.383256893],[-107.651857883,38.383093124],[-107.657259011,38.385615164],[-107.662104935,38.384429117],[-107.663823014,38.386060572],[-107.676478906,38.387367235],[-107.687041322,38.382482084],[-107.699604849,38.372492353],[-107.708161405,38.37036614],[-107.717778502,38.363969074],[-107.723710388,38.364231428],[-107.750927202,38.357301787],[-107.753684989,38.358068495],[-107.760328847,38.353205684],[-107.764130912,38.352266189],[-107.771274549,38.345839587],[-107.78302772,38.343812174],[-107.781796777,38.341348296],[-107.778090832,38.339868547],[-107.773728504,38.340551638],[-107.760949317,38.344717536],[-107.724635181,38.350118455],[-107.721887586,38.352546539],[-107.70398257,38.358580956],[-107.69966544,38.35666852],[-107.697952999,38.353472595],[-107.69029343,38.352618733],[-107.68486613,38.349687803],[-107.678148064,38.344055501],[-107.673188613,38.337115404],[-107.657520976,38.3330833],[-107.647975902,38.327928552],[-107.64098539,38.333021085],[-107.636157224,38.332809154],[-107.629415356,38.341252325],[-107.626663711,38.347568546],[-107.623929102,38.348656171],[-107.626702743,38.351728865],[-107.626388759,38.35462283],[-107.623932024,38.35689227],[-107.625809845,38.362107304],[-107.624022419,38.364692391],[-107.626342691,38.366807468]],[[-108.132670863,39.380585066],[-108.136538077,39.376198794],[-108.133324317,39.373753118],[-108.132523265,39.366848337],[-108.130241914,39.366105728],[-108.129244922,39.362282599],[-108.125900338,39.360336656],[-108.128566809,39.382475813],[-108.129746927,39.383170114],[-108.132670863,39.380585066]],[[-107.72785095,39.52553603],[-107.730986143,39.52449649],[-107.734766062,39.526726802],[-107.747077537,39.527708042],[-107.747039451,39.524956156],[-107.74348247,39.522191982],[-107.741726088,39.515633003],[-107.74931203,39.512689042],[-107.750173373,39.510199914],[-107.758095365,39.503494436],[-107.758660472,39.497510614],[-107.765834621,39.490083837],[-107.775293076,39.467763634],[-107.779962282,39.463185228],[-107.780293749,39.458527865],[-107.773401032,39.438900907],[-107.779393271,39.439623754],[-107.785133563,39.437311201],[-107.788663151,39.433559027],[-107.775708898,39.428043721],[-107.77123505,39.428759615],[-107.757173687,39.433620067],[-107.744374168,39.440181322],[-107.736610574,39.450215759],[-107.73521735,39.463832368],[-107.730127846,39.475599825],[-107.734231026,39.485668322],[-107.728686574,39.488482207],[-107.72890962,39.49100476],[-107.725560003,39.494518616],[-107.73010577,39.498982133],[-107.729712472,39.501319437],[-107.72621461,39.502202513],[-107.721989321,39.507302392],[-107.712915779,39.513239139],[-107.712282469,39.515230156],[-107.712010093,39.522269039],[-107.724366812,39.526230097],[-107.72785095,39.52553603]],[[-106.974414538,39.695059748],[-106.967177324,39.694457079],[-106.965090835,39.692440246],[-106.960525484,39.696231243],[-106.953945351,39.696576492],[-106.951546906,39.70240862],[-106.947981005,39.706070277],[-106.95196024,39.705807402],[-106.961609035,39.709047937],[-106.964598433,39.706104996],[-106.969404788,39.706883743],[-106.971482237,39.705215654],[-106.974705537,39.705348026],[-106.977183726,39.698260754],[-106.974414538,39.695059748]],[[-106.775423081,39.651729818],[-106.781803501,39.651397253],[-106.785218463,39.65351217],[-106.793207286,39.65220528],[-106.802936247,39.643474213],[-106.802978514,39.641284473],[-106.7880168,39.636141756],[-106.787307552,39.634309685],[-106.779590325,39.633394231],[-106.773972214,39.642356523],[-106.775423081,39.651729818]],[[-108.933956275,39.294595865],[-108.932565001,39.29474113],[-108.935185505,39.294080183],[-108.933956275,39.294595865]],[[-110.14380794,39.04159099],[-110.14162181,39.039891149],[-110.141061409,39.032016628],[-110.13846029,39.032781213],[-110.137739752,39.03672803],[-110.133571624,39.038502095],[-110.133302525,39.041700392],[-110.129348348,39.04445622],[-110.13518864,39.049482113],[-110.141549844,39.049813146],[-110.142079892,39.051657506],[-110.143601015,39.050153029],[-110.1419767,39.045714956],[-110.146017886,39.044814737],[-110.14380794,39.04159099]],[[-109.903533348,39.546058016],[-109.899738658,39.54187445],[-109.891848433,39.543699233],[-109.889288319,39.542718342],[-109.888874686,39.539778713],[-109.878529629,39.539447316],[-109.877096152,39.535885016],[-109.867511974,39.533572677],[-109.865818219,39.530523468],[-109.866100735,39.527093937],[-109.864363085,39.526722565],[-109.862762831,39.523155596],[-109.85681241,39.524245883],[-109.856568061,39.521412141],[-109.853367457,39.523529091],[-109.84808318,39.523295369],[-109.845469769,39.52509187],[-109.836937049,39.535631108],[-109.839939921,39.540266896],[-109.839481474,39.544513786],[-109.831155729,39.553618365],[-109.825930095,39.562419414],[-109.825919301,39.569489957],[-109.82155163,39.573520707],[-109.81643822,39.583032586],[-109.813586075,39.585431715],[-109.813004079,39.588606721],[-109.808062404,39.59320685],[-109.799688064,39.595508891],[-109.799026573,39.604562228],[-109.794695797,39.614173975],[-109.792645207,39.61555453],[-109.791322039,39.623288286],[-109.7956693,39.628670293],[-109.793725719,39.632018402],[-109.797296299,39.635895008],[-109.797355018,39.639734336],[-109.803129771,39.641120446],[-109.801910944,39.64668267],[-109.798603037,39.649926511],[-109.798909522,39.657472229],[-109.782997821,39.676273732],[-109.783116382,39.679154206],[-109.780576964,39.682507726],[-109.782893684,39.686550303],[-109.786231387,39.687811226],[-109.785329496,39.690189704],[-109.794626537,39.692522238],[-109.793148202,39.698503062],[-109.797562048,39.702016092],[-109.798018822,39.708121708],[-109.806248533,39.70831769],[-109.811177383,39.703725035],[-109.815869292,39.702925209],[-109.816970262,39.69437105],[-109.824004803,39.688314697],[-109.826392537,39.683412724],[-109.824680371,39.679771722],[-109.827058219,39.669035655],[-109.829521028,39.667252597],[-109.831512991,39.661627138],[-109.835752237,39.66078464],[-109.835964864,39.649847326],[-109.841701716,39.642784945],[-109.840330823,39.638999493],[-109.850590442,39.638380174],[-109.850180898,39.63585218],[-109.853912063,39.630872636],[-109.851609441,39.621220544],[-109.853594442,39.603343432],[-109.855836199,39.602238454],[-109.858458399,39.591377862],[-109.867440235,39.585132269],[-109.870115475,39.586953855],[-109.880928471,39.574413553],[-109.885033331,39.573429477],[-109.886404215,39.567563357],[-109.891976943,39.558799434],[-109.892106729,39.554408021],[-109.904743861,39.547264834],[-109.903533348,39.546058016]],[[-109.620295793,40.099641952],[-109.612945484,40.09773647],[-109.609311974,40.099338505],[-109.599783321,40.099463518],[-109.595307229,40.096185824],[-109.591073878,40.090229294],[-109.57982962,40.093455753],[-109.569166239,40.100050237],[-109.564073877,40.10130921],[-109.557412528,40.10081163],[-109.553728739,40.098071306],[-109.550041456,40.097651701],[-109.542390155,40.10199961],[-109.527262405,40.105590386],[-109.523447928,40.10504742],[-109.518721812,40.108062161],[-109.520630824,40.111193802],[-109.520193409,40.115566838],[-109.514670503,40.11596143],[-109.510679747,40.121246267],[-109.51192498,40.123620256],[-109.510170614,40.124979259],[-109.509595663,40.129738979],[-109.501607538,40.135198978],[-109.499768269,40.138211013],[-109.494238431,40.140329615],[-109.489625057,40.145294979],[-109.485101507,40.145789566],[-109.481850037,40.148729312],[-109.482487228,40.161227673],[-109.479722498,40.164757312],[-109.480229262,40.165781547],[-109.488988761,40.164623041],[-109.499589494,40.157305136],[-109.515552786,40.154870288],[-109.530131331,40.146175377],[-109.544276769,40.14240182],[-109.552964764,40.14298867],[-109.556104312,40.143964398],[-109.555781042,40.146476278],[-109.564432043,40.14803435],[-109.572253469,40.146534876],[-109.583012397,40.141962422],[-109.584355316,40.143026695],[-109.595759925,40.140885351],[-109.601540129,40.142984015],[-109.60186355,40.145885629],[-109.599890999,40.148504021],[-109.601816968,40.152094966],[-109.612436533,40.15217535],[-109.614705196,40.149193748],[-109.625159843,40.145742202],[-109.628165838,40.137867364],[-109.62425083,40.133725988],[-109.625564387,40.130893487],[-109.621816408,40.12127352],[-109.621380756,40.11584152],[-109.61958895,40.114548566],[-109.622053758,40.112138237],[-109.621376878,40.109890168],[-109.624483947,40.106941714],[-109.620295793,40.099641952]],[[-109.658613275,39.549302678],[-109.648230701,39.557356045],[-109.642129173,39.565027047],[-109.640103402,39.572318929],[-109.638369903,39.573676722],[-109.63817479,39.582280587],[-109.635650961,39.588999402],[-109.633850186,39.591490761],[-109.629990045,39.590572343],[-109.628002604,39.596861236],[-109.624318965,39.599411981],[-109.629223626,39.602967362],[-109.635155639,39.614478935],[-109.632640299,39.616992597],[-109.632293196,39.624641116],[-109.634504029,39.626406187],[-109.633613182,39.631752926],[-109.631552893,39.632996278],[-109.632226373,39.635328264],[-109.635976456,39.636408995],[-109.637301589,39.638857592],[-109.636367051,39.645181228],[-109.640425802,39.649327031],[-109.639987895,39.658579037],[-109.64150954,39.663394033],[-109.648281392,39.671821582],[-109.652948065,39.670188478],[-109.658677539,39.670732438],[-109.662946519,39.671826447],[-109.669784537,39.677321148],[-109.676207008,39.67461932],[-109.670255897,39.666600378],[-109.667348609,39.65782743],[-109.659490663,39.64625201],[-109.65942519,39.642630766],[-109.66207549,39.638671045],[-109.661587093,39.635380495],[-109.659421901,39.633458627],[-109.65934092,39.628171768],[-109.654355644,39.623093961],[-109.654277727,39.618617238],[-109.651158659,39.612452185],[-109.65252821,39.605981226],[-109.650728618,39.603408485],[-109.652715964,39.59567467],[-109.650519463,39.593149791],[-109.653048147,39.588712229],[-109.650679389,39.587487942],[-109.651633457,39.584754352],[-109.649511269,39.582208662],[-109.651080194,39.578379481],[-109.643249705,39.575966252],[-109.644449134,39.569763497],[-109.648392758,39.563080706],[-109.653460061,39.555883288],[-109.659977202,39.551958977],[-109.66042902,39.548950843],[-109.658613275,39.549302678]],[[-109.677859446,39.75706782],[-109.676102325,39.758949363],[-109.676346085,39.762462525],[-109.67010782,39.76780306],[-109.669427779,39.775452026],[-109.666767904,39.779233018],[-109.671449522,39.784157144],[-109.666501078,39.791337078],[-109.666880658,39.793176362],[-109.669455679,39.793953792],[-109.666269031,39.797282122],[-109.665836212,39.8013017],[-109.672261727,39.808667029],[-109.672464284,39.811067845],[-109.677926159,39.813492929],[-109.681973884,39.817758528],[-109.678368262,39.82223318],[-109.677707904,39.827832308],[-109.679832315,39.831760626],[-109.683822378,39.832002247],[-109.68767116,39.838398948],[-109.693223851,39.838967555],[-109.694305326,39.842358279],[-109.699178287,39.846850063],[-109.703285833,39.846417775],[-109.721662079,39.83606728],[-109.719516387,39.829947833],[-109.722430831,39.828331436],[-109.722129452,39.825810329],[-109.726059686,39.822012788],[-109.725799621,39.818966134],[-109.727953,39.814633887],[-109.726721995,39.812432878],[-109.727234124,39.807259458],[-109.730797259,39.803061406],[-109.715850763,39.788475211],[-109.705442601,39.781673698],[-109.706132962,39.78051564],[-109.703813919,39.777980926],[-109.705056332,39.773160754],[-109.698001873,39.767975595],[-109.691248102,39.768186543],[-109.684296937,39.760151116],[-109.677859446,39.75706782]],[[-109.474226159,39.989448977],[-109.470165348,39.987543495],[-109.470842957,39.985000423],[-109.465382118,39.98390709],[-109.466718042,39.981664992],[-109.464169658,39.97736726],[-109.468413916,39.967593973],[-109.464808084,39.964861888],[-109.466085783,39.963172243],[-109.463688036,39.960157804],[-109.469552167,39.956022435],[-109.469071825,39.954411373],[-109.473579837,39.950663904],[-109.473153994,39.949341728],[-109.468794071,39.948438571],[-109.468347145,39.946485853],[-109.461784139,39.941883751],[-109.460691832,39.93953894],[-109.463121657,39.937987114],[-109.460718035,39.934365944],[-109.462229186,39.929315999],[-109.46157118,39.924598153],[-109.458609086,39.924422004],[-109.455855809,39.921202991],[-109.451224611,39.922608408],[-109.444083433,39.927068579],[-109.445395923,39.92830164],[-109.443968508,39.932014343],[-109.436491469,39.932523289],[-109.434142009,39.935810006],[-109.43812236,39.938727364],[-109.438149466,39.945780126],[-109.441014255,39.947068092],[-109.441672722,39.951393995],[-109.437905889,39.953154655],[-109.440569681,39.955533374],[-109.439854618,39.961599089],[-109.445765933,39.964478757],[-109.44608367,39.967299011],[-109.443869196,39.967470768],[-109.446561322,39.971308497],[-109.44277091,39.976309688],[-109.443329987,39.978793406],[-109.450716791,39.989072049],[-109.449285629,39.99174674],[-109.453041569,40.000363494],[-109.456983355,40.002830685],[-109.464046005,40.000643873],[-109.465266683,39.997885991],[-109.469885979,39.994771352],[-109.476461223,39.992497856],[-109.474226159,39.989448977]],[[-107.810504283,40.024496315],[-107.805406868,40.024814654],[-107.789262292,40.014895563],[-107.786613952,40.018080245],[-107.788111897,40.019890168],[-107.78379059,40.023901532],[-107.79553309,40.023102707],[-107.800031199,40.025907349],[-107.798318709,40.02861308],[-107.80926651,40.026921359],[-107.810504283,40.024496315]],[[-108.001895308,40.015934513],[-107.988634072,40.016742335],[-107.990094372,40.018794313],[-107.997034865,40.019065613],[-108.000626774,40.018728736],[-108.001895308,40.015934513]],[[-109.774820053,40.134390459],[-109.782744505,40.129206451],[-109.782170901,40.121989747],[-109.770775583,40.112518496],[-109.77447891,40.109404927],[-109.773351565,40.106064106],[-109.774880361,40.105367303],[-109.771996817,40.103995601],[-109.760866192,40.1047287],[-109.753715133,40.107517924],[-109.744276762,40.103778504],[-109.73328041,40.10535158],[-109.722873312,40.101238237],[-109.723233045,40.099600697],[-109.71478213,40.095668622],[-109.714418189,40.097699751],[-109.710202147,40.098996758],[-109.710431285,40.101015722],[-109.70825525,40.103570888],[-109.705251624,40.104740143],[-109.706016197,40.106665588],[-109.711238179,40.108114349],[-109.719941795,40.107549344],[-109.725687587,40.110912373],[-109.730668548,40.111710395],[-109.73373345,40.117039377],[-109.743148842,40.120821376],[-109.743300883,40.124468173],[-109.74854307,40.126103667],[-109.748624759,40.129109233],[-109.750496268,40.129210179],[-109.751166268,40.126460261],[-109.753513306,40.129028797],[-109.765217052,40.128173483],[-109.774820053,40.134390459]],[[-110.314017524,40.679436888],[-110.316032756,40.667850448],[-110.321633268,40.66539162],[-110.318585587,40.644189384],[-110.310564596,40.642605544],[-110.306704822,40.636731573],[-110.298543853,40.631085662],[-110.296222269,40.625961825],[-110.297292189,40.620029692],[-110.2868241,40.608515241],[-110.287142708,40.601959599],[-110.278217252,40.596241181],[-110.268955527,40.5852475],[-110.266347948,40.577247305],[-110.26220455,40.573632556],[-110.265382708,40.568854667],[-110.268763573,40.566929669],[-110.267541482,40.561671803],[-110.252993476,40.555062073],[-110.247861894,40.559946517],[-110.247897781,40.562394045],[-110.245503042,40.562068416],[-110.241604301,40.565712542],[-110.241843736,40.568645961],[-110.256224796,40.580245045],[-110.257907915,40.585201089],[-110.257141006,40.587552341],[-110.264033159,40.593903343],[-110.266573308,40.606667747],[-110.27146795,40.612487397],[-110.270871472,40.615786641],[-110.273976934,40.623115937],[-110.284149834,40.63672114],[-110.282638236,40.641768764],[-110.27566771,40.643122965],[-110.272606862,40.647970305],[-110.267244432,40.651348076],[-110.266265237,40.655211297],[-110.267703281,40.659173281],[-110.27308439,40.66073099],[-110.28218247,40.667356216],[-110.291290264,40.678315545],[-110.308013707,40.681335703],[-110.314053437,40.680736619],[-110.314017524,40.679436888]],[[-110.34473131,40.25721237],[-110.332637728,40.251484118],[-110.332724588,40.249178259],[-110.329474321,40.246515614],[-110.324121304,40.246714039],[-110.304218679,40.235717604],[-110.302885971,40.229799145],[-110.303777657,40.227229091],[-110.299203629,40.223263463],[-110.294328651,40.224117179],[-110.292390352,40.220671526],[-110.285805126,40.217506319],[-110.281773216,40.211714873],[-110.279508869,40.210786089],[-110.26789338,40.217703042],[-110.254506142,40.217426804],[-110.24608696,40.220794491],[-110.241997505,40.220157243],[-110.239507003,40.213424716],[-110.234918621,40.210680732],[-110.233739113,40.204976584],[-110.228587812,40.205729098],[-110.228618985,40.211130004],[-110.236202205,40.216531757],[-110.23820848,40.224781334],[-110.241394979,40.229987685],[-110.244555364,40.230599488],[-110.242684858,40.239207406],[-110.245187866,40.245302896],[-110.251194401,40.249343346],[-110.252419203,40.252861181],[-110.257256008,40.256236847],[-110.270401251,40.254468705],[-110.27759918,40.25602704],[-110.283993678,40.260960468],[-110.285151035,40.266264329],[-110.288505972,40.266693342],[-110.291175285,40.269931074],[-110.295074568,40.271155887],[-110.29459739,40.272975017],[-110.301038831,40.278873819],[-110.305810397,40.28061356],[-110.317278107,40.277290835],[-110.320083922,40.280756982],[-110.328858376,40.28207877],[-110.336575829,40.279301361],[-110.340062121,40.27963685],[-110.340734459,40.276589956],[-110.344183222,40.274089768],[-110.344676356,40.270366084],[-110.343135059,40.267776723],[-110.345419219,40.261930845],[-110.34473131,40.25721237]],[[-110.380782688,40.24842211],[-110.381550132,40.246617763],[-110.379658769,40.243303963],[-110.381241212,40.238369306],[-110.379168693,40.230148779],[-110.375889442,40.230388693],[-110.374566835,40.232199567],[-110.375357606,40.240575679],[-110.372803503,40.23354147],[-110.371003553,40.231265721],[-110.368669978,40.231192729],[-110.367067365,40.232461085],[-110.367758667,40.240363951],[-110.372768206,40.253292709],[-110.37355659,40.260636498],[-110.372391369,40.26586598],[-110.375391859,40.269961659],[-110.371970894,40.284473465],[-110.373329924,40.287884557],[-110.375404313,40.288786286],[-110.378781142,40.270373835],[-110.381284727,40.267407398],[-110.381000359,40.261327275],[-110.378412954,40.256466954],[-110.380782688,40.24842211]],[[-110.407281895,40.232394049],[-110.40831162,40.236879605],[-110.412980793,40.238811129],[-110.416381013,40.242362579],[-110.41696066,40.240018696],[-110.413500994,40.237240223],[-110.40968981,40.230671629],[-110.407281895,40.232394049]],[[-110.703248353,40.333532187],[-110.704321489,40.329215944],[-110.700119164,40.333469253],[-110.694319722,40.334694265],[-110.693026204,40.336422248],[-110.694841586,40.338250694],[-110.697942709,40.338224965],[-110.702391842,40.335879215],[-110.703248353,40.333532187]],[[-110.010670318,40.339628557],[-110.005587019,40.3371799],[-110.002679126,40.337911568],[-109.995466847,40.343782732],[-109.988617776,40.344867828],[-109.986561418,40.348107749],[-109.989267342,40.350464763],[-109.994734004,40.350677026],[-110.007468869,40.34693718],[-110.012839235,40.343707531],[-110.01704407,40.344241569],[-110.010670318,40.339628557]],[[-109.921136625,40.39148775],[-109.912364924,40.384365248],[-109.90952658,40.382903224],[-109.905936223,40.383611739],[-109.904340861,40.396601999],[-109.910090285,40.406777488],[-109.911688518,40.41446776],[-109.915446392,40.418325728],[-109.916718573,40.42389289],[-109.922356794,40.427720133],[-109.924426114,40.433161995],[-109.930050189,40.437727673],[-109.940994463,40.451300989],[-109.945032866,40.453796036],[-109.949096209,40.460171439],[-109.952389597,40.459431557],[-109.954619112,40.461172221],[-109.958322519,40.461240097],[-109.94797369,40.454071448],[-109.936589828,40.437700511],[-109.934664418,40.422685281],[-109.932557874,40.418388705],[-109.933738968,40.41057522],[-109.927813194,40.403297248],[-109.925528973,40.396314423],[-109.921136625,40.39148775]],[[-110.005011965,40.13051778],[-110.000387178,40.130343739],[-110.001350488,40.131589441],[-110.005011965,40.13051778]],[[-109.999562469,40.096217681],[-109.997094372,40.096840716],[-110.002210526,40.097656447],[-109.999562469,40.096217681]],[[-108.379428833,41.282500082],[-108.367645932,41.287437793],[-108.366002398,41.290933641],[-108.360081501,41.291335536],[-108.35730245,41.294628983],[-108.376817773,41.302247727],[-108.382556749,41.300608553],[-108.394774624,41.300289586],[-108.397596812,41.303323686],[-108.4018314,41.29952526],[-108.408300353,41.297561401],[-108.411574657,41.298573601],[-108.421818998,41.292042866],[-108.423017381,41.287967594],[-108.414693881,41.283376019],[-108.411259156,41.284588375],[-108.407891971,41.281238244],[-108.401912961,41.280663839],[-108.392345106,41.286394319],[-108.383050131,41.281730789],[-108.379428833,41.282500082]],[[-108.368213436,40.502426077],[-108.364854514,40.501457009],[-108.348864242,40.506581198],[-108.337091729,40.507478268],[-108.329915381,40.506400973],[-108.325436131,40.499276764],[-108.322298029,40.49973465],[-108.32085708,40.502909872],[-108.323019351,40.508892503],[-108.327264966,40.51205903],[-108.326382884,40.51398323],[-108.32746996,40.515106005],[-108.32234147,40.518755943],[-108.332052905,40.521711643],[-108.337091181,40.525286791],[-108.34426617,40.524712818],[-108.347438833,40.521790627],[-108.358558901,40.520123273],[-108.364659166,40.514101519],[-108.366382904,40.510129731],[-108.371014399,40.506693265],[-108.369667739,40.502724308],[-108.368213436,40.502426077]],[[-106.994711066,40.158140293],[-106.992533128,40.155559522],[-106.994667269,40.154521794],[-106.993659088,40.151689067],[-106.991540924,40.150482499],[-106.988569869,40.152090458],[-106.98911359,40.154267839],[-106.983077664,40.15606178],[-106.973636253,40.166605415],[-106.977799591,40.168569614],[-106.974867362,40.172215522],[-106.97536532,40.173752532],[-106.980972946,40.172433541],[-106.985510561,40.167472917],[-106.986329796,40.164238024],[-106.994711066,40.158140293]],[[-107.771265955,40.999722843],[-107.758600764,40.996234792],[-107.757604705,40.993869846],[-107.751943404,40.992192376],[-107.720502629,41.000193444],[-107.713857794,41.004981055],[-107.712731884,41.00793021],[-107.710417657,41.008269295],[-107.707526475,41.013934385],[-107.698817014,41.011774281],[-107.700942215,41.018289546],[-107.698079332,41.02033883],[-107.695173719,41.026036527],[-107.691119658,41.025730879],[-107.690452881,41.028289477],[-107.684193771,41.029002887],[-107.686638403,41.035272821],[-107.678633163,41.043807938],[-107.679657709,41.052017269],[-107.681727768,41.053739813],[-107.679282854,41.055878756],[-107.682451729,41.060305389],[-107.686943024,41.062141529],[-107.698193994,41.060025657],[-107.698081718,41.066927786],[-107.695295244,41.071495627],[-107.697318399,41.073364724],[-107.697862105,41.077471905],[-107.705668441,41.078974773],[-107.707275986,41.081289156],[-107.715935015,41.084990882],[-107.724009844,41.086030304],[-107.739234203,41.081265063],[-107.74320706,41.07546625],[-107.748036265,41.076559456],[-107.749378706,41.074340682],[-107.748762184,41.070697921],[-107.754675082,41.062553919],[-107.76163324,41.064549472],[-107.77038005,41.059440067],[-107.782501685,41.061140312],[-107.783174108,41.053352178],[-107.789467299,41.041809538],[-107.795059924,41.038007752],[-107.804599332,41.035056872],[-107.800487468,41.024816198],[-107.806107512,41.01842722],[-107.805627123,41.01649856],[-107.797867643,41.016512509],[-107.796805781,41.013865869],[-107.787946463,41.007415085],[-107.771265955,40.999722843]],[[-109.935821717,40.954511809],[-109.933929616,40.955115826],[-109.932451947,40.958865785],[-109.92301539,40.964033239],[-109.918924701,40.969224548],[-109.920515777,40.971757688],[-109.929990024,40.974957382],[-109.941301305,40.974238789],[-109.96662512,40.982238847],[-109.976236865,40.98159579],[-109.979501673,40.978391424],[-109.954251885,40.97372881],[-109.94527297,40.959613714],[-109.939679583,40.954993466],[-109.935821717,40.954511809]],[[-110.127338906,40.980179779],[-110.12927821,40.981246892],[-110.128313268,40.97898104],[-110.126878675,40.978956007],[-110.127338906,40.980179779]],[[-109.893990217,41.736801169],[-109.893978032,41.727761152],[-109.886029656,41.72697126],[-109.881465846,41.72133682],[-109.87524485,41.718868354],[-109.870021876,41.713840873],[-109.863899619,41.712071538],[-109.86177541,41.706066286],[-109.862514852,41.704349647],[-109.858348307,41.704961333],[-109.856823962,41.709176399],[-109.850488767,41.711213681],[-109.846956527,41.709226448],[-109.841905042,41.709448644],[-109.840645166,41.713686647],[-109.835304214,41.715593214],[-109.834952753,41.718942139],[-109.831373316,41.721850738],[-109.830249867,41.725075706],[-109.831984209,41.730508574],[-109.834316485,41.732112811],[-109.843289991,41.730984881],[-109.852343001,41.734208753],[-109.85341168,41.736538143],[-109.849276234,41.741664776],[-109.850691737,41.743026204],[-109.850495101,41.746234719],[-109.852043151,41.746819654],[-109.869744177,41.746134209],[-109.88240528,41.740418036],[-109.891887747,41.739370153],[-109.893990217,41.736801169]],[[-110.642006626,41.913088455],[-110.642928035,41.911607142],[-110.639784613,41.909543293],[-110.637998558,41.905347252],[-110.63271694,41.905737889],[-110.635786102,41.91061309],[-110.642006626,41.913088455]],[[-109.16274452,41.660209492],[-109.159481298,41.656796206],[-109.158787425,41.658618572],[-109.153304828,41.659934625],[-109.138772153,41.66045334],[-109.136819438,41.654112585],[-109.125847291,41.654197348],[-109.124896667,41.648574107],[-109.121369777,41.643121349],[-109.114547623,41.642071877],[-109.081216076,41.658474494],[-109.072969553,41.659357231],[-109.068963899,41.652100117],[-109.068245143,41.654855669],[-109.070702692,41.659196818],[-109.064989988,41.66390488],[-109.065089195,41.666726948],[-109.068764762,41.668347257],[-109.075650269,41.668276486],[-109.07762149,41.672652594],[-109.104607233,41.668299291],[-109.106381559,41.671594717],[-109.113420616,41.674651594],[-109.129021305,41.671382091],[-109.139195662,41.671303201],[-109.146671884,41.666736718],[-109.153343956,41.6667609],[-109.155067436,41.664628555],[-109.161992834,41.664455966],[-109.16274452,41.660209492]],[[-108.796492444,41.767880041],[-108.797393609,41.763620534],[-108.786285464,41.759048516],[-108.78378951,41.760435996],[-108.783523119,41.761857659],[-108.785945453,41.763691489],[-108.796492444,41.767880041]],[[-109.206489124,41.971836743],[-109.201719438,41.973815724],[-109.199110354,41.977465725],[-109.188141095,41.976702016],[-109.185639585,41.980248597],[-109.189658446,41.981399052],[-109.206549994,41.980369868],[-109.208381178,41.975972551],[-109.207746192,41.971710557],[-109.206489124,41.971836743]],[[-109.700690824,41.730945688],[-109.695991202,41.728455326],[-109.680841078,41.730023153],[-109.664536787,41.74273164],[-109.672215224,41.743968241],[-109.689027649,41.74136453],[-109.701345351,41.732020602],[-109.700690824,41.730945688]],[[-110.147014561,41.938759238],[-110.144808318,41.936519894],[-110.129227507,41.934936982],[-110.114778289,41.939630432],[-110.112042636,41.942009796],[-110.106069478,41.942388738],[-110.103653713,41.940060659],[-110.099171574,41.939404586],[-110.093921623,41.940920398],[-110.085507147,41.947289383],[-110.074972999,41.946426693],[-110.067806943,41.948398485],[-110.080476542,41.952941853],[-110.087012508,41.958162531],[-110.087255338,41.960174749],[-110.095739876,41.966208466],[-110.102351173,41.964000701],[-110.10811795,41.964700868],[-110.110948563,41.962783595],[-110.120485401,41.966468342],[-110.125807764,41.96464275],[-110.130222403,41.959243506],[-110.129817752,41.957305211],[-110.132690095,41.955816009],[-110.138996697,41.956022003],[-110.138976776,41.952277636],[-110.136164653,41.950972436],[-110.139032984,41.9482569],[-110.138446653,41.945766688],[-110.142264515,41.938995358],[-110.147014561,41.938759238]],[[-109.768178957,42.010204479],[-109.7492846,42.009984643],[-109.745364268,42.008720241],[-109.741923747,42.010292394],[-109.743854595,42.014378539],[-109.743063509,42.015901987],[-109.73690713,42.017089316],[-109.737658789,42.022340326],[-109.730763875,42.02676222],[-109.729442981,42.029394545],[-109.731537468,42.032904463],[-109.728090985,42.037248379],[-109.732631287,42.040809102],[-109.730151443,42.045257192],[-109.734426367,42.050144298],[-109.738054688,42.051909571],[-109.752592761,42.048914519],[-109.759508274,42.045629483],[-109.760558531,42.041745707],[-109.764778337,42.037982685],[-109.770795909,42.035442196],[-109.769558772,42.033418243],[-109.771412123,42.029361391],[-109.77855334,42.020990113],[-109.776901104,42.018623333],[-109.778323435,42.015140939],[-109.771647644,42.010387063],[-109.768178957,42.010204479]],[[-109.712641409,42.005438179],[-109.717676172,42.00109332],[-109.731400084,41.996821193],[-109.733004102,41.994866797],[-109.733141718,41.991983182],[-109.723817061,41.984081152],[-109.728384726,41.978971646],[-109.732993993,41.977829381],[-109.738065865,41.973229714],[-109.737076576,41.967946288],[-109.730467624,41.960704963],[-109.731294772,41.954658708],[-109.722286452,41.95385722],[-109.717645845,41.956653925],[-109.711729177,41.956341343],[-109.682756452,41.968726089],[-109.678580841,41.973040286],[-109.660745268,41.976286115],[-109.651397834,41.984266021],[-109.640147436,41.987200531],[-109.633905919,41.994092949],[-109.63800307,41.996912398],[-109.638107509,41.999619481],[-109.631354529,42.001884432],[-109.631232927,42.00432867],[-109.620134923,42.00566037],[-109.617177946,42.008533485],[-109.618319224,42.010593893],[-109.61422436,42.016855127],[-109.636722587,42.028774837],[-109.640002286,42.033629082],[-109.648173515,42.038097898],[-109.657592667,42.036419896],[-109.658840738,42.034808317],[-109.657078475,42.031342707],[-109.66322507,42.032172809],[-109.667440442,42.036349031],[-109.662735705,42.042067475],[-109.662685594,42.045505777],[-109.667548031,42.054065755],[-109.668156674,42.059208249],[-109.671760919,42.062752075],[-109.672593932,42.070952423],[-109.67563549,42.078462556],[-109.682449992,42.082500872],[-109.68640664,42.082870228],[-109.691710371,42.078107445],[-109.691897978,42.070570931],[-109.69016219,42.068128365],[-109.69408201,42.059961153],[-109.705146749,42.05921278],[-109.708181523,42.055907668],[-109.69776291,42.044943417],[-109.701848075,42.043020158],[-109.705852107,42.036802031],[-109.706235318,42.034207685],[-109.703397124,42.032554309],[-109.705071377,42.028075432],[-109.711598894,42.021429922],[-109.708513536,42.017918782],[-109.707459888,42.009764596],[-109.712641409,42.005438179]],[[-109.747459125,42.416653398],[-109.745378512,42.411979424],[-109.746346322,42.406688345],[-109.753496386,42.404893529],[-109.757122563,42.401154476],[-109.753412625,42.399102272],[-109.752332371,42.394115318],[-109.758786132,42.390990893],[-109.755211572,42.389034534],[-109.753291379,42.383805717],[-109.750012863,42.383173454],[-109.749077446,42.379500434],[-109.752132017,42.379357968],[-109.754747286,42.377191606],[-109.755178469,42.370353189],[-109.747013501,42.363504899],[-109.7507055,42.35828152],[-109.749416196,42.350975468],[-109.750582987,42.347940542],[-109.747142345,42.348207956],[-109.745648054,42.346340162],[-109.747432147,42.340823636],[-109.74248337,42.338772455],[-109.741936297,42.335294472],[-109.738518648,42.333099014],[-109.742368618,42.32712625],[-109.735473072,42.325963522],[-109.731576974,42.32312529],[-109.733649108,42.322068876],[-109.734874663,42.309869296],[-109.729130809,42.305221252],[-109.731121422,42.301049403],[-109.727308984,42.295523079],[-109.722386922,42.29395807],[-109.727583314,42.28948609],[-109.730738281,42.281986712],[-109.736178967,42.278125778],[-109.73966005,42.278072155],[-109.746816569,42.274253205],[-109.743282888,42.270325493],[-109.746702205,42.267018606],[-109.746258722,42.259203937],[-109.74827053,42.253609451],[-109.743278321,42.248051201],[-109.743125478,42.237850602],[-109.755156388,42.234625476],[-109.754612074,42.224658392],[-109.785011438,42.206803227],[-109.777761968,42.205302928],[-109.759343166,42.207169109],[-109.754309845,42.203986155],[-109.747418864,42.196186689],[-109.751876302,42.192188337],[-109.759089766,42.174236142],[-109.750936042,42.172572134],[-109.74041398,42.175791153],[-109.736899998,42.171419614],[-109.722578282,42.168909029],[-109.717297797,42.165241283],[-109.715078762,42.159792116],[-109.707767792,42.152711148],[-109.703516241,42.152374467],[-109.69480723,42.155693022],[-109.688924447,42.160139436],[-109.688977126,42.152471545],[-109.686845914,42.148351168],[-109.678759183,42.147940176],[-109.667558362,42.138975019],[-109.666198008,42.136158434],[-109.652323858,42.138094097],[-109.646360178,42.14352516],[-109.640304148,42.14597916],[-109.637535191,42.149746373],[-109.62776059,42.153355202],[-109.616185622,42.15226395],[-109.603908336,42.142944335],[-109.598463787,42.144426422],[-109.597409086,42.149354614],[-109.594057885,42.1509602],[-109.586314412,42.150821574],[-109.58196905,42.148571676],[-109.573792235,42.148125597],[-109.569230246,42.146224242],[-109.556990624,42.148478482],[-109.553662307,42.147572838],[-109.551744632,42.149027191],[-109.544999978,42.148188093],[-109.544809581,42.146985554],[-109.55194358,42.142398874],[-109.54594023,42.136519461],[-109.554494395,42.124434748],[-109.547784303,42.118812269],[-109.548645096,42.113208943],[-109.546024564,42.112965424],[-109.528211134,42.122518443],[-109.523229814,42.13076719],[-109.514708391,42.136640064],[-109.5021445,42.138838489],[-109.500823372,42.143306241],[-109.49365366,42.149834676],[-109.483683325,42.148945588],[-109.47006699,42.158857745],[-109.469659153,42.162427108],[-109.472802332,42.164453986],[-109.472112897,42.169126137],[-109.463445426,42.17606446],[-109.460969899,42.180992227],[-109.457134776,42.18351344],[-109.461090622,42.185888621],[-109.456257004,42.189286904],[-109.462245453,42.193803521],[-109.457747616,42.196407808],[-109.456921513,42.199522416],[-109.447582581,42.203461163],[-109.445075662,42.207680582],[-109.44335203,42.215660301],[-109.444785659,42.217951364],[-109.440622,42.222607272],[-109.44131722,42.22550366],[-109.439757869,42.228163362],[-109.441928828,42.235268729],[-109.44044986,42.238365678],[-109.447343291,42.244061441],[-109.444927653,42.247294395],[-109.445491497,42.249802381],[-109.453750874,42.255481399],[-109.46161892,42.263543525],[-109.471714398,42.266448066],[-109.474092032,42.26851022],[-109.473949429,42.27127107],[-109.490141514,42.283182567],[-109.490286268,42.290117247],[-109.494049473,42.292815432],[-109.493439615,42.296769787],[-109.495570855,42.301277669],[-109.512554698,42.311067054],[-109.516268586,42.314855213],[-109.516235738,42.318761033],[-109.519290042,42.320895845],[-109.521760442,42.326474483],[-109.524632265,42.326454814],[-109.525958394,42.328192795],[-109.525928335,42.330765498],[-109.518231235,42.335397031],[-109.523355915,42.341073302],[-109.52935904,42.344140648],[-109.529817475,42.346474757],[-109.528007404,42.348590578],[-109.535289544,42.351877205],[-109.542909245,42.360439001],[-109.550120633,42.364593303],[-109.548342627,42.367956573],[-109.549659354,42.371380137],[-109.553000586,42.371280009],[-109.554338399,42.375244541],[-109.560128761,42.373490218],[-109.567060533,42.380686838],[-109.565468616,42.384863159],[-109.568447923,42.387837631],[-109.573569786,42.39109386],[-109.582046597,42.390925937],[-109.585194487,42.393104096],[-109.587557076,42.399249064],[-109.603270707,42.40660382],[-109.615117177,42.408977049],[-109.619566588,42.407336213],[-109.625636763,42.41137081],[-109.635432323,42.413173129],[-109.639882376,42.41155056],[-109.644240474,42.411983605],[-109.646232783,42.414811307],[-109.651569096,42.415305888],[-109.657931287,42.418789449],[-109.667409001,42.412363431],[-109.673985834,42.411788382],[-109.683784882,42.414277362],[-109.689785838,42.413776358],[-109.711871754,42.41959182],[-109.728811332,42.421028477],[-109.736791624,42.418281046],[-109.746934541,42.418563974],[-109.747459125,42.416653398]],[[-109.566867576,41.995240882],[-109.585208874,41.992155416],[-109.587927997,41.989836476],[-109.586303617,41.985881821],[-109.569444457,41.974802541],[-109.570271031,41.972745542],[-109.574547834,41.970390193],[-109.564701569,41.964243475],[-109.55540959,41.965783391],[-109.550105121,41.962135976],[-109.545509511,41.962223398],[-109.53709602,41.958573625],[-109.528343961,41.957817466],[-109.526115717,41.959350917],[-109.522990379,41.957141682],[-109.521189197,41.960086164],[-109.521784185,41.962440493],[-109.50743109,41.97557727],[-109.50508702,41.977074854],[-109.490751207,41.978831573],[-109.487101885,41.982387733],[-109.477279314,41.985730842],[-109.472563255,41.991364678],[-109.472937724,41.995985734],[-109.475860535,42.001488532],[-109.481899478,42.000397219],[-109.488821601,42.003000258],[-109.495239851,41.999388955],[-109.502607702,41.997629875],[-109.504336862,41.999602584],[-109.510226014,41.999872834],[-109.51043944,42.001767973],[-109.504537086,42.005994656],[-109.504933599,42.008173211],[-109.523900572,42.004797329],[-109.529600239,42.005989461],[-109.534832737,42.010083881],[-109.538031035,42.008446974],[-109.537425977,42.006274531],[-109.539885113,42.004191643],[-109.549963927,42.001266405],[-109.554714283,41.997632094],[-109.563031749,41.997394734],[-109.566867576,41.995240882]],[[-110.12430849,42.359490344],[-110.128851028,42.360307577],[-110.133152782,42.353680785],[-110.128842031,42.353407424],[-110.130077551,42.35183281],[-110.129134423,42.348532311],[-110.118495133,42.349929481],[-110.12430849,42.359490344]],[[-109.958705271,42.566603005],[-109.957516423,42.565486165],[-109.955495687,42.566518275],[-109.951776729,42.570175374],[-109.956600995,42.569300579],[-109.958705271,42.566603005]],[[-109.85348758,42.594968564],[-109.851894444,42.595588522],[-109.85131632,42.599153627],[-109.85392244,42.600132256],[-109.856059235,42.597883623],[-109.85348758,42.594968564]],[[-109.408647194,42.83136853],[-109.396759682,42.822441172],[-109.38825026,42.824675306],[-109.385488199,42.821977454],[-109.381516418,42.823321367],[-109.377100879,42.820488837],[-109.370501855,42.824146457],[-109.368906285,42.823653087],[-109.368635836,42.820947134],[-109.363676405,42.820971842],[-109.35935066,42.817892306],[-109.350931223,42.822477689],[-109.351405302,42.824946588],[-109.344872226,42.829685866],[-109.330887169,42.828682927],[-109.330013883,42.831189635],[-109.333574975,42.840608452],[-109.339464402,42.845335268],[-109.344154058,42.846169812],[-109.35332024,42.844067288],[-109.356308039,42.840321637],[-109.359336197,42.83932254],[-109.366560269,42.843452265],[-109.375514252,42.840518303],[-109.380058818,42.841764797],[-109.386479227,42.839649423],[-109.39574528,42.840172078],[-109.399717944,42.835694326],[-109.404414243,42.836836388],[-109.404785083,42.834939035],[-109.409482338,42.832245124],[-109.408647194,42.83136853]],[[-109.785428675,42.863257426],[-109.78530686,42.860619459],[-109.787917078,42.859987061],[-109.795771772,42.851163414],[-109.797864466,42.846320614],[-109.790853131,42.8422498],[-109.786446405,42.834906671],[-109.783820369,42.833975333],[-109.782123439,42.83919543],[-109.783026686,42.845239491],[-109.779951319,42.848713032],[-109.779374446,42.864712331],[-109.777325061,42.869525795],[-109.77803957,42.873933499],[-109.780616931,42.873403357],[-109.785428675,42.863257426]],[[-109.964774954,42.94598778],[-109.969373878,42.954241383],[-109.971681554,42.954203149],[-109.967919228,42.946180925],[-109.964774954,42.94598778]],[[-109.904141119,42.979510878],[-109.905765583,42.978060426],[-109.90425763,42.975551904],[-109.901430396,42.978148914],[-109.894035418,42.980445427],[-109.904141119,42.979510878]]]]}}]}
